https://000webhost.com/forum		FALSE		聚合源标记免费；来源：大罗SEO/High DA Profile / 大罗SEO/Forums (L4)；类型：Profile link / Forums；链接：Nofollow / Dofollow；聚合源标记可即时通过；导入日期 2026-08-25；执行前复核当前规则
https://0rz.tw/		FALSE		聚合源标记免费；来源：大罗SEO/URL Shortener；类型：URL Shortener；链接：Dofollow；聚合源标记可即时通过；导入日期 2026-08-25；执行前复核当前规则
https://10015.io/product-finder/submit		FALSE		聚合源标记免费；来源：首轮明确免费提交入口 / GitHub/csv/09-general-directories.csv+md/09-general-directories.md；类型：Directory / submission；导入日期 2026-08-25；执行前复核当前规则
https://10lance.com/		FALSE		聚合源标记免费；来源：大罗SEO/Bookmarking；类型：Bookmarking；链接：Nofollow；聚合源标记可即时通过；导入日期 2026-08-25；执行前复核当前规则
https://10words.io/		FALSE		聚合源标记免费；来源：大罗SEO/Directory / Web.Cafe 海外产品发布渠道 / GitHub/csv/01-startup-directories.csv+csv/03-new-startup-directories.csv+csv/04-launch-websites.csv+csv/06-startup-launch-ways.csv+csv/07-ai-creators-directory.csv+md/01-startup-directories.md+md/03-new-startup-directories.md+md/04-launch-websites.md+md/06-startup-launch-ways.md+md/07-ai-creators-directory.md；类型：Directory / Product Launch / homepage；链接：Unknown；导入日期 2026-08-25；执行前复核当前规则
https://118000.fr/		FALSE		聚合源标记免费；来源：大罗SEO/Local (L2)；类型：Local；链接：Unknown；导入日期 2026-08-25；执行前复核当前规则
https://118712.fr/		FALSE		聚合源标记免费；来源：大罗SEO/Local (L2)；类型：Local；链接：Unknown；导入日期 2026-08-25；执行前复核当前规则
https://11880.com/		FALSE		聚合源标记免费；来源：大罗SEO/Local (L2)；类型：Local；链接：Unknown / Nofollow；聚合源标记可即时通过；导入日期 2026-08-25；执行前复核当前规则
https://1888pressrelease.com/		FALSE		聚合源标记免费；来源：大罗SEO/Press Release (L4)；类型：Press Release；链接：Unknown；导入日期 2026-08-25；执行前复核当前规则
https://1abc.org/		FALSE		聚合源标记免费；来源：大罗SEO/Directory；类型：Directory；链接：Dofollow / Unknown；聚合源标记可即时通过；导入日期 2026-08-25；执行前复核当前规则
https://1look4.com/		FALSE		聚合源标记免费；来源：大罗SEO/Bookmarking；类型：Bookmarking；链接：Dofollow；聚合源标记可即时通过；导入日期 2026-08-25；执行前复核当前规则
https://1minutesite.co.uk/		FALSE		聚合源标记免费；来源：大罗SEO/Website Builder L4；类型：Website Builder；链接：Nofollow；聚合源标记可即时通过；导入日期 2026-08-25；执行前复核当前规则
https://1two.org/		FALSE		聚合源标记免费；来源：大罗SEO/Directory；类型：Directory；链接：Unknown；导入日期 2026-08-25；执行前复核当前规则
https://24-7pressrelease.com/		FALSE		聚合源标记免费；来源：大罗SEO/Press Release (L4)；类型：Press Release；链接：Unknown；导入日期 2026-08-25；执行前复核当前规则
https://247webdirectory.com/		FALSE		聚合源标记免费；来源：大罗SEO/Directory；类型：Directory；链接：Dofollow；聚合源标记可即时通过；导入日期 2026-08-25；执行前复核当前规则
https://2findlocal.com/		FALSE		聚合源标记免费；来源：大罗SEO/Local (L2)；类型：Local；链接：Unknown；导入日期 2026-08-25；执行前复核当前规则
https://3dflow.net/		FALSE		聚合源标记免费；来源：大罗SEO/High DA Profile / 大罗SEO/Forums (L4)；类型：Profile link / Forums；链接：Dofollow；聚合源标记可即时通过；导入日期 2026-08-25；执行前复核当前规则
https://3dprintboard.com/		FALSE		聚合源标记免费；来源：大罗SEO/High DA Profile / 大罗SEO/Communities (L4)；类型：Profile link / Communities；链接：Dofollow；聚合源标记可即时通过；导入日期 2026-08-25；执行前复核当前规则
https://3dwarehouse.sketchup.com/		FALSE		聚合源标记免费；来源：大罗SEO/High DA Profile；类型：Profile link；链接：Nofollow；聚合源标记可即时通过；导入日期 2026-08-25；执行前复核当前规则
https://40billion.com/		FALSE		聚合源标记免费；来源：大罗SEO/High DA Profile / 大罗SEO/Social DALUOSEO.COM；类型：Profile link / Dofollow；链接：Dofollow / Y；聚合源标记可即时通过；导入日期 2026-08-25；执行前复核当前规则
https://43marks.com/		FALSE		聚合源标记免费；来源：大罗SEO/Bookmarking；类型：Bookmarking；链接：Nofollow；聚合源标记可即时通过；导入日期 2026-08-25；执行前复核当前规则
https://4chan.org/		FALSE		聚合源标记免费；来源：大罗SEO/Forums (L4)；类型：Forums；链接：Unknown；导入日期 2026-08-25；执行前复核当前规则
https://4mark.net/		FALSE		聚合源标记免费；来源：大罗SEO/Bookmarking；类型：Bookmarking；链接：Dofollow；聚合源标记可即时通过；导入日期 2026-08-25；执行前复核当前规则
https://4shared.com/		FALSE		聚合源标记免费；来源：大罗SEO/High DA Profile / 大罗SEO/File Upload (L4)；类型：Profile link / File Upload；链接：Nofollow；聚合源标记可即时通过；导入日期 2026-08-25；执行前复核当前规则
https://50042.dynamicboard.de/		FALSE		聚合源标记免费；来源：大罗SEO/High DA Profile；类型：Profile link；链接：Dofollow；聚合源标记可即时通过；导入日期 2026-08-25；执行前复核当前规则
https://500px.com/		FALSE		聚合源标记免费；来源：大罗SEO/High DA Profile；类型：Profile link；链接：Dofollow；聚合源标记可即时通过；导入日期 2026-08-25；执行前复核当前规则
https://5x4.co.uk/		FALSE		聚合源标记免费；来源：大罗SEO/High DA Profile / 大罗SEO/Forums (L4)；类型：Profile link / Forums；链接：Dofollow；聚合源标记可即时通过；导入日期 2026-08-25；执行前复核当前规则
https://7wdata.be/		FALSE		聚合源标记免费；来源：大罗SEO/High DA Profile；类型：Profile link；链接：Dofollow；聚合源标记可即时通过；导入日期 2026-08-25；执行前复核当前规则
https://8notes.com/f		FALSE		聚合源标记免费；来源：大罗SEO/High DA Profile / 大罗SEO/Forums (L4)；类型：Profile link / Forums；链接：Nofollow；聚合源标记可即时通过；导入日期 2026-08-25；执行前复核当前规则
https://8tracks.com/		FALSE		聚合源标记免费；来源：大罗SEO/High DA Profile；类型：Profile link；链接：Nofollow；聚合源标记可即时通过；导入日期 2026-08-25；执行前复核当前规则
https://99bookmarking.com/		FALSE		聚合源标记免费；来源：大罗SEO/Bookmarking；类型：Bookmarking；链接：Dofollow；聚合源标记可即时通过；导入日期 2026-08-25；执行前复核当前规则
https://99firms.com/		FALSE		聚合源标记免费；来源：大罗SEO/Directory；类型：Directory；链接：Unknown；导入日期 2026-08-25；执行前复核当前规则
https://a-ads.com/		FALSE		聚合源标记免费；来源：大罗SEO/High DA Profile；类型：Profile link；链接：Nofollow；聚合源标记可即时通过；导入日期 2026-08-25；执行前复核当前规则
https://a-zbusinessfinder.com/		FALSE		聚合源标记免费；来源：大罗SEO/Directory；类型：Directory；链接：Dofollow；聚合源标记可即时通过；导入日期 2026-08-25；执行前复核当前规则
https://a1bookmarks.com/		FALSE		聚合源标记免费；来源：大罗SEO/Bookmarking；类型：Bookmarking；链接：Dofollow；聚合源标记可即时通过；导入日期 2026-08-25；执行前复核当前规则
https://a2zbookmarking.com/		FALSE		聚合源标记免费；来源：大罗SEO/Bookmarking；类型：Bookmarking；链接：Dofollow；聚合源标记可即时通过；导入日期 2026-08-25；执行前复核当前规则
https://a2zsocialnews.com/		FALSE		聚合源标记免费；来源：大罗SEO/Bookmarking；类型：Bookmarking；链接：Dofollow；聚合源标记可即时通过；导入日期 2026-08-25；执行前复核当前规则
https://aacc21stcenturycenter.org/		FALSE		聚合源标记免费；来源：大罗SEO/High DA Profile；类型：Profile link；链接：Nofollow；聚合源标记可即时通过；导入日期 2026-08-25；执行前复核当前规则
https://aajkaltrend.com/		FALSE		聚合源标记免费；来源：大罗SEO/Bookmarking；类型：Bookmarking；链接：Dofollow；聚合源标记可即时通过；导入日期 2026-08-25；执行前复核当前规则
https://aajkaltrends.club/		FALSE		聚合源标记免费；来源：大罗SEO/Bookmarking；类型：Bookmarking；链接：Dofollow；聚合源标记可即时通过；导入日期 2026-08-25；执行前复核当前规则
https://abetterindustrial.com/		FALSE		聚合源标记免费；来源：大罗SEO/High DA Profile / 大罗SEO/Job Boards (L4)；类型：Profile link / Job Boards；链接：Dofollow；聚合源标记可即时通过；导入日期 2026-08-25；执行前复核当前规则
https://able2know.org/		FALSE		聚合源标记免费；来源：大罗SEO/High DA Profile / 大罗SEO/Forums (L4)；类型：Profile link / Forums；链接：Nofollow / Dofollow；聚合源标记可即时通过；导入日期 2026-08-25；执行前复核当前规则
https://aboogy.com/		FALSE		聚合源标记免费；来源：大罗SEO/Bookmarking；类型：Bookmarking；链接：Nofollow；聚合源标记可即时通过；导入日期 2026-08-25；执行前复核当前规则
https://abookmarking.com/		FALSE		聚合源标记免费；来源：大罗SEO/Bookmarking；类型：Bookmarking；链接：Dofollow；聚合源标记可即时通过；导入日期 2026-08-25；执行前复核当前规则
https://about.me/		FALSE		聚合源标记免费；来源：大罗SEO/High DA Profile / 大罗SEO/Social DALUOSEO.COM；类型：Profile link / Nofollow；链接：Nofollow / Y；聚合源标记可即时通过；导入日期 2026-08-25；执行前复核当前规则
https://about.postscapes.com/tools		FALSE		聚合源标记免费；来源：Web.Cafe 海外产品发布渠道；类型：Product Launch；导入日期 2026-08-25；执行前复核当前规则
https://aboutus.com/		FALSE		聚合源标记免费；来源：大罗SEO/Directory；类型：Directory；链接：Unknown；导入日期 2026-08-25；执行前复核当前规则
https://aboutyoublog.com/		FALSE		聚合源标记免费；来源：大罗SEO/Website Builder L4；类型：Website Builder；链接：Dofollow；聚合源标记可即时通过；导入日期 2026-08-25；执行前复核当前规则
https://academia.edu/		FALSE		聚合源标记免费；来源：大罗SEO/High DA Profile；类型：Profile link；链接：Nofollow；聚合源标记可即时通过；导入日期 2026-08-25；执行前复核当前规则
https://acewebdirectory.com/		FALSE		聚合源标记免费；来源：大罗SEO/Directory；类型：Directory；链接：Unknown；导入日期 2026-08-25；执行前复核当前规则
https://acidblog.net/		FALSE		聚合源标记免费；来源：大罗SEO/Website Builder L4；类型：Website Builder；链接：Dofollow；聚合源标记可即时通过；导入日期 2026-08-25；执行前复核当前规则
https://acklists.com/		FALSE		聚合源标记免费；来源：大罗SEO/High DA Profile / 大罗SEO/Classified Ads (L4)；类型：Profile link / Classified Ads；链接：Dofollow；聚合源标记可即时通过；导入日期 2026-08-25；执行前复核当前规则
https://acompio.it/		FALSE		聚合源标记免费；来源：大罗SEO/Directory；类型：Directory；链接：Unknown；导入日期 2026-08-25；执行前复核当前规则
https://acorndomains.co.uk/		FALSE		聚合源标记免费；来源：大罗SEO/High DA Profile / 大罗SEO/Forums (L4)；类型：Profile link / Forums；链接：Nofollow；聚合源标记可即时通过；导入日期 2026-08-25；执行前复核当前规则
https://acousticguitarforum.com/forums/index.php		FALSE		聚合源标记免费；来源：大罗SEO/High DA Profile / 大罗SEO/Forums (L4)；类型：Profile link / Forums；链接：Dofollow；聚合源标记可即时通过；导入日期 2026-08-25；执行前复核当前规则
https://acousticsoundboard.co.uk/		FALSE		聚合源标记免费；来源：大罗SEO/High DA Profile / 大罗SEO/Forums (L4)；类型：Profile link / Forums；链接：Dofollow；聚合源标记可即时通过；导入日期 2026-08-25；执行前复核当前规则
https://activablog.com/		FALSE		聚合源标记免费；来源：大罗SEO/Website Builder L4；类型：Website Builder；链接：Dofollow；聚合源标记可即时通过；导入日期 2026-08-25；执行前复核当前规则
https://activebookmarks.com/		FALSE		聚合源标记免费；来源：大罗SEO/Bookmarking；类型：Bookmarking；链接：Dofollow；聚合源标记可即时通过；导入日期 2026-08-25；执行前复核当前规则
https://activerain.com/		FALSE		聚合源标记免费；来源：大罗SEO/High DA Profile；类型：Profile link；链接：Nofollow；聚合源标记可即时通过；导入日期 2026-08-25；执行前复核当前规则
https://activesearchresults.com/		FALSE		聚合源标记免费；来源：大罗SEO/Search Engine；类型：Search Engine；链接：Unknown；导入日期 2026-08-25；执行前复核当前规则
https://activewin.com/		FALSE		聚合源标记免费；来源：大罗SEO/High DA Profile；类型：Profile link；链接：Dofollow；聚合源标记可即时通过；导入日期 2026-08-25；执行前复核当前规则
https://activosblog.com/		FALSE		聚合源标记免费；来源：大罗SEO/Website Builder L4；类型：Website Builder；链接：Dofollow；聚合源标记可即时通过；导入日期 2026-08-25；执行前复核当前规则
https://actoblog.com/		FALSE		聚合源标记免费；来源：大罗SEO/Website Builder L4；类型：Website Builder；链接：Dofollow；聚合源标记可即时通过；导入日期 2026-08-25；执行前复核当前规则
https://addbusinessnow.com/		FALSE		聚合源标记免费；来源：大罗SEO/Bookmarking；类型：Bookmarking；链接：Dofollow；聚合源标记可即时通过；导入日期 2026-08-25；执行前复核当前规则
https://addons.mozilla.org/		FALSE		聚合源标记免费；来源：大罗SEO/High DA Profile；类型：Profile link；链接：Unknown；导入日期 2026-08-25；执行前复核当前规则
https://addthismark.gq/		FALSE		聚合源标记免费；来源：大罗SEO/Bookmarking；类型：Bookmarking；链接：Nofollow；聚合源标记可即时通过；导入日期 2026-08-25；执行前复核当前规则
https://addwish.com/		FALSE		聚合源标记免费；来源：大罗SEO/High DA Profile；类型：Profile link；链接：Dofollow；聚合源标记可即时通过；导入日期 2026-08-25；执行前复核当前规则
https://adfreeposting.com/		FALSE		聚合源标记免费；来源：大罗SEO/Classified Ads (L4)；类型：Classified Ads；链接：Nofollow；聚合源标记可即时通过；导入日期 2026-08-25；执行前复核当前规则
https://adlandpro.com/		FALSE		聚合源标记免费；来源：大罗SEO/Classified Ads (L4)；类型：Classified Ads；链接：Dofollow；聚合源标记可即时通过；导入日期 2026-08-25；执行前复核当前规则
https://admin-talk.com/		FALSE		聚合源标记免费；来源：大罗SEO/High DA Profile / 大罗SEO/Forums (L4)；类型：Profile link / Forums；链接：Dofollow；聚合源标记可即时通过；导入日期 2026-08-25；执行前复核当前规则
https://adsansar.com/		FALSE		聚合源标记免费；来源：大罗SEO/Classified Ads (L4)；类型：Classified Ads；链接：Nofollow；聚合源标记可即时通过；导入日期 2026-08-25；执行前复核当前规则
https://advanced-innovation.io/		FALSE		聚合源标记免费；来源：GitHub/csv/09-general-directories.csv+md/09-general-directories.md；类型：homepage；导入日期 2026-08-25；执行前复核当前规则
https://advanced-innovation.io/ki-tool-einreichen		FALSE		聚合源标记免费；来源：GitHub/csv/09-general-directories.csv+md/09-general-directories.md；类型：submission；导入日期 2026-08-25；执行前复核当前规则
https://adventuregamers.com/forums		FALSE		聚合源标记免费；来源：大罗SEO/High DA Profile / 大罗SEO/Forums (L4)；类型：Profile link / Forums；链接：Dofollow；聚合源标记可即时通过；导入日期 2026-08-25；执行前复核当前规则
https://advices.sblinks.net/		FALSE		聚合源标记免费；来源：大罗SEO/Bookmarking；类型：Bookmarking；链接：Dofollow；聚合源标记可即时通过；导入日期 2026-08-25；执行前复核当前规则
https://aeriagames.com/		FALSE		聚合源标记免费；来源：大罗SEO/High DA Profile；类型：Profile link；链接：Nofollow；聚合源标记可即时通过；导入日期 2026-08-25；执行前复核当前规则
https://affiliatblogger.com/		FALSE		聚合源标记免费；来源：大罗SEO/Website Builder L4；类型：Website Builder；链接：Dofollow；聚合源标记可即时通过；导入日期 2026-08-25；执行前复核当前规则
https://affiliatefix.com/		FALSE		聚合源标记免费；来源：大罗SEO/High DA Profile / 大罗SEO/Forums (L4)；类型：Profile link / Forums；链接：Nofollow；聚合源标记可即时通过；导入日期 2026-08-25；执行前复核当前规则
https://affilorama.com/		FALSE		聚合源标记免费；来源：大罗SEO/High DA Profile；类型：Profile link；链接：Nofollow；聚合源标记可即时通过；导入日期 2026-08-25；执行前复核当前规则
https://affordhunt.com/		FALSE		聚合源标记免费；来源：GitHub/csv/01-startup-directories.csv+csv/02-ai-tools-directory.csv+csv/04-launch-websites.csv+csv/09-general-directories.csv+md/01-startup-directories.md+md/02-ai-tools-directory.md+md/04-launch-websites.md+md/09-general-directories.md；类型：homepage；导入日期 2026-08-25；执行前复核当前规则
https://affordhunt.com/onesubmitai		FALSE		聚合源标记免费；来源：GitHub/csv/04-launch-websites.csv+md/04-launch-websites.md；类型：submission；导入日期 2026-08-25；执行前复核当前规则
https://affordhunt.com/submit		FALSE		聚合源标记免费；来源：GitHub/csv/09-general-directories.csv+md/09-general-directories.md；类型：submission；导入日期 2026-08-25；执行前复核当前规则
https://agedcareguide.com.au/		FALSE		聚合源标记免费；来源：大罗SEO/Local (L2)；类型：Local；链接：Unknown；导入日期 2026-08-25；执行前复核当前规则
https://agreatertown.com/		FALSE		聚合源标记免费；来源：大罗SEO/High DA Profile；类型：Profile link；链接：Nofollow；聚合源标记可即时通过；导入日期 2026-08-25；执行前复核当前规则
https://ai-finder.net/		FALSE		聚合源标记免费；来源：GitHub/csv/04-launch-websites.csv+md/04-launch-websites.md；类型：homepage；导入日期 2026-08-25；执行前复核当前规则
https://ai-finder.net/add		FALSE		聚合源标记免费；来源：GitHub/csv/04-launch-websites.csv+md/04-launch-websites.md；类型：submission；导入日期 2026-08-25；执行前复核当前规则
https://ai-hunter.io/		FALSE		聚合源标记免费；来源：Notion 100+ DIR/FREE / GitHub/csv/02-ai-tools-directory.csv+csv/04-launch-websites.csv+csv/09-general-directories.csv+md/02-ai-tools-directory.md+md/04-launch-websites.md+md/09-general-directories.md；类型：Product Launch / homepage；导入日期 2026-08-25；执行前复核当前规则
https://ai-hunter.io/submit-a-tool		FALSE		聚合源标记免费；来源：GitHub/csv/04-launch-websites.csv+csv/05-backlinks.csv+md/04-launch-websites.md+md/05-backlinks.md；类型：submission；导入日期 2026-08-25；执行前复核当前规则
https://ai-hunter.io/submit-ai-tool		FALSE		聚合源标记免费；来源：Notion 100+ DIR/FREE / 首轮明确免费提交入口 / GitHub/csv/09-general-directories.csv+md/09-general-directories.md；类型：Product Launch / Directory / submission；导入日期 2026-08-25；执行前复核当前规则
https://ai6.net/		FALSE		聚合源标记免费；来源：大罗SEO/URL Shortener；类型：URL Shortener；链接：Dofollow；聚合源标记可即时通过；导入日期 2026-08-25；执行前复核当前规则
https://aidepot.co/add		FALSE		聚合源标记免费；来源：GitHub/csv/04-launch-websites.csv+csv/05-backlinks.csv+md/04-launch-websites.md+md/05-backlinks.md；类型：submission；导入日期 2026-08-25；执行前复核当前规则
https://aidirectory.org/		FALSE		聚合源标记免费；来源：GitHub/csv/04-launch-websites.csv+md/04-launch-websites.md；类型：homepage；导入日期 2026-08-25；执行前复核当前规则
https://aidirectory.org/user-submit		FALSE		聚合源标记免费；来源：Notion 100+ DIR/FREE / 首轮明确免费提交入口 / GitHub/csv/04-launch-websites.csv+csv/09-general-directories.csv+md/04-launch-websites.md+md/09-general-directories.md；类型：Product Launch / Directory / submission；导入日期 2026-08-25；执行前复核当前规则
https://aifindy.com/		FALSE		聚合源标记免费；来源：GitHub/csv/02-ai-tools-directory.csv+md/02-ai-tools-directory.md；类型：homepage；导入日期 2026-08-25；执行前复核当前规则
https://aigclist.com/		FALSE		聚合源标记免费；来源：GitHub/csv/04-launch-websites.csv+md/04-launch-websites.md；类型：homepage；导入日期 2026-08-25；执行前复核当前规则
https://aigclist.com/submit-ai-tools-free		FALSE		聚合源标记免费；来源：GitHub/csv/04-launch-websites.csv+md/04-launch-websites.md；类型：submission；导入日期 2026-08-25；执行前复核当前规则
https://aigems.net/		FALSE		聚合源标记免费；来源：GitHub/csv/07-ai-creators-directory.csv+md/07-ai-creators-directory.md；类型：homepage；导入日期 2026-08-25；执行前复核当前规则
https://aigems.net/submit		FALSE		聚合源标记免费；来源：GitHub/csv/07-ai-creators-directory.csv+md/07-ai-creators-directory.md；类型：submission；导入日期 2026-08-25；执行前复核当前规则
https://aihabr.com/		FALSE		聚合源标记免费；来源：GitHub/csv/07-ai-creators-directory.csv+md/07-ai-creators-directory.md；类型：homepage；导入日期 2026-08-25；执行前复核当前规则
https://aihabr.com/en/submit		FALSE		聚合源标记免费；来源：GitHub/csv/07-ai-creators-directory.csv+md/07-ai-creators-directory.md；类型：submission；导入日期 2026-08-25；执行前复核当前规则
https://aihunt.app/		FALSE		聚合源标记免费；来源：GitHub/csv/04-launch-websites.csv+md/04-launch-websites.md；类型：homepage；导入日期 2026-08-25；执行前复核当前规则
https://aihunt.app/users/sign_up		FALSE		聚合源标记免费；来源：GitHub/csv/04-launch-websites.csv+md/04-launch-websites.md；类型：submission；导入日期 2026-08-25；执行前复核当前规则
https://aiinfinity-meetpatel.notion.site/AI-Infinity-AI-Tools-Directory-0da673c487124ea2b6f8ebe59b75a231		FALSE		聚合源标记免费；来源：GitHub/csv/04-launch-websites.csv+csv/07-ai-creators-directory.csv+md/04-launch-websites.md+md/07-ai-creators-directory.md；类型：homepage；导入日期 2026-08-25；执行前复核当前规则
https://ailib.ru/en		FALSE		聚合源标记免费；来源：GitHub/csv/07-ai-creators-directory.csv+md/07-ai-creators-directory.md；类型：homepage；导入日期 2026-08-25；执行前复核当前规则
https://ailib.ru/en/add-ai		FALSE		聚合源标记免费；来源：GitHub/csv/04-launch-websites.csv+csv/07-ai-creators-directory.csv+md/04-launch-websites.md+md/07-ai-creators-directory.md；类型：submission；导入日期 2026-08-25；执行前复核当前规则
https://ailibri.com/		FALSE		聚合源标记免费；来源：GitHub/csv/02-ai-tools-directory.csv+md/02-ai-tools-directory.md；类型：homepage；导入日期 2026-08-25；执行前复核当前规则
https://aima.net.au/search		FALSE		聚合源标记免费；来源：大罗SEO/Local (L2)；类型：Local；链接：Unknown；导入日期 2026-08-25；执行前复核当前规则
https://aimaker.dev/directory		FALSE		聚合源标记免费；来源：Web.Cafe 海外产品发布渠道；类型：Product Launch；导入日期 2026-08-25；执行前复核当前规则
https://aimarketing.directory/		FALSE		聚合源标记免费；来源：GitHub/csv/04-launch-websites.csv+csv/09-general-directories.csv+md/04-launch-websites.md+md/09-general-directories.md；类型：homepage；导入日期 2026-08-25；执行前复核当前规则
https://aimarketing.directory/submit		FALSE		聚合源标记免费；来源：首轮明确免费提交入口 / GitHub/csv/04-launch-websites.csv+csv/05-backlinks.csv+csv/09-general-directories.csv+md/04-launch-websites.md+md/05-backlinks.md+md/09-general-directories.md；类型：Directory / submission；导入日期 2026-08-25；执行前复核当前规则
https://aimojo.io/submit		FALSE		聚合源标记免费；来源：首轮明确免费提交入口 / GitHub/csv/09-general-directories.csv+md/09-general-directories.md；类型：Directory / submission；导入日期 2026-08-25；执行前复核当前规则
https://aioblogs.com/		FALSE		聚合源标记免费；来源：大罗SEO/Website Builder L4；类型：Website Builder；链接：Dofollow；聚合源标记可即时通过；导入日期 2026-08-25；执行前复核当前规则
https://aioftheday.com/		FALSE		聚合源标记免费；来源：GitHub/csv/04-launch-websites.csv+csv/05-backlinks.csv+csv/07-ai-creators-directory.csv+md/04-launch-websites.md+md/05-backlinks.md+md/07-ai-creators-directory.md；类型：homepage；导入日期 2026-08-25；执行前复核当前规则
https://aioftheday.com/submit-a-tool		FALSE		聚合源标记免费；来源：GitHub/csv/04-launch-websites.csv+md/04-launch-websites.md；类型：submission；导入日期 2026-08-25；执行前复核当前规则
https://airadar.getinference.com/		FALSE		聚合源标记免费；来源：GitHub/csv/04-launch-websites.csv+csv/07-ai-creators-directory.csv+csv/09-general-directories.csv+md/04-launch-websites.md+md/07-ai-creators-directory.md+md/09-general-directories.md；类型：submission；导入日期 2026-08-25；执行前复核当前规则
https://airegisters.com/		FALSE		聚合源标记免费；来源：GitHub/csv/03-new-startup-directories.csv+csv/04-launch-websites.csv+md/03-new-startup-directories.md+md/04-launch-websites.md；类型：homepage；导入日期 2026-08-25；执行前复核当前规则
https://airegisters.com/submit-listing/details		FALSE		聚合源标记免费；来源：GitHub/csv/04-launch-websites.csv+md/04-launch-websites.md；类型：submission；导入日期 2026-08-25；执行前复核当前规则
https://airliners.net/forum		FALSE		聚合源标记免费；来源：大罗SEO/High DA Profile / 大罗SEO/Forums (L4)；类型：Profile link / Forums；链接：Dofollow；聚合源标记可即时通过；导入日期 2026-08-25；执行前复核当前规则
https://airplane-pictures.net/		FALSE		聚合源标记免费；来源：大罗SEO/High DA Profile / 大罗SEO/Forums (L4)；类型：Profile link / Forums；链接：Dofollow；聚合源标记可即时通过；导入日期 2026-08-25；执行前复核当前规则
https://aispotter.io/		FALSE		聚合源标记免费；来源：GitHub/csv/04-launch-websites.csv+md/04-launch-websites.md；类型：homepage；导入日期 2026-08-25；执行前复核当前规则
https://aitach.com/		FALSE		聚合源标记免费；来源：GitHub/csv/07-ai-creators-directory.csv+md/07-ai-creators-directory.md；类型：homepage；导入日期 2026-08-25；执行前复核当前规则
https://aitach.com/submit-a-tool		FALSE		聚合源标记免费；来源：GitHub/csv/07-ai-creators-directory.csv+md/07-ai-creators-directory.md；类型：submission；导入日期 2026-08-25；执行前复核当前规则
https://aitogrow.com/		FALSE		聚合源标记免费；来源：GitHub/csv/04-launch-websites.csv+csv/05-backlinks.csv+csv/09-general-directories.csv+md/04-launch-websites.md+md/05-backlinks.md+md/09-general-directories.md；类型：submission；导入日期 2026-08-25；执行前复核当前规则
https://aitoolguru.com/		FALSE		聚合源标记免费；来源：GitHub/csv/04-launch-websites.csv+csv/05-backlinks.csv+csv/07-ai-creators-directory.csv+csv/09-general-directories.csv+md/04-launch-websites.md+md/05-backlinks.md+md/07-ai-creators-directory.md+md/09-general-directories.md；类型：homepage；导入日期 2026-08-25；执行前复核当前规则
https://aitoolguru.com/submit-ai-tool		FALSE		聚合源标记免费；来源：首轮明确免费提交入口 / GitHub/csv/04-launch-websites.csv+csv/07-ai-creators-directory.csv+csv/09-general-directories.csv+md/04-launch-websites.md+md/07-ai-creators-directory.md+md/09-general-directories.md；类型：Directory / submission；导入日期 2026-08-25；执行前复核当前规则
https://aitoolkit.org/		FALSE		聚合源标记免费；来源：GitHub/csv/03-new-startup-directories.csv+csv/04-launch-websites.csv+md/03-new-startup-directories.md+md/04-launch-websites.md；类型：homepage；导入日期 2026-08-25；执行前复核当前规则
https://aitoolkit.org/submit		FALSE		聚合源标记免费；来源：GitHub/csv/04-launch-websites.csv+csv/05-backlinks.csv+md/04-launch-websites.md+md/05-backlinks.md；类型：submission；导入日期 2026-08-25；执行前复核当前规则
https://aitoolmall.com/		FALSE		聚合源标记免费；来源：GitHub/csv/02-ai-tools-directory.csv+csv/04-launch-websites.csv+csv/07-ai-creators-directory.csv+md/02-ai-tools-directory.md+md/04-launch-websites.md+md/07-ai-creators-directory.md；类型：homepage；导入日期 2026-08-25；执行前复核当前规则
https://aitoolmall.com/submit		FALSE		聚合源标记免费；来源：GitHub/csv/04-launch-websites.csv+csv/07-ai-creators-directory.csv+md/04-launch-websites.md+md/07-ai-creators-directory.md；类型：submission；导入日期 2026-08-25；执行前复核当前规则
https://aitoolnet.com/		FALSE		聚合源标记免费；来源：Notion 100+ DIR/FREE / GitHub/csv/02-ai-tools-directory.csv+csv/04-launch-websites.csv+csv/05-backlinks.csv+csv/07-ai-creators-directory.csv+csv/09-general-directories.csv+md/02-ai-tools-directory.md+md/04-launch-websites.md+md/05-backlinks.md+md/07-ai-creators-directory.md+md/09-general-directories.md；类型：Product Launch / homepage；导入日期 2026-08-25；执行前复核当前规则
https://aitoolnet.com/submit		FALSE		聚合源标记免费；来源：Notion 100+ DIR/FREE / 首轮明确免费提交入口 / GitHub/csv/04-launch-websites.csv+csv/07-ai-creators-directory.csv+csv/09-general-directories.csv+md/04-launch-websites.md+md/07-ai-creators-directory.md+md/09-general-directories.md；类型：Product Launch / Directory / submission；导入日期 2026-08-25；执行前复核当前规则
https://aitools.directory/		FALSE		聚合源标记免费；来源：GitHub/csv/04-launch-websites.csv+md/04-launch-websites.md；类型：homepage；导入日期 2026-08-25；执行前复核当前规则
https://aitools.directory/contact		FALSE		聚合源标记免费；来源：GitHub/csv/04-launch-websites.csv+md/04-launch-websites.md；类型：submission；导入日期 2026-08-25；执行前复核当前规则
https://aitools.inc/submit		FALSE		聚合源标记免费；来源：GitHub/csv/09-general-directories.csv+md/09-general-directories.md；类型：submission；导入日期 2026-08-25；执行前复核当前规则
https://aitools.neilpatel.com/		FALSE		聚合源标记免费；来源：GitHub/csv/02-ai-tools-directory.csv+md/02-ai-tools-directory.md；类型：homepage；导入日期 2026-08-25；执行前复核当前规则
https://aitools.neilpatel.com/submit		FALSE		聚合源标记免费；来源：GitHub/csv/09-general-directories.csv+md/09-general-directories.md；类型：submission；导入日期 2026-08-25；执行前复核当前规则
https://aitoolsarena.com/		FALSE		聚合源标记免费；来源：Notion 100+ DIR/FREE / GitHub/csv/09-general-directories.csv+md/09-general-directories.md；类型：Product Launch / submission；导入日期 2026-08-25；执行前复核当前规则
https://aitoolsdirectory.com/		FALSE		聚合源标记免费；来源：Notion 100+ DIR/FREE / GitHub/csv/02-ai-tools-directory.csv+csv/04-launch-websites.csv+csv/07-ai-creators-directory.csv+csv/09-general-directories.csv+md/02-ai-tools-directory.md+md/04-launch-websites.md+md/07-ai-creators-directory.md+md/09-general-directories.md；类型：Product Launch / homepage；导入日期 2026-08-25；执行前复核当前规则
https://aitoolsdirectory.com/submit-tool		FALSE		聚合源标记免费；来源：Notion 100+ DIR/FREE / 首轮明确免费提交入口 / GitHub/csv/04-launch-websites.csv+csv/07-ai-creators-directory.csv+csv/09-general-directories.csv+md/04-launch-websites.md+md/07-ai-creators-directory.md+md/09-general-directories.md；类型：Product Launch / Directory / submission；导入日期 2026-08-25；执行前复核当前规则
https://aitoolsguide.com/		FALSE		聚合源标记免费；来源：GitHub/csv/04-launch-websites.csv+md/04-launch-websites.md；类型：homepage；导入日期 2026-08-25；执行前复核当前规则
https://aitoolsguide.com/contact		FALSE		聚合源标记免费；来源：GitHub/csv/04-launch-websites.csv+csv/05-backlinks.csv+md/04-launch-websites.md+md/05-backlinks.md；类型：submission；导入日期 2026-08-25；执行前复核当前规则
https://aitoolslist.io/		FALSE		聚合源标记免费；来源：GitHub/csv/02-ai-tools-directory.csv+md/02-ai-tools-directory.md；类型：homepage；导入日期 2026-08-25；执行前复核当前规则
https://aitoolsmasters.com/		FALSE		聚合源标记免费；来源：GitHub/csv/02-ai-tools-directory.csv+md/02-ai-tools-directory.md；类型：homepage；导入日期 2026-08-25；执行前复核当前规则
https://aitoolsup.com/		FALSE		聚合源标记免费；来源：Notion 100+ DIR/FREE / GitHub/csv/02-ai-tools-directory.csv+csv/04-launch-websites.csv+csv/09-general-directories.csv+md/02-ai-tools-directory.md+md/04-launch-websites.md+md/09-general-directories.md；类型：Product Launch / homepage；导入日期 2026-08-25；执行前复核当前规则
https://aitoolsup.com/submit-tool		FALSE		聚合源标记免费；来源：Notion 100+ DIR/FREE / 首轮明确免费提交入口 / GitHub/csv/04-launch-websites.csv+csv/09-general-directories.csv+md/04-launch-websites.md+md/09-general-directories.md；类型：Product Launch / Directory / submission；导入日期 2026-08-25；执行前复核当前规则
https://aitoprank.com/		FALSE		聚合源标记免费；来源：Notion 100+ DIR/FREE / GitHub/csv/04-launch-websites.csv+csv/05-backlinks.csv+csv/09-general-directories.csv+md/04-launch-websites.md+md/05-backlinks.md+md/09-general-directories.md；类型：Product Launch / submission；导入日期 2026-08-25；执行前复核当前规则
https://aitoprank.com/pricing		FALSE		聚合源标记免费；来源：GitHub/csv/04-launch-websites.csv+md/04-launch-websites.md；类型：submission；导入日期 2026-08-25；执行前复核当前规则
https://aitoptools.com/login?redirect_to=submit		FALSE		聚合源标记免费；来源：GitHub/csv/04-launch-websites.csv+md/04-launch-websites.md；类型：submission；导入日期 2026-08-25；执行前复核当前规则
https://aivalley.ai/		FALSE		聚合源标记免费；来源：GitHub/csv/02-ai-tools-directory.csv+csv/04-launch-websites.csv+csv/05-backlinks.csv+md/02-ai-tools-directory.md+md/04-launch-websites.md+md/05-backlinks.md；类型：homepage；导入日期 2026-08-25；执行前复核当前规则
https://aivalley.ai/submit-tool		FALSE		聚合源标记免费；来源：首轮明确免费提交入口 / GitHub/csv/04-launch-websites.csv+csv/09-general-directories.csv+md/04-launch-websites.md+md/09-general-directories.md；类型：Directory / submission；导入日期 2026-08-25；执行前复核当前规则
https://aiwikitools.com/		FALSE		聚合源标记免费；来源：GitHub/csv/02-ai-tools-directory.csv+csv/04-launch-websites.csv+md/02-ai-tools-directory.md+md/04-launch-websites.md；类型：homepage；导入日期 2026-08-25；执行前复核当前规则
https://aiwikitools.com/submit-a-tool		FALSE		聚合源标记免费；来源：GitHub/csv/04-launch-websites.csv+md/04-launch-websites.md；类型：submission；导入日期 2026-08-25；执行前复核当前规则
https://aiworthy.org/		FALSE		聚合源标记免费；来源：GitHub/csv/02-ai-tools-directory.csv+md/02-ai-tools-directory.md；类型：homepage；导入日期 2026-08-25；执行前复核当前规则
https://aixindashi.org/		FALSE		聚合源标记免费；来源：大罗SEO/Bookmarking；类型：Bookmarking；链接：Nofollow；聚合源标记可即时通过；导入日期 2026-08-25；执行前复核当前规则
https://akonter.com/		FALSE		聚合源标记免费；来源：大罗SEO/Bookmarking；类型：Bookmarking；链接：Dofollow；聚合源标记可即时通过；导入日期 2026-08-25；执行前复核当前规则
https://al.ly/		FALSE		聚合源标记免费；来源：大罗SEO/URL Shortener；类型：URL Shortener；链接：Dofollow；聚合源标记可即时通过；导入日期 2026-08-25；执行前复核当前规则
https://aleratrading.com/		FALSE		聚合源标记免费；来源：大罗SEO/High DA Profile / 大罗SEO/Forums (L4)；类型：Profile link / Forums；链接：Dofollow；聚合源标记可即时通过；导入日期 2026-08-25；执行前复核当前规则
https://alexa.com/		FALSE		聚合源标记免费；来源：大罗SEO/High DA Profile；类型：Profile link；链接：Nofollow；聚合源标记可即时通过；导入日期 2026-08-25；执行前复核当前规则
https://aligarhbn.com/		FALSE		聚合源标记免费；来源：大罗SEO/High DA Profile；类型：Profile link；链接：Dofollow；聚合源标记可即时通过；导入日期 2026-08-25；执行前复核当前规则
https://all4webs.com/		FALSE		聚合源标记免费；来源：大罗SEO/Website Builder L4；类型：Website Builder；链接：Dofollow；聚合源标记可即时通过；导入日期 2026-08-25；执行前复核当前规则
https://alle.bg/		FALSE		聚合源标记免费；来源：大罗SEO/Website Builder L4；类型：Website Builder；链接：Dofollow；聚合源标记可即时通过；导入日期 2026-08-25；执行前复核当前规则
https://allgamers.net/		FALSE		聚合源标记免费；来源：大罗SEO/High DA Profile / 大罗SEO/Forums (L4)；类型：Profile link / Forums；链接：Nofollow；聚合源标记可即时通过；导入日期 2026-08-25；执行前复核当前规则
https://allmyfaves.com/		FALSE		聚合源标记免费；来源：大罗SEO/High DA Profile；类型：Profile link；链接：Dofollow；聚合源标记可即时通过；导入日期 2026-08-25；执行前复核当前规则
https://allstartups.info/		FALSE		聚合源标记免费；来源：大罗SEO/Product Launch (L5) / GitHub/csv/01-startup-directories.csv+csv/06-startup-launch-ways.csv+csv/09-general-directories.csv+md/01-startup-directories.md+md/06-startup-launch-ways.md+md/09-general-directories.md；类型：Produt Launch / homepage；链接：Unknown；导入日期 2026-08-25；执行前复核当前规则
https://allstartups.info/Startups/Submit		FALSE		聚合源标记免费；来源：Web.Cafe 海外产品发布渠道 / 首轮明确免费提交入口 / GitHub/csv/06-startup-launch-ways.csv+csv/09-general-directories.csv+md/06-startup-launch-ways.md+md/09-general-directories.md；类型：Product Launch / Directory / submission；导入日期 2026-08-25；执行前复核当前规则
https://allstartups.org/		FALSE		聚合源标记免费；来源：大罗SEO/Directory；类型：Directory；链接：Unknown；导入日期 2026-08-25；执行前复核当前规则
https://alltopstartups.com/submit-startup		FALSE		聚合源标记免费；来源：Web.Cafe 海外产品发布渠道；类型：Product Launch；导入日期 2026-08-25；执行前复核当前规则
https://alltrails.com/		FALSE		聚合源标记免费；来源：大罗SEO/High DA Profile；类型：Profile link；链接：Nofollow；聚合源标记可即时通过；导入日期 2026-08-25；执行前复核当前规则
https://alphacoders.com/		FALSE		聚合源标记免费；来源：大罗SEO/High DA Profile；类型：Profile link；链接：Nofollow；聚合源标记可即时通过；导入日期 2026-08-25；执行前复核当前规则
https://altbookmark.com/		FALSE		聚合源标记免费；来源：大罗SEO/Bookmarking；类型：Bookmarking；链接：Dofollow；聚合源标记可即时通过；导入日期 2026-08-25；执行前复核当前规则
https://alternative.me/		FALSE		聚合源标记免费；来源：大罗SEO/Directory / GitHub/csv/03-new-startup-directories.csv+csv/07-ai-creators-directory.csv+csv/09-general-directories.csv+md/03-new-startup-directories.md+md/07-ai-creators-directory.md+md/09-general-directories.md；类型：Directory / homepage；链接：Unknown；导入日期 2026-08-25；执行前复核当前规则
https://alternative.me/how-to/submit-software		FALSE		聚合源标记免费；来源：GitHub/csv/07-ai-creators-directory.csv+csv/09-general-directories.csv+md/07-ai-creators-directory.md+md/09-general-directories.md；类型：submission；导入日期 2026-08-25；执行前复核当前规则
https://alternativeto.net/		FALSE		聚合源标记免费；来源：大罗SEO/Directory / 大罗SEO/Product Launch (L5) / Web.Cafe 海外产品发布渠道 / GitHub/csv/03-new-startup-directories.csv+csv/06-startup-launch-ways.csv+csv/07-ai-creators-directory.csv+md/03-new-startup-directories.md+md/06-startup-launch-ways.md+md/07-ai-creators-directory.md；类型：Directory / Produt Launch / Product Launch / homepage；链接：Unknown；导入日期 2026-08-25；执行前复核当前规则
https://alternativeto.net/manage-item		FALSE		聚合源标记免费；来源：GitHub/csv/06-startup-launch-ways.csv+csv/09-general-directories.csv+md/06-startup-launch-ways.md+md/09-general-directories.md；类型：submission；导入日期 2026-08-25；执行前复核当前规则
https://alteropen.com/		FALSE		聚合源标记免费；来源：GitHub/csv/09-general-directories.csv+md/09-general-directories.md；类型：homepage；导入日期 2026-08-25；执行前复核当前规则
https://alteropen.com/submit/pack		FALSE		聚合源标记免费；来源：首轮明确免费提交入口 / GitHub/csv/09-general-directories.csv+md/09-general-directories.md；类型：Directory / submission；导入日期 2026-08-25；执行前复核当前规则
https://ambien-blog.com/		FALSE		聚合源标记免费；来源：大罗SEO/Website Builder L4；类型：Website Builder；链接：Dofollow；聚合源标记可即时通过；导入日期 2026-08-25；执行前复核当前规则
https://amoblog.com/		FALSE		聚合源标记免费；来源：大罗SEO/Website Builder L4；类型：Website Builder；链接：Dofollow；聚合源标记可即时通过；导入日期 2026-08-25；执行前复核当前规则
https://ampblogs.com/		FALSE		聚合源标记免费；来源：大罗SEO/Website Builder L4；类型：Website Builder；链接：Dofollow；聚合源标记可即时通过；导入日期 2026-08-25；执行前复核当前规则
https://androidforums.com/		FALSE		聚合源标记免费；来源：大罗SEO/High DA Profile / 大罗SEO/Forums (L4)；类型：Profile link / Forums；链接：Nofollow；聚合源标记可即时通过；导入日期 2026-08-25；执行前复核当前规则
https://angel.co/		FALSE		聚合源标记免费；来源：大罗SEO/High DA Profile / 大罗SEO/Directory / 大罗SEO/Job Boards (L4)；类型：Profile link / Directory / Job Boards；链接：Nofollow / Unknown；聚合源标记可即时通过；导入日期 2026-08-25；执行前复核当前规则
https://angieslist.com/		FALSE		聚合源标记免费；来源：大罗SEO/Review Sites / 大罗SEO/Local (L2)；类型：Review Sites / Local；链接：Unknown；导入日期 2026-08-25；执行前复核当前规则
https://anibookmark.com/		FALSE		聚合源标记免费；来源：大罗SEO/Bookmarking；类型：Bookmarking；链接：Dofollow；聚合源标记可即时通过；导入日期 2026-08-25；执行前复核当前规则
https://animaljobsdirect.com/		FALSE		聚合源标记免费；来源：大罗SEO/High DA Profile / 大罗SEO/Job Boards (L4)；类型：Profile link / Job Boards；链接：Dofollow；聚合源标记可即时通过；导入日期 2026-08-25；执行前复核当前规则
https://animaltoyforum.com/index.php		FALSE		聚合源标记免费；来源：大罗SEO/High DA Profile / 大罗SEO/Forums (L4)；类型：Profile link / Forums；链接：Dofollow；聚合源标记可即时通过；导入日期 2026-08-25；执行前复核当前规则
https://animeforums.net/		FALSE		聚合源标记免费；来源：大罗SEO/High DA Profile / 大罗SEO/Communities (L4) / 大罗SEO/Forums (L4)；类型：Profile link / Communities / Forums；链接：Nofollow；聚合源标记可即时通过；导入日期 2026-08-25；执行前复核当前规则
https://animesuperhero.com/forums		FALSE		聚合源标记免费；来源：大罗SEO/High DA Profile / 大罗SEO/Forums (L4)；类型：Profile link / Forums；链接：Nofollow；聚合源标记可即时通过；导入日期 2026-08-25；执行前复核当前规则
https://annuaire-therapeutes.com/		FALSE		聚合源标记免费；来源：大罗SEO/Local (L2)；类型：Local；链接：Unknown；导入日期 2026-08-25；执行前复核当前规则
https://anobii.com/		FALSE		聚合源标记免费；来源：大罗SEO/High DA Profile；类型：Profile link；链接：Dofollow；聚合源标记可即时通过；导入日期 2026-08-25；执行前复核当前规则
https://anoox.com/		FALSE		聚合源标记免费；来源：大罗SEO/Search Engine；类型：Search Engine；链接：Unknown；导入日期 2026-08-25；执行前复核当前规则
https://anotepad.com/		FALSE		聚合源标记免费；来源：大罗SEO/File Upload (L4)；类型：File Upload；链接：Dofollow；聚合源标记可即时通过；导入日期 2026-08-25；执行前复核当前规则
https://answerbag.com/		FALSE		聚合源标记免费；来源：大罗SEO/High DA Profile；类型：Profile link；链接：Nofollow；聚合源标记可即时通过；导入日期 2026-08-25；执行前复核当前规则
https://answerhighway.com/		FALSE		聚合源标记免费；来源：大罗SEO/High DA Profile / 大罗SEO/Forums (L4)；类型：Profile link / Forums；链接：Nofollow；聚合源标记可即时通过；导入日期 2026-08-25；执行前复核当前规则
https://answers.com/		FALSE		聚合源标记免费；来源：大罗SEO/Communities (L4)；类型：Communities；链接：Unknown；导入日期 2026-08-25；执行前复核当前规则
https://answers.stepes.com/		FALSE		聚合源标记免费；来源：大罗SEO/High DA Profile；类型：Profile link；链接：Dofollow；聚合源标记可即时通过；导入日期 2026-08-25；执行前复核当前规则
https://answers.unity.com/index.html		FALSE		聚合源标记免费；来源：大罗SEO/High DA Profile / 大罗SEO/Forums (L4)；类型：Profile link / Forums；链接：Nofollow / Unknown；聚合源标记可即时通过；导入日期 2026-08-25；执行前复核当前规则
https://answersmode.com/		FALSE		聚合源标记免费；来源：大罗SEO/High DA Profile / 大罗SEO/Forums (L4)；类型：Profile link / Forums；链接：Nofollow；聚合源标记可即时通过；导入日期 2026-08-25；执行前复核当前规则
https://antionline.com/		FALSE		聚合源标记免费；来源：大罗SEO/High DA Profile / 大罗SEO/Forums (L4)；类型：Profile link / Forums；链接：Nofollow；聚合源标记可即时通过；导入日期 2026-08-25；执行前复核当前规则
https://anyflip.com/		FALSE		聚合源标记免费；来源：大罗SEO/High DA Profile；类型：Profile link；链接：Nofollow；聚合源标记可即时通过；导入日期 2026-08-25；执行前复核当前规则
https://anyfp.com/		FALSE		聚合源标记免费；来源：GitHub/csv/09-general-directories.csv+md/09-general-directories.md；类型：homepage；导入日期 2026-08-25；执行前复核当前规则
https://anyfp.com/contact		FALSE		聚合源标记免费；来源：首轮明确免费提交入口 / GitHub/csv/09-general-directories.csv+md/09-general-directories.md；类型：Directory / submission；导入日期 2026-08-25；执行前复核当前规则
https://apnichhat.me/		FALSE		聚合源标记免费；来源：大罗SEO/High DA Profile / 大罗SEO/Classified Ads (L4)；类型：Profile link / Classified Ads；链接：Dofollow；聚合源标记可即时通过；导入日期 2026-08-25；执行前复核当前规则
https://app.10words.io/submit		FALSE		聚合源标记免费；来源：GitHub/csv/04-launch-websites.csv+md/04-launch-websites.md；类型：submission；导入日期 2026-08-25；执行前复核当前规则
https://app.loopinput.com/		FALSE		聚合源标记免费；来源：Web.Cafe 海外产品发布渠道；类型：Product Launch；导入日期 2026-08-25；执行前复核当前规则
https://app.sacommunity.in/		FALSE		聚合源标记免费；来源：大罗SEO/High DA Profile；类型：Profile link；链接：Nofollow；聚合源标记可即时通过；导入日期 2026-08-25；执行前复核当前规则
https://appagg.com/		FALSE		聚合源标记免费；来源：大罗SEO/High DA Profile / 大罗SEO/Directory / GitHub/csv/01-startup-directories.csv+csv/07-ai-creators-directory.csv+md/01-startup-directories.md+md/07-ai-creators-directory.md；类型：Profile link / Directory / homepage；链接：Dofollow / Unknown；聚合源标记可即时通过；导入日期 2026-08-25；执行前复核当前规则
https://appagg.com/add		FALSE		聚合源标记免费；来源：GitHub/csv/07-ai-creators-directory.csv+md/07-ai-creators-directory.md；类型：submission；导入日期 2026-08-25；执行前复核当前规则
https://appfutura.com/		FALSE		聚合源标记免费；来源：大罗SEO/Directory；类型：Directory；链接：Nofollow；聚合源标记可即时通过；导入日期 2026-08-25；执行前复核当前规则
https://applyfirst.ca/		FALSE		聚合源标记免费；来源：大罗SEO/Job Boards (L4)；类型：Job Boards；链接：Dofollow；聚合源标记可即时通过；导入日期 2026-08-25；执行前复核当前规则
https://apprater.net/		FALSE		聚合源标记免费；来源：大罗SEO/Product Launch (L5)；类型：Produt Launch；链接：Unknown；导入日期 2026-08-25；执行前复核当前规则
https://apprater.net/add		FALSE		聚合源标记免费；来源：Web.Cafe 海外产品发布渠道 / 首轮明确免费提交入口 / GitHub/csv/05-backlinks.csv+csv/09-general-directories.csv+md/05-backlinks.md+md/09-general-directories.md；类型：Product Launch / Directory / submission；导入日期 2026-08-25；执行前复核当前规则
https://apps400.com/		FALSE		聚合源标记免费；来源：Web.Cafe 海外产品发布渠道；类型：Product Launch；导入日期 2026-08-25；执行前复核当前规则
https://apps4review.com/		FALSE		聚合源标记免费；来源：大罗SEO/Directory；类型：Directory；链接：Unknown；导入日期 2026-08-25；执行前复核当前规则
https://appsandwebsites.com/		FALSE		聚合源标记免费；来源：GitHub/csv/01-startup-directories.csv+csv/04-launch-websites.csv+csv/05-backlinks.csv+md/01-startup-directories.md+md/04-launch-websites.md+md/05-backlinks.md；类型：homepage；导入日期 2026-08-25；执行前复核当前规则
https://appsmamma.com/		FALSE		聚合源标记免费；来源：大罗SEO/Directory；类型：Directory；链接：Unknown；导入日期 2026-08-25；执行前复核当前规则
https://appsmamma.com/submit-your-app		FALSE		聚合源标记免费；来源：Web.Cafe 海外产品发布渠道；类型：Product Launch；导入日期 2026-08-25；执行前复核当前规则
https://appsumo.com/		FALSE		聚合源标记免费；来源：大罗SEO/Deals (L3)；类型：Deals；链接：Unknown；导入日期 2026-08-25；执行前复核当前规则
https://appszoom.com/		FALSE		聚合源标记免费；来源：大罗SEO/Directory / 大罗SEO/Product Launch (L5)；类型：Directory / Produt Launch；链接：Unknown；导入日期 2026-08-25；执行前复核当前规则
https://appvita.com/		FALSE		聚合源标记免费；来源：Web.Cafe 海外产品发布渠道；类型：Product Launch；导入日期 2026-08-25；执行前复核当前规则
https://aprelium.com/		FALSE		聚合源标记免费；来源：大罗SEO/High DA Profile / 大罗SEO/Forums (L4)；类型：Profile link / Forums；链接：Dofollow；聚合源标记可即时通过；导入日期 2026-08-25；执行前复核当前规则
https://apsense.com/		FALSE		聚合源标记免费；来源：大罗SEO/High DA Profile / 大罗SEO/Social DALUOSEO.COM；类型：Profile link / Dofollow；链接：Dofollow / Y；聚合源标记可即时通过；导入日期 2026-08-25；执行前复核当前规则
https://arcforums.com/forums/air/index.php		FALSE		聚合源标记免费；来源：大罗SEO/High DA Profile / 大罗SEO/Forums (L4)；类型：Profile link / Forums；链接：Dofollow；聚合源标记可即时通过；导入日期 2026-08-25；执行前复核当前规则
https://archerytalk.com/		FALSE		聚合源标记免费；来源：大罗SEO/High DA Profile / 大罗SEO/Forums (L4)；类型：Profile link / Forums；链接：Nofollow；聚合源标记可即时通过；导入日期 2026-08-25；执行前复核当前规则
https://archilovers.com/		FALSE		聚合源标记免费；来源：大罗SEO/High DA Profile；类型：Profile link；链接：Nofollow；聚合源标记可即时通过；导入日期 2026-08-25；执行前复核当前规则
https://archive.org/		FALSE		聚合源标记免费；来源：大罗SEO/High DA Profile；类型：Profile link；链接：Unknown；聚合源标记可即时通过；导入日期 2026-08-25；执行前复核当前规则
https://archive.ph/		FALSE		聚合源标记免费；来源：大罗SEO/Bookmarking；类型：Bookmarking；链接：Dofollow；聚合源标记可即时通过；导入日期 2026-08-25；执行前复核当前规则
https://arcticstartup.com/		FALSE		聚合源标记免费；来源：Web.Cafe 海外产品发布渠道；类型：Product Launch；导入日期 2026-08-25；执行前复核当前规则
https://arduino.cc/		FALSE		聚合源标记免费；来源：大罗SEO/High DA Profile；类型：Profile link；链接：Dofollow；聚合源标记可即时通过；导入日期 2026-08-25；执行前复核当前规则
https://armstube.com/		FALSE		聚合源标记免费；来源：大罗SEO/High DA Profile；类型：Profile link；链接：Dofollow；聚合源标记可即时通过；导入日期 2026-08-25；执行前复核当前规则
https://arrmaforum.com/		FALSE		聚合源标记免费；来源：大罗SEO/High DA Profile / 大罗SEO/Forums (L4)；类型：Profile link / Forums；链接：Nofollow；聚合源标记可即时通过；导入日期 2026-08-25；执行前复核当前规则
https://artforum.online/		FALSE		聚合源标记免费；来源：大罗SEO/High DA Profile / 大罗SEO/Communities (L4) / 大罗SEO/Forums (L4)；类型：Profile link / Communities / Forums；链接：Dofollow；聚合源标记可即时通过；导入日期 2026-08-25；执行前复核当前规则
https://artforums.net/		FALSE		聚合源标记免费；来源：大罗SEO/High DA Profile / 大罗SEO/Forums (L4)；类型：Profile link / Forums；链接：Dofollow；聚合源标记可即时通过；导入日期 2026-08-25；执行前复核当前规则
https://article.advertiseera.com/		FALSE		聚合源标记免费；来源：大罗SEO/Article Submission L4；类型：Article Submission；链接：Nofollow；聚合源标记可即时通过；导入日期 2026-08-25；执行前复核当前规则
https://articles.gappoo.com/		FALSE		聚合源标记免费；来源：大罗SEO/Article Submission L4；类型：Article Submission；链接：Dofollow；聚合源标记可即时通过；导入日期 2026-08-25；执行前复核当前规则
https://articles.jainkathalok.com/		FALSE		聚合源标记免费；来源：大罗SEO/Article Submission L4；类型：Article Submission；链接：Dofollow；聚合源标记可即时通过；导入日期 2026-08-25；执行前复核当前规则
https://articles.kraftloft.com/		FALSE		聚合源标记免费；来源：大罗SEO/Article Submission L4；类型：Article Submission；链接：Dofollow；聚合源标记可即时通过；导入日期 2026-08-25；执行前复核当前规则
https://articles.mybikaner.com/		FALSE		聚合源标记免费；来源：大罗SEO/Article Submission L4；类型：Article Submission；链接：Dofollow；聚合源标记可即时通过；导入日期 2026-08-25；执行前复核当前规则
https://articles.seoforums.me.uk/		FALSE		聚合源标记免费；来源：大罗SEO/Article Submission L4；类型：Article Submission；链接：Dofollow；聚合源标记可即时通过；导入日期 2026-08-25；执行前复核当前规则
https://articles.studio9xb.com/		FALSE		聚合源标记免费；来源：大罗SEO/Article Submission L4；类型：Article Submission；链接：Dofollow；聚合源标记可即时通过；导入日期 2026-08-25；执行前复核当前规则
https://articlesblogger.com/		FALSE		聚合源标记免费；来源：大罗SEO/Website Builder L4；类型：Website Builder；链接：Dofollow；聚合源标记可即时通过；导入日期 2026-08-25；执行前复核当前规则
https://articleted.com/		FALSE		聚合源标记免费；来源：大罗SEO/Article Submission L4；类型：Article Submission；链接：Dofollow；聚合源标记可即时通过；导入日期 2026-08-25；执行前复核当前规则
https://articlevote.com/		FALSE		聚合源标记免费；来源：大罗SEO/Bookmarking；类型：Bookmarking；链接：Dofollow；聚合源标记可即时通过；导入日期 2026-08-25；执行前复核当前规则
https://artistecard.com/		FALSE		聚合源标记免费；来源：大罗SEO/High DA Profile；类型：Profile link；链接：Dofollow；聚合源标记可即时通过；导入日期 2026-08-25；执行前复核当前规则
https://artistforum.com/		FALSE		聚合源标记免费；来源：大罗SEO/High DA Profile / 大罗SEO/Forums (L4)；类型：Profile link / Forums；链接：Nofollow；聚合源标记可即时通过；导入日期 2026-08-25；执行前复核当前规则
https://artmight.com/		FALSE		聚合源标记免费；来源：大罗SEO/High DA Profile；类型：Profile link；链接：Dofollow；聚合源标记可即时通过；导入日期 2026-08-25；执行前复核当前规则
https://artstation.com/		FALSE		聚合源标记免费；来源：大罗SEO/High DA Profile；类型：Profile link；链接：Dofollow；聚合源标记可即时通过；导入日期 2026-08-25；执行前复核当前规则
https://arwebo.com/		FALSE		聚合源标记免费；来源：大罗SEO/Website Builder L4；类型：Website Builder；链接：Dofollow；聚合源标记可即时通过；导入日期 2026-08-25；执行前复核当前规则
https://aseannow.com/		FALSE		聚合源标记免费；来源：大罗SEO/High DA Profile / 大罗SEO/Forums (L4)；类型：Profile link / Forums；链接：Nofollow；聚合源标记可即时通过；导入日期 2026-08-25；执行前复核当前规则
https://ask.designpreneurs.com/		FALSE		聚合源标记免费；来源：大罗SEO/High DA Profile；类型：Profile link；链接：Nofollow；聚合源标记可即时通过；导入日期 2026-08-25；执行前复核当前规则
https://ask.fm/		FALSE		聚合源标记免费；来源：大罗SEO/High DA Profile；类型：Profile link；链接：Nofollow；聚合源标记可即时通过；导入日期 2026-08-25；执行前复核当前规则
https://ask.zoptiks.com/		FALSE		聚合源标记免费；来源：大罗SEO/High DA Profile；类型：Profile link；链接：Nofollow；聚合源标记可即时通过；导入日期 2026-08-25；执行前复核当前规则
https://askmap.net/		FALSE		聚合源标记免费；来源：大罗SEO/High DA Profile；类型：Profile link；链接：Nofollow；聚合源标记可即时通过；导入日期 2026-08-25；执行前复核当前规则
https://askopinion.com/		FALSE		聚合源标记免费；来源：大罗SEO/High DA Profile；类型：Profile link；链接：Nofollow；聚合源标记可即时通过；导入日期 2026-08-25；执行前复核当前规则
https://aspkin.com/forums		FALSE		聚合源标记免费；来源：大罗SEO/High DA Profile / 大罗SEO/Forums (L4)；类型：Profile link / Forums；链接：Nofollow；聚合源标记可即时通过；导入日期 2026-08-25；执行前复核当前规则
https://assistnow.com.au/		FALSE		聚合源标记免费；来源：大罗SEO/Local (L2)；类型：Local；链接：Unknown；导入日期 2026-08-25；执行前复核当前规则
https://astronomy.com/		FALSE		聚合源标记免费；来源：大罗SEO/High DA Profile；类型：Profile link；链接：Nofollow；聚合源标记可即时通过；导入日期 2026-08-25；执行前复核当前规则
https://atlas.dustforce.com/		FALSE		聚合源标记免费；来源：大罗SEO/High DA Profile；类型：Profile link；链接：Nofollow；聚合源标记可即时通过；导入日期 2026-08-25；执行前复核当前规则
https://atlasobscura.com/		FALSE		聚合源标记免费；来源：大罗SEO/High DA Profile；类型：Profile link；链接：Nofollow；聚合源标记可即时通过；导入日期 2026-08-25；执行前复核当前规则
https://attitude.ipt.pw/		FALSE		聚合源标记免费；来源：大罗SEO/Bookmarking；类型：Bookmarking；链接：Nofollow；聚合源标记可即时通过；导入日期 2026-08-25；执行前复核当前规则
https://attractions.ipt.pw/		FALSE		聚合源标记免费；来源：大罗SEO/Bookmarking；类型：Bookmarking；链接：Dofollow；聚合源标记可即时通过；导入日期 2026-08-25；执行前复核当前规则
https://atualblog.com/		FALSE		聚合源标记免费；来源：大罗SEO/Website Builder L4；类型：Website Builder；链接：Dofollow；聚合源标记可即时通过；导入日期 2026-08-25；执行前复核当前规则
https://aubizs.com/		FALSE		聚合源标记免费；来源：大罗SEO/Local (L2)；类型：Local；链接：Unknown；导入日期 2026-08-25；执行前复核当前规则
https://audienti.com/growmance		FALSE		聚合源标记免费；来源：Web.Cafe 海外产品发布渠道；类型：Product Launch；导入日期 2026-08-25；执行前复核当前规则
https://audiolub.pl/		FALSE		聚合源标记免费；来源：大罗SEO/High DA Profile / 大罗SEO/Forums (L4)；类型：Profile link / Forums；链接：Dofollow；聚合源标记可即时通过；导入日期 2026-08-25；执行前复核当前规则
https://audiosciencereview.com/forum/index.php		FALSE		聚合源标记免费；来源：大罗SEO/High DA Profile / 大罗SEO/Forums (L4)；类型：Profile link / Forums；链接：Nofollow；聚合源标记可即时通过；导入日期 2026-08-25；执行前复核当前规则
https://audiotiers.com/community		FALSE		聚合源标记免费；来源：大罗SEO/High DA Profile；类型：Profile link；链接：Nofollow；聚合源标记可即时通过；导入日期 2026-08-25；执行前复核当前规则
https://aunetads.com/		FALSE		聚合源标记免费；来源：大罗SEO/Classified Ads (L4)；类型：Classified Ads；链接：Dofollow；聚合源标记可即时通过；导入日期 2026-08-25；执行前复核当前规则
https://aussie-hours.com/		FALSE		聚合源标记免费；来源：大罗SEO/Local (L2)；类型：Local；链接：Unknown；导入日期 2026-08-25；执行前复核当前规则
https://aussieweb.com.au/		FALSE		聚合源标记免费；来源：大罗SEO/Local (L2)；类型：Local；链接：Unknown；导入日期 2026-08-25；执行前复核当前规则
https://austinbassfishing.com/		FALSE		聚合源标记免费；来源：大罗SEO/High DA Profile / 大罗SEO/Forums (L4)；类型：Profile link / Forums；链接：Dofollow；聚合源标记可即时通过；导入日期 2026-08-25；执行前复核当前规则
https://australia2business.com/		FALSE		聚合源标记免费；来源：大罗SEO/Local (L2)；类型：Local；链接：Unknown；导入日期 2026-08-25；执行前复核当前规则
https://australiabizdir.com/		FALSE		聚合源标记免费；来源：大罗SEO/Local (L2)；类型：Local；链接：Unknown；导入日期 2026-08-25；执行前复核当前规则
https://australianguide.net/		FALSE		聚合源标记免费；来源：大罗SEO/Local (L2)；类型：Local；链接：Unknown；导入日期 2026-08-25；执行前复核当前规则
https://authorstream.com/		FALSE		聚合源标记免费；来源：大罗SEO/High DA Profile / 大罗SEO/Communities (L4)；类型：Profile link / Communities；链接：Nofollow；聚合源标记可即时通过；导入日期 2026-08-25；执行前复核当前规则
https://automotiveforums.com/		FALSE		聚合源标记免费；来源：大罗SEO/High DA Profile / 大罗SEO/Forums (L4)；类型：Profile link / Forums；链接：Nofollow；聚合源标记可即时通过；导入日期 2026-08-25；执行前复核当前规则
https://avader.org/		FALSE		聚合源标记免费；来源：大罗SEO/Bookmarking；类型：Bookmarking；链接：Dofollow；聚合源标记可即时通过；导入日期 2026-08-25；执行前复核当前规则
https://avforums.com/		FALSE		聚合源标记免费；来源：大罗SEO/High DA Profile / 大罗SEO/Forums (L4)；类型：Profile link / Forums；链接：Nofollow；聚合源标记可即时通过；导入日期 2026-08-25；执行前复核当前规则
https://avis-site.com/		FALSE		聚合源标记免费；来源：大罗SEO/Directory / 大罗SEO/Review Sites；类型：Directory / Review Sites；链接：Unknown；导入日期 2026-08-25；执行前复核当前规则
https://avivadirectory.com/		FALSE		聚合源标记免费；来源：大罗SEO/Directory；类型：Directory；链接：Unknown；导入日期 2026-08-25；执行前复核当前规则
https://avoindata.fi/		FALSE		聚合源标记免费；来源：大罗SEO/High DA Profile；类型：Profile link；链接：Nofollow；聚合源标记可即时通过；导入日期 2026-08-25；执行前复核当前规则
https://avsforum.com/		FALSE		聚合源标记免费；来源：大罗SEO/High DA Profile / 大罗SEO/Forums (L4)；类型：Profile link / Forums；链接：Dofollow；聚合源标记可即时通过；导入日期 2026-08-25；执行前复核当前规则
https://awardo.co/		FALSE		聚合源标记免费；来源：大罗SEO/Directory；类型：Directory；链接：Unknown；导入日期 2026-08-25；执行前复核当前规则
https://awwwards.com/		FALSE		聚合源标记免费；来源：大罗SEO/High DA Profile / 大罗SEO/Directory / Web.Cafe 海外产品发布渠道；类型：Profile link / Directory / Product Launch；链接：Nofollow；聚合源标记可即时通过；导入日期 2026-08-25；执行前复核当前规则
https://axigen.com/community		FALSE		聚合源标记免费；来源：大罗SEO/High DA Profile / 大罗SEO/Forums (L4)；类型：Profile link / Forums；链接：Nofollow；聚合源标记可即时通过；导入日期 2026-08-25；执行前复核当前规则
https://aytoloja.org/		FALSE		聚合源标记免费；来源：大罗SEO/High DA Profile；类型：Profile link；链接：Dofollow；聚合源标记可即时通过；导入日期 2026-08-25；执行前复核当前规则
https://azbyka.ru/forum		FALSE		聚合源标记免费；来源：大罗SEO/High DA Profile / 大罗SEO/Forums (L4)；类型：Profile link / Forums；链接：Nofollow；聚合源标记可即时通过；导入日期 2026-08-25；执行前复核当前规则
https://b8vf2u0bp3.feishu.cn/docx/WBKddNBwgo1lTuxTEvscJ8WKnqn		FALSE		聚合源标记免费；来源：Web.Cafe 海外产品发布渠道 / Notion 100+ DIR/FREE；类型：Product Launch；导入日期 2026-08-25；执行前复核当前规则
https://babaads.com/		FALSE		聚合源标记免费；来源：大罗SEO/High DA Profile / 大罗SEO/Classified Ads (L4)；类型：Profile link / Classified Ads；链接：Dofollow；聚合源标记可即时通过；导入日期 2026-08-25；执行前复核当前规则
https://backlinksplanet.updatesee.com/		FALSE		聚合源标记免费；来源：大罗SEO/Bookmarking；类型：Bookmarking；链接：Dofollow；聚合源标记可即时通过；导入日期 2026-08-25；执行前复核当前规则
https://backpacks.ipt.pw/		FALSE		聚合源标记免费；来源：大罗SEO/Bookmarking；类型：Bookmarking；链接：Nofollow；聚合源标记可即时通过；导入日期 2026-08-25；执行前复核当前规则
https://bahamaslocal.com/		FALSE		聚合源标记免费；来源：大罗SEO/Local (L2)；类型：Local；链接：Unknown；导入日期 2026-08-25；执行前复核当前规则
https://baidu.com/		FALSE		聚合源标记免费；来源：大罗SEO/Search Engine；类型：Search Engine；链接：Unknown；导入日期 2026-08-25；执行前复核当前规则
https://bakespace.com/		FALSE		聚合源标记免费；来源：大罗SEO/High DA Profile；类型：Profile link；链接：Nofollow；聚合源标记可即时通过；导入日期 2026-08-25；执行前复核当前规则
https://bandcamp.com/		FALSE		聚合源标记免费；来源：大罗SEO/High DA Profile；类型：Profile link；链接：Dofollow；聚合源标记可即时通过；导入日期 2026-08-25；执行前复核当前规则
https://bark.com/		FALSE		聚合源标记免费；来源：大罗SEO/Local (L2)；类型：Local；链接：Nofollow；聚合源标记可即时通过；导入日期 2026-08-25；执行前复核当前规则
https://basedtools.ai/submit		FALSE		聚合源标记免费；来源：GitHub/csv/04-launch-websites.csv+md/04-launch-websites.md；类型：submission；导入日期 2026-08-25；执行前复核当前规则
https://basenotes.com/		FALSE		聚合源标记免费；来源：大罗SEO/High DA Profile / 大罗SEO/Forums (L4)；类型：Profile link / Forums；链接：Nofollow；聚合源标记可即时通过；导入日期 2026-08-25；执行前复核当前规则
https://basschat.co.uk/		FALSE		聚合源标记免费；来源：大罗SEO/High DA Profile / 大罗SEO/Forums (L4)；类型：Profile link / Forums；链接：Nofollow；聚合源标记可即时通过；导入日期 2026-08-25；执行前复核当前规则
https://bassic.de/		FALSE		聚合源标记免费；来源：大罗SEO/High DA Profile / 大罗SEO/Forums (L4)；类型：Profile link / Forums；链接：Nofollow；聚合源标记可即时通过；导入日期 2026-08-25；执行前复核当前规则
https://bassresource.com/bass-fishing-forums		FALSE		聚合源标记免费；来源：大罗SEO/High DA Profile / 大罗SEO/Forums (L4)；类型：Profile link / Forums；链接：Nofollow；聚合源标记可即时通过；导入日期 2026-08-25；执行前复核当前规则
https://bbpress.org/		FALSE		聚合源标记免费；来源：大罗SEO/High DA Profile；类型：Profile link；链接：Nofollow；聚合源标记可即时通过；导入日期 2026-08-25；执行前复核当前规则
https://bbs.boingboing.net/		FALSE		聚合源标记免费；来源：大罗SEO/High DA Profile / 大罗SEO/Forums (L4)；类型：Profile link / Forums；链接：Nofollow；聚合源标记可即时通过；导入日期 2026-08-25；执行前复核当前规则
https://bc.vc/		FALSE		聚合源标记免费；来源：大罗SEO/URL Shortener；类型：URL Shortener；链接：Dofollow；聚合源标记可即时通过；导入日期 2026-08-25；执行前复核当前规则
https://bcgforums.com/index.php		FALSE		聚合源标记免费；来源：大罗SEO/High DA Profile / 大罗SEO/Forums (L4)；类型：Profile link / Forums；链接：Dofollow；聚合源标记可即时通过；导入日期 2026-08-25；执行前复核当前规则
https://bch.gg/		FALSE		聚合源标记免费；来源：大罗SEO/URL Shortener；类型：URL Shortener；链接：Dofollow；聚合源标记可即时通过；导入日期 2026-08-25；执行前复核当前规则
https://bcz.com/		FALSE		聚合源标记免费；来源：大罗SEO/Website Builder L4；类型：Website Builder；链接：Dofollow；聚合源标记可即时通过；导入日期 2026-08-25；执行前复核当前规则
https://beforeitsnews.com/		FALSE		聚合源标记免费；来源：大罗SEO/High DA Profile；类型：Profile link；链接：Nofollow；聚合源标记可即时通过；导入日期 2026-08-25；执行前复核当前规则
https://behance.net/		FALSE		聚合源标记免费；来源：大罗SEO/High DA Profile / 大罗SEO/Social DALUOSEO.COM；类型：Profile link / Nofollow；链接：Nofollow / Y；聚合源标记可即时通过；导入日期 2026-08-25；执行前复核当前规则
https://behance.net/joblist		FALSE		聚合源标记免费；来源：大罗SEO/Job Boards (L4)；类型：Job Boards；链接：Unknown；导入日期 2026-08-25；执行前复核当前规则
https://bensbargains.com/		FALSE		聚合源标记免费；来源：大罗SEO/Deals (L3) / 大罗SEO/Coupon (L3) DALUOSEO.COM；类型：Deals / Coupon；链接：Unknown；导入日期 2026-08-25；执行前复核当前规则
https://bestapartmentjobs.com/		FALSE		聚合源标记免费；来源：大罗SEO/High DA Profile / 大罗SEO/Job Boards (L4)；类型：Profile link / Job Boards；链接：Dofollow；聚合源标记可即时通过；导入日期 2026-08-25；执行前复核当前规则
https://bestofai.com/		FALSE		聚合源标记免费；来源：GitHub/csv/07-ai-creators-directory.csv+csv/09-general-directories.csv+md/07-ai-creators-directory.md+md/09-general-directories.md；类型：homepage；导入日期 2026-08-25；执行前复核当前规则
https://bestofai.com/tool/add		FALSE		聚合源标记免费；来源：首轮明确免费提交入口 / GitHub/csv/09-general-directories.csv+md/09-general-directories.md；类型：Directory / submission；导入日期 2026-08-25；执行前复核当前规则
https://bestwebsites.info/en/submit		FALSE		聚合源标记免费；来源：首轮明确免费提交入口 / GitHub/csv/09-general-directories.csv+md/09-general-directories.md；类型：Directory / submission；导入日期 2026-08-25；执行前复核当前规则
https://betabound.com/		FALSE		聚合源标记免费；来源：大罗SEO/Product Launch (L5)；类型：Produt Launch；链接：Unknown；导入日期 2026-08-25；执行前复核当前规则
https://betabound.com/announce		FALSE		聚合源标记免费；来源：Web.Cafe 海外产品发布渠道；类型：Product Launch；导入日期 2026-08-25；执行前复核当前规则
https://betafy.co/		FALSE		聚合源标记免费；来源：大罗SEO/Product Launch (L5)；类型：Produt Launch；链接：Unknown；导入日期 2026-08-25；执行前复核当前规则
https://betafy.co/easysignup/startup		FALSE		聚合源标记免费；来源：Web.Cafe 海外产品发布渠道；类型：Product Launch；导入日期 2026-08-25；执行前复核当前规则
https://betalist.com/		FALSE		聚合源标记免费；来源：大罗SEO/Product Launch (L5) / GitHub/csv/01-startup-directories.csv+csv/03-new-startup-directories.csv+csv/04-launch-websites.csv+csv/05-backlinks.csv+csv/06-startup-launch-ways.csv+csv/09-general-directories.csv+md/01-startup-directories.md+md/03-new-startup-directories.md+md/04-launch-websites.md+md/05-backlinks.md+md/06-startup-launch-ways.md+md/09-general-directories.md；类型：Produt Launch / homepage；链接：Unknown；导入日期 2026-08-25；执行前复核当前规则
https://betalist.com/submissions/new		FALSE		聚合源标记免费；来源：GitHub/csv/04-launch-websites.csv+csv/09-general-directories.csv+md/04-launch-websites.md+md/09-general-directories.md；类型：submission；导入日期 2026-08-25；执行前复核当前规则
https://betalist.com/submit		FALSE		聚合源标记免费；来源：Web.Cafe 海外产品发布渠道；类型：Product Launch；导入日期 2026-08-25；执行前复核当前规则
https://betapage.co/		FALSE		聚合源标记免费；来源：大罗SEO/Product Launch (L5) / Web.Cafe 海外产品发布渠道；类型：Produt Launch / Product Launch；链接：Unknown；导入日期 2026-08-25；执行前复核当前规则
https://beterest.com/submit-startup		FALSE		聚合源标记免费；来源：Web.Cafe 海外产品发布渠道；类型：Product Launch；导入日期 2026-08-25；执行前复核当前规则
https://bewertet.de/		FALSE		聚合源标记免费；来源：大罗SEO/High DA Profile / 大罗SEO/Review Sites；类型：Profile link / Review Sites；链接：Nofollow；聚合源标记可即时通过；导入日期 2026-08-25；执行前复核当前规则
https://bforbookmarking.com/		FALSE		聚合源标记免费；来源：大罗SEO/Bookmarking；类型：Bookmarking；链接：Dofollow；聚合源标记可即时通过；导入日期 2026-08-25；执行前复核当前规则
https://bibliocrunch.com/		FALSE		聚合源标记免费；来源：大罗SEO/High DA Profile；类型：Profile link；链接：Dofollow；聚合源标记可即时通过；导入日期 2026-08-25；执行前复核当前规则
https://bibsonomy.org/		FALSE		聚合源标记免费；来源：大罗SEO/Bookmarking；类型：Bookmarking；链接：Nofollow；聚合源标记可即时通过；导入日期 2026-08-25；执行前复核当前规则
https://bidinc.org/		FALSE		聚合源标记免费；来源：大罗SEO/Bookmarking；类型：Bookmarking；链接：Nofollow；聚合源标记可即时通过；导入日期 2026-08-25；执行前复核当前规则
https://bigfatbass.com/forum.php		FALSE		聚合源标记免费；来源：大罗SEO/High DA Profile / 大罗SEO/Forums (L4)；类型：Profile link / Forums；链接：Dofollow；聚合源标记可即时通过；导入日期 2026-08-25；执行前复核当前规则
https://bigfooty.com/forum		FALSE		聚合源标记免费；来源：大罗SEO/High DA Profile / 大罗SEO/Forums (L4)；类型：Profile link / Forums；链接：Dofollow；聚合源标记可即时通过；导入日期 2026-08-25；执行前复核当前规则
https://biggerpockets.com/		FALSE		聚合源标记免费；来源：大罗SEO/High DA Profile；类型：Profile link；链接：Dofollow；聚合源标记可即时通过；导入日期 2026-08-25；执行前复核当前规则
https://bigsoccer.com/		FALSE		聚合源标记免费；来源：大罗SEO/High DA Profile / 大罗SEO/Forums (L4)；类型：Profile link / Forums；链接：Nofollow；聚合源标记可即时通过；导入日期 2026-08-25；执行前复核当前规则
https://bigstartups.co/		FALSE		聚合源标记免费；来源：大罗SEO/Directory / 大罗SEO/Product Launch (L5)；类型：Directory / Produt Launch；链接：Unknown；导入日期 2026-08-25；执行前复核当前规则
https://bikeforums.net/		FALSE		聚合源标记免费；来源：大罗SEO/High DA Profile / 大罗SEO/Forums (L4)；类型：Profile link / Forums；链接：Dofollow；聚合源标记可即时通过；导入日期 2026-08-25；执行前复核当前规则
https://bing.com/		FALSE		聚合源标记免费；来源：大罗SEO/Search Engine；类型：Search Engine；链接：Unknown；导入日期 2026-08-25；执行前复核当前规则
https://bingplaces.com/		FALSE		聚合源标记免费；来源：大罗SEO/Local (L2)；类型：Local；链接：Unknown；导入日期 2026-08-25；执行前复核当前规则
https://bios-fix.com/		FALSE		聚合源标记免费；来源：大罗SEO/High DA Profile / 大罗SEO/Forums (L4)；类型：Profile link / Forums；链接：Dofollow；聚合源标记可即时通过；导入日期 2026-08-25；执行前复核当前规则
https://birdforum.net/		FALSE		聚合源标记免费；来源：大罗SEO/High DA Profile / 大罗SEO/Forums (L4)；类型：Profile link / Forums；链接：Nofollow；聚合源标记可即时通过；导入日期 2026-08-25；执行前复核当前规则
https://bit.ai/		FALSE		聚合源标记免费；来源：大罗SEO/High DA Profile / 大罗SEO/File Upload (L4)；类型：Profile link / File Upload；链接：Dofollow；聚合源标记可即时通过；导入日期 2026-08-25；执行前复核当前规则
https://bit.do/		FALSE		聚合源标记免费；来源：大罗SEO/URL Shortener；类型：URL Shortener；链接：Dofollow；聚合源标记可即时通过；导入日期 2026-08-25；执行前复核当前规则
https://bitchute.com/		FALSE		聚合源标记免费；来源：大罗SEO/High DA Profile；类型：Profile link；链接：Dofollow；聚合源标记可即时通过；导入日期 2026-08-25；执行前复核当前规则
https://bitly.com/		FALSE		聚合源标记免费；来源：大罗SEO/URL Shortener；类型：URL Shortener；链接：Dofollow；聚合源标记可即时通过；导入日期 2026-08-25；执行前复核当前规则
https://bitrix24.net/		FALSE		聚合源标记免费；来源：大罗SEO/High DA Profile；类型：Profile link；链接：Dofollow；聚合源标记可即时通过；导入日期 2026-08-25；执行前复核当前规则
https://bitsdujour.com/		FALSE		聚合源标记免费；来源：大罗SEO/High DA Profile；类型：Profile link；链接：Dofollow；聚合源标记可即时通过；导入日期 2026-08-25；执行前复核当前规则
https://biznesfinder.pl/		FALSE		聚合源标记免费；来源：大罗SEO/Local (L2)；类型：Local；链接：Unknown；导入日期 2026-08-25；执行前复核当前规则
https://bizwarriors.com/		FALSE		聚合源标记免费；来源：大罗SEO/High DA Profile / 大罗SEO/Forums (L4)；类型：Profile link / Forums；链接：Nofollow；聚合源标记可即时通过；导入日期 2026-08-25；执行前复核当前规则
https://blackhatworld.com/		FALSE		聚合源标记免费；来源：大罗SEO/High DA Profile / 大罗SEO/Forums (L4)；类型：Profile link / Forums；链接：Nofollow；聚合源标记可即时通过；导入日期 2026-08-25；执行前复核当前规则
https://blackplanet.com/		FALSE		聚合源标记免费；来源：大罗SEO/High DA Profile / 大罗SEO/Communities (L4)；类型：Profile link / Communities；链接：Dofollow；聚合源标记可即时通过；导入日期 2026-08-25；执行前复核当前规则
https://blastingnews.com/		FALSE		聚合源标记免费；来源：大罗SEO/High DA Profile；类型：Profile link；链接：Nofollow；聚合源标记可即时通过；导入日期 2026-08-25；执行前复核当前规则
https://blazingblog.com/		FALSE		聚合源标记免费；来源：大罗SEO/Website Builder L4；类型：Website Builder；链接：Dofollow；聚合源标记可即时通过；导入日期 2026-08-25；执行前复核当前规则
https://bleepblogs.com/		FALSE		聚合源标记免费；来源：大罗SEO/Website Builder L4；类型：Website Builder；链接：Dofollow；聚合源标记可即时通过；导入日期 2026-08-25；执行前复核当前规则
https://blenderartists.org/		FALSE		聚合源标记免费；来源：大罗SEO/High DA Profile；类型：Profile link；链接：Nofollow；聚合源标记可即时通过；导入日期 2026-08-25；执行前复核当前规则
https://bligblogging.com/		FALSE		聚合源标记免费；来源：大罗SEO/Website Builder L4；类型：Website Builder；链接：Dofollow；聚合源标记可即时通过；导入日期 2026-08-25；执行前复核当前规则
https://blip.fm/		FALSE		聚合源标记免费；来源：大罗SEO/High DA Profile；类型：Profile link；链接：Nofollow；聚合源标记可即时通过；导入日期 2026-08-25；执行前复核当前规则
https://blog-a-story.com/		FALSE		聚合源标记免费；来源：大罗SEO/Website Builder L4；类型：Website Builder；链接：Dofollow；聚合源标记可即时通过；导入日期 2026-08-25；执行前复核当前规则
https://blog-gold.com/		FALSE		聚合源标记免费；来源：大罗SEO/Website Builder L4；类型：Website Builder；链接：Dofollow；聚合源标记可即时通过；导入日期 2026-08-25；执行前复核当前规则
https://blog-mall.com/		FALSE		聚合源标记免费；来源：大罗SEO/Website Builder L4；类型：Website Builder；链接：Dofollow；聚合源标记可即时通过；导入日期 2026-08-25；执行前复核当前规则
https://blog-search.com/		FALSE		聚合源标记免费；来源：大罗SEO/Search Engine；类型：Search Engine；链接：Unknown；导入日期 2026-08-25；执行前复核当前规则
https://blog.dnevnik.hr/		FALSE		聚合源标记免费；来源：大罗SEO/Website Builder L4；类型：Website Builder；链接：Dofollow；聚合源标记可即时通过；导入日期 2026-08-25；执行前复核当前规则
https://blog.shopolop.com/		FALSE		聚合源标记免费；来源：大罗SEO/Article Submission L4；类型：Article Submission；链接：Nofollow；聚合源标记可即时通过；导入日期 2026-08-25；执行前复核当前规则
https://blog.wox.cc/		FALSE		聚合源标记免费；来源：大罗SEO/Website Builder L4；类型：Website Builder；链接：Dofollow；聚合源标记可即时通过；导入日期 2026-08-25；执行前复核当前规则
https://blog2learn.com/		FALSE		聚合源标记免费；来源：大罗SEO/Website Builder L4；类型：Website Builder；链接：Dofollow；聚合源标记可即时通过；导入日期 2026-08-25；执行前复核当前规则
https://blog2news.com/		FALSE		聚合源标记免费；来源：大罗SEO/Website Builder L4；类型：Website Builder；链接：Dofollow；聚合源标记可即时通过；导入日期 2026-08-25；执行前复核当前规则
https://blog4youth.com/		FALSE		聚合源标记免费；来源：大罗SEO/Website Builder L4；类型：Website Builder；链接：Dofollow；聚合源标记可即时通过；导入日期 2026-08-25；执行前复核当前规则
https://blog5.net/		FALSE		聚合源标记免费；来源：大罗SEO/Website Builder L4；类型：Website Builder；链接：Dofollow；聚合源标记可即时通过；导入日期 2026-08-25；执行前复核当前规则
https://blogacep.com/		FALSE		聚合源标记免费；来源：大罗SEO/Website Builder L4；类型：Website Builder；链接：Dofollow；聚合源标记可即时通过；导入日期 2026-08-25；执行前复核当前规则
https://blogadvize.com/		FALSE		聚合源标记免费；来源：大罗SEO/Website Builder L4；类型：Website Builder；链接：Dofollow；聚合源标记可即时通过；导入日期 2026-08-25；执行前复核当前规则
https://blogarama.com/		FALSE		聚合源标记免费；来源：大罗SEO/Directory；类型：Directory；链接：Unknown；导入日期 2026-08-25；执行前复核当前规则
https://blogaritma.com/		FALSE		聚合源标记免费；来源：大罗SEO/Website Builder L4；类型：Website Builder；链接：Dofollow；聚合源标记可即时通过；导入日期 2026-08-25；执行前复核当前规则
https://blogcudinti.com/		FALSE		聚合源标记免费；来源：大罗SEO/Website Builder L4；类型：Website Builder；链接：Dofollow；聚合源标记可即时通过；导入日期 2026-08-25；执行前复核当前规则
https://blogdal.com/		FALSE		聚合源标记免费；来源：大罗SEO/Website Builder L4；类型：Website Builder；链接：Dofollow；聚合源标记可即时通过；导入日期 2026-08-25；执行前复核当前规则
https://blogdigy.com/		FALSE		聚合源标记免费；来源：大罗SEO/High DA Profile；类型：Profile link；链接：Dofollow；聚合源标记可即时通过；导入日期 2026-08-25；执行前复核当前规则
https://blogdomago.com/		FALSE		聚合源标记免费；来源：大罗SEO/Website Builder L4；类型：Website Builder；链接：Dofollow；聚合源标记可即时通过；导入日期 2026-08-25；执行前复核当前规则
https://blogdon.net/		FALSE		聚合源标记免费；来源：大罗SEO/Website Builder L4；类型：Website Builder；链接：Dofollow；聚合源标记可即时通过；导入日期 2026-08-25；执行前复核当前规则
https://blogfree.net/		FALSE		聚合源标记免费；来源：大罗SEO/High DA Profile；类型：Profile link；链接：Dofollow；聚合源标记可即时通过；导入日期 2026-08-25；执行前复核当前规则
https://blogfreely.net/		FALSE		聚合源标记免费；来源：大罗SEO/Website Builder L4；类型：Website Builder；链接：Nofollow；聚合源标记可即时通过；导入日期 2026-08-25；执行前复核当前规则
https://bloggalot.com/		FALSE		聚合源标记免费；来源：大罗SEO/Bookmarking；类型：Bookmarking；链接：Nofollow；聚合源标记可即时通过；导入日期 2026-08-25；执行前复核当前规则
https://bloggazzo.com/		FALSE		聚合源标记免费；来源：大罗SEO/Website Builder L4；类型：Website Builder；链接：Dofollow；聚合源标记可即时通过；导入日期 2026-08-25；执行前复核当前规则
https://blogger.ba/		FALSE		聚合源标记免费；来源：大罗SEO/Website Builder L4；类型：Website Builder；链接：Dofollow；聚合源标记可即时通过；导入日期 2026-08-25；执行前复核当前规则
https://blogger.com/		FALSE		聚合源标记免费；来源：大罗SEO/High DA Profile；类型：Profile link；链接：Dofollow；聚合源标记可即时通过；导入日期 2026-08-25；执行前复核当前规则
https://bloggerbags.com/		FALSE		聚合源标记免费；来源：大罗SEO/Website Builder L4；类型：Website Builder；链接：Dofollow；聚合源标记可即时通过；导入日期 2026-08-25；执行前复核当前规则
https://bloggersroad.com/		FALSE		聚合源标记免费；来源：大罗SEO/Article Submission L4；类型：Article Submission；链接：Nofollow；聚合源标记可即时通过；导入日期 2026-08-25；执行前复核当前规则
https://bloggerswise.com/		FALSE		聚合源标记免费；来源：大罗SEO/Website Builder L4；类型：Website Builder；链接：Dofollow；聚合源标记可即时通过；导入日期 2026-08-25；执行前复核当前规则
https://bloggin-ads.com/		FALSE		聚合源标记免费；来源：大罗SEO/Website Builder L4；类型：Website Builder；链接：Dofollow；聚合源标记可即时通过；导入日期 2026-08-25；执行前复核当前规则
https://bloggosite.com/		FALSE		聚合源标记免费；来源：大罗SEO/Website Builder L4；类型：Website Builder；链接：Dofollow；聚合源标记可即时通过；导入日期 2026-08-25；执行前复核当前规则
https://bloginder.com/		FALSE		聚合源标记免费；来源：大罗SEO/Website Builder L4；类型：Website Builder；链接：Dofollow；聚合源标记可即时通过；导入日期 2026-08-25；执行前复核当前规则
https://bloginwi.com/		FALSE		聚合源标记免费；来源：大罗SEO/Website Builder L4；类型：Website Builder；链接：Dofollow；聚合源标记可即时通过；导入日期 2026-08-25；执行前复核当前规则
https://blogkoo.com/		FALSE		聚合源标记免费；来源：大罗SEO/Website Builder L4；类型：Website Builder；链接：Dofollow；聚合源标记可即时通过；导入日期 2026-08-25；执行前复核当前规则
https://bloglovin.com/		FALSE		聚合源标记免费；来源：大罗SEO/High DA Profile；类型：Profile link；链接：Dofollow；聚合源标记可即时通过；导入日期 2026-08-25；执行前复核当前规则
https://blognody.com/		FALSE		聚合源标记免费；来源：大罗SEO/Website Builder L4；类型：Website Builder；链接：Dofollow；聚合源标记可即时通过；导入日期 2026-08-25；执行前复核当前规则
https://blogocial.com/		FALSE		聚合源标记免费；来源：大罗SEO/Website Builder L4；类型：Website Builder；链接：Dofollow；聚合源标记可即时通过；导入日期 2026-08-25；执行前复核当前规则
https://blogofchange.com/		FALSE		聚合源标记免费；来源：大罗SEO/Website Builder L4；类型：Website Builder；链接：Dofollow；聚合源标记可即时通过；导入日期 2026-08-25；执行前复核当前规则
https://blogofoto.com/		FALSE		聚合源标记免费；来源：大罗SEO/Website Builder L4；类型：Website Builder；链接：Dofollow；聚合源标记可即时通过；导入日期 2026-08-25；执行前复核当前规则
https://blogolenta.com/		FALSE		聚合源标记免费；来源：大罗SEO/Website Builder L4；类型：Website Builder；链接：Dofollow；聚合源标记可即时通过；导入日期 2026-08-25；执行前复核当前规则
https://blogoscience.com/		FALSE		聚合源标记免费；来源：大罗SEO/Website Builder L4；类型：Website Builder；链接：Dofollow；聚合源标记可即时通过；导入日期 2026-08-25；执行前复核当前规则
https://blogpostie.com/		FALSE		聚合源标记免费；来源：大罗SEO/Website Builder L4；类型：Website Builder；链接：Dofollow；聚合源标记可即时通过；导入日期 2026-08-25；执行前复核当前规则
https://blogprodesign.com/		FALSE		聚合源标记免费；来源：大罗SEO/Website Builder L4；类型：Website Builder；链接：Dofollow；聚合源标记可即时通过；导入日期 2026-08-25；执行前复核当前规则
https://blogproducer.com/		FALSE		聚合源标记免费；来源：大罗SEO/Website Builder L4；类型：Website Builder；链接：Dofollow；聚合源标记可即时通过；导入日期 2026-08-25；执行前复核当前规则
https://blogrelation.com/		FALSE		聚合源标记免费；来源：大罗SEO/Website Builder L4；类型：Website Builder；链接：Dofollow；聚合源标记可即时通过；导入日期 2026-08-25；执行前复核当前规则
https://blogrenanda.com/		FALSE		聚合源标记免费；来源：大罗SEO/Website Builder L4；类型：Website Builder；链接：Dofollow；聚合源标记可即时通过；导入日期 2026-08-25；执行前复核当前规则
https://blogripley.com/		FALSE		聚合源标记免费；来源：大罗SEO/Website Builder L4；类型：Website Builder；链接：Dofollow；聚合源标记可即时通过；导入日期 2026-08-25；执行前复核当前规则
https://blogs-collection.com/		FALSE		聚合源标记免费；来源：大罗SEO/Directory；类型：Directory；链接：Unknown；导入日期 2026-08-25；执行前复核当前规则
https://blogs-service.com/		FALSE		聚合源标记免费；来源：大罗SEO/Website Builder L4；类型：Website Builder；链接：Dofollow；聚合源标记可即时通过；导入日期 2026-08-25；执行前复核当前规则
https://blogs.botw.org/		FALSE		聚合源标记免费；来源：大罗SEO/Directory；类型：Directory；链接：Unknown；导入日期 2026-08-25；执行前复核当前规则
https://blogs100.com/		FALSE		聚合源标记免费；来源：大罗SEO/Website Builder L4；类型：Website Builder；链接：Dofollow；聚合源标记可即时通过；导入日期 2026-08-25；执行前复核当前规则
https://blogsidea.com/		FALSE		聚合源标记免费；来源：大罗SEO/Website Builder L4；类型：Website Builder；链接：Dofollow；聚合源标记可即时通过；导入日期 2026-08-25；执行前复核当前规则
https://blogstival.com/		FALSE		聚合源标记免费；来源：大罗SEO/Website Builder L4；类型：Website Builder；链接：Dofollow；聚合源标记可即时通过；导入日期 2026-08-25；执行前复核当前规则
https://blogsuperapp.com/		FALSE		聚合源标记免费；来源：大罗SEO/Website Builder L4；类型：Website Builder；链接：Dofollow；聚合源标记可即时通过；导入日期 2026-08-25；执行前复核当前规则
https://blogtalkradio.com/		FALSE		聚合源标记免费；来源：大罗SEO/High DA Profile；类型：Profile link；链接：Dofollow；聚合源标记可即时通过；导入日期 2026-08-25；执行前复核当前规则
https://blogthisbiz.com/		FALSE		聚合源标记免费；来源：大罗SEO/Website Builder L4；类型：Website Builder；链接：Dofollow；聚合源标记可即时通过；导入日期 2026-08-25；执行前复核当前规则
https://bloguerosa.com/		FALSE		聚合源标记免费；来源：大罗SEO/Website Builder L4；类型：Website Builder；链接：Dofollow；聚合源标记可即时通过；导入日期 2026-08-25；执行前复核当前规则
https://bloguetechno.com/		FALSE		聚合源标记免费；来源：大罗SEO/Website Builder L4；类型：Website Builder；链接：Dofollow；聚合源标记可即时通过；导入日期 2026-08-25；执行前复核当前规则
https://blogvivi.com/		FALSE		聚合源标记免费；来源：大罗SEO/Website Builder L4；类型：Website Builder；链接：Dofollow；聚合源标记可即时通过；导入日期 2026-08-25；执行前复核当前规则
https://blogzag.com/		FALSE		聚合源标记免费；来源：大罗SEO/Website Builder L4；类型：Website Builder；链接：Dofollow；聚合源标记可即时通过；导入日期 2026-08-25；执行前复核当前规则
https://blogzet.com/		FALSE		聚合源标记免费；来源：大罗SEO/Website Builder L4；类型：Website Builder；链接：Dofollow；聚合源标记可即时通过；导入日期 2026-08-25；执行前复核当前规则
https://blpdirectory.info/submit.php?LINK_TYPE=2		FALSE		聚合源标记免费；来源：首轮明确免费提交入口 / GitHub/csv/09-general-directories.csv+md/09-general-directories.md；类型：Directory / submission；导入日期 2026-08-25；执行前复核当前规则
https://bluaziende.com/		FALSE		聚合源标记免费；来源：大罗SEO/Directory；类型：Directory；链接：Unknown；导入日期 2026-08-25；执行前复核当前规则
https://blue-blogs.com/		FALSE		聚合源标记免费；来源：大罗SEO/Website Builder L4；类型：Website Builder；链接：Dofollow；聚合源标记可即时通过；导入日期 2026-08-25；执行前复核当前规则
https://blurb.com/		FALSE		聚合源标记免费；来源：大罗SEO/High DA Profile；类型：Profile link；链接：Nofollow；聚合源标记可即时通过；导入日期 2026-08-25；执行前复核当前规则
https://bluxeblog.com/		FALSE		聚合源标记免费；来源：大罗SEO/Website Builder L4；类型：Website Builder；链接：Dofollow；聚合源标记可即时通过；导入日期 2026-08-25；执行前复核当前规则
https://bmx-forum.com/		FALSE		聚合源标记免费；来源：大罗SEO/High DA Profile / 大罗SEO/Forums (L4)；类型：Profile link / Forums；链接：Nofollow；聚合源标记可即时通过；导入日期 2026-08-25；执行前复核当前规则
https://board.radionomy.com/		FALSE		聚合源标记免费；来源：大罗SEO/High DA Profile / 大罗SEO/Forums (L4)；类型：Profile link / Forums；链接：Dofollow；聚合源标记可即时通过；导入日期 2026-08-25；执行前复核当前规则
https://boards.core77.com/		FALSE		聚合源标记免费；来源：大罗SEO/High DA Profile / 大罗SEO/Forums (L4)；类型：Profile link / Forums；链接：Nofollow；聚合源标记可即时通过；导入日期 2026-08-25；执行前复核当前规则
https://boards.straightdope.com/		FALSE		聚合源标记免费；来源：大罗SEO/High DA Profile / 大罗SEO/Forums (L4)；类型：Profile link / Forums；链接：Nofollow；聚合源标记可即时通过；导入日期 2026-08-25；执行前复核当前规则
https://boldomatic.com/		FALSE		聚合源标记免费；来源：大罗SEO/High DA Profile；类型：Profile link；链接：Nofollow；聚合源标记可即时通过；导入日期 2026-08-25；执行前复核当前规则
https://bom.to/		FALSE		聚合源标记免费；来源：大罗SEO/URL Shortener；类型：URL Shortener；链接：Dofollow；聚合源标记可即时通过；导入日期 2026-08-25；执行前复核当前规则
https://bombstat.com/		FALSE		聚合源标记免费；来源：大罗SEO/High DA Profile；类型：Profile link；链接：Nofollow；聚合源标记可即时通过；导入日期 2026-08-25；执行前复核当前规则
https://bookandreader.com/		FALSE		聚合源标记免费；来源：大罗SEO/High DA Profile / 大罗SEO/Forums (L4)；类型：Profile link / Forums；链接：Dofollow；聚合源标记可即时通过；导入日期 2026-08-25；执行前复核当前规则
https://bookclubforum.co.uk/		FALSE		聚合源标记免费；来源：大罗SEO/High DA Profile / 大罗SEO/Forums (L4)；类型：Profile link / Forums；链接：Nofollow；聚合源标记可即时通过；导入日期 2026-08-25；执行前复核当前规则
https://bookcrossing.com/		FALSE		聚合源标记免费；来源：大罗SEO/High DA Profile；类型：Profile link；链接：Unknow；导入日期 2026-08-25；执行前复核当前规则
https://bookmark-dofollow.com/		FALSE		聚合源标记免费；来源：大罗SEO/Bookmarking；类型：Bookmarking；链接：Dofollow；聚合源标记可即时通过；导入日期 2026-08-25；执行前复核当前规则
https://bookmark-template.com/		FALSE		聚合源标记免费；来源：大罗SEO/Bookmarking；类型：Bookmarking；链接：Dofollow；聚合源标记可即时通过；导入日期 2026-08-25；执行前复核当前规则
https://bookmark.hiauthors.com/		FALSE		聚合源标记免费；来源：大罗SEO/Bookmarking；类型：Bookmarking；链接：Dofollow；聚合源标记可即时通过；导入日期 2026-08-25；执行前复核当前规则
https://bookmark4you.com/		FALSE		聚合源标记免费；来源：大罗SEO/Bookmarking；类型：Bookmarking；链接：Dofollow；聚合源标记可即时通过；导入日期 2026-08-25；执行前复核当前规则
https://bookmark4you.online/		FALSE		聚合源标记免费；来源：大罗SEO/High DA Profile / 大罗SEO/Bookmarking；类型：Profile link / Bookmarking；链接：Dofollow；聚合源标记可即时通过；导入日期 2026-08-25；执行前复核当前规则
https://bookmarkbid.com/		FALSE		聚合源标记免费；来源：大罗SEO/Bookmarking；类型：Bookmarking；链接：Dofollow；聚合源标记可即时通过；导入日期 2026-08-25；执行前复核当前规则
https://bookmarkbirth.com/		FALSE		聚合源标记免费；来源：大罗SEO/Bookmarking；类型：Bookmarking；链接：Dofollow；聚合源标记可即时通过；导入日期 2026-08-25；执行前复核当前规则
https://bookmarkcart.com/		FALSE		聚合源标记免费；来源：大罗SEO/Bookmarking；类型：Bookmarking；链接：Dofollow；聚合源标记可即时通过；导入日期 2026-08-25；执行前复核当前规则
https://bookmarkcart.info/		FALSE		聚合源标记免费；来源：大罗SEO/Bookmarking；类型：Bookmarking；链接：Dofollow；聚合源标记可即时通过；导入日期 2026-08-25；执行前复核当前规则
https://bookmarkdeal.com/		FALSE		聚合源标记免费；来源：大罗SEO/Bookmarking；类型：Bookmarking；链接：Dofollow；聚合源标记可即时通过；导入日期 2026-08-25；执行前复核当前规则
https://bookmarkdiary.com/		FALSE		聚合源标记免费；来源：大罗SEO/Bookmarking；类型：Bookmarking；链接：Dofollow；聚合源标记可即时通过；导入日期 2026-08-25；执行前复核当前规则
https://bookmarkee.com/		FALSE		聚合源标记免费；来源：大罗SEO/Bookmarking；类型：Bookmarking；链接：Dofollow；聚合源标记可即时通过；导入日期 2026-08-25；执行前复核当前规则
https://bookmarketmaven.com/		FALSE		聚合源标记免费；来源：大罗SEO/Bookmarking；类型：Bookmarking；链接：Dofollow；聚合源标记可即时通过；导入日期 2026-08-25；执行前复核当前规则
https://bookmarkextent.com/		FALSE		聚合源标记免费；来源：大罗SEO/Bookmarking；类型：Bookmarking；链接：Dofollow；聚合源标记可即时通过；导入日期 2026-08-25；执行前复核当前规则
https://bookmarkfeeds.com/		FALSE		聚合源标记免费；来源：大罗SEO/Bookmarking；类型：Bookmarking；链接：Dofollow；聚合源标记可即时通过；导入日期 2026-08-25；执行前复核当前规则
https://bookmarkfollow.com/		FALSE		聚合源标记免费；来源：大罗SEO/Bookmarking；类型：Bookmarking；链接：Dofollow；聚合源标记可即时通过；导入日期 2026-08-25；执行前复核当前规则
https://bookmarkgroups.com/		FALSE		聚合源标记免费；来源：大罗SEO/Bookmarking；类型：Bookmarking；链接：Dofollow；聚合源标记可即时通过；导入日期 2026-08-25；执行前复核当前规则
https://bookmarkhub.xyz/		FALSE		聚合源标记免费；来源：大罗SEO/Bookmarking；类型：Bookmarking；链接：Dofollow；聚合源标记可即时通过；导入日期 2026-08-25；执行前复核当前规则
https://bookmarkinbox.com/		FALSE		聚合源标记免费；来源：大罗SEO/Bookmarking；类型：Bookmarking；链接：Dofollow；聚合源标记可即时通过；导入日期 2026-08-25；执行前复核当前规则
https://bookmarkinbox.info/		FALSE		聚合源标记免费；来源：大罗SEO/Bookmarking；类型：Bookmarking；链接：Dofollow；聚合源标记可即时通过；导入日期 2026-08-25；执行前复核当前规则
https://bookmarking.info/		FALSE		聚合源标记免费；来源：大罗SEO/Bookmarking；类型：Bookmarking；链接：Dofollow；聚合源标记可即时通过；导入日期 2026-08-25；执行前复核当前规则
https://bookmarking.typingpage.com/		FALSE		聚合源标记免费；来源：大罗SEO/Bookmarking；类型：Bookmarking；链接：Dofollow；聚合源标记可即时通过；导入日期 2026-08-25；执行前复核当前规则
https://bookmarkingbase.com/		FALSE		聚合源标记免费；来源：大罗SEO/Bookmarking；类型：Bookmarking；链接：Nofollow；聚合源标记可即时通过；导入日期 2026-08-25；执行前复核当前规则
https://bookmarkingera.com/		FALSE		聚合源标记免费；来源：大罗SEO/Bookmarking；类型：Bookmarking；链接：Dofollow；聚合源标记可即时通过；导入日期 2026-08-25；执行前复核当前规则
https://bookmarkingfix.com/		FALSE		聚合源标记免费；来源：大罗SEO/Bookmarking；类型：Bookmarking；链接：Dofollow；聚合源标记可即时通过；导入日期 2026-08-25；执行前复核当前规则
https://bookmarkingfree.com/		FALSE		聚合源标记免费；来源：大罗SEO/Bookmarking；类型：Bookmarking；链接：Dofollow；聚合源标记可即时通过；导入日期 2026-08-25；执行前复核当前规则
https://bookmarkinghost.info/		FALSE		聚合源标记免费；来源：大罗SEO/Bookmarking；类型：Bookmarking；链接：Dofollow；聚合源标记可即时通过；导入日期 2026-08-25；执行前复核当前规则
https://bookmarkingpage.com/		FALSE		聚合源标记免费；来源：大罗SEO/Bookmarking；类型：Bookmarking；链接：Dofollow；聚合源标记可即时通过；导入日期 2026-08-25；执行前复核当前规则
https://bookmarkingpage.xyz/		FALSE		聚合源标记免费；来源：大罗SEO/Bookmarking；类型：Bookmarking；链接：Dofollow；聚合源标记可即时通过；导入日期 2026-08-25；执行前复核当前规则
https://bookmarkingroof.com/		FALSE		聚合源标记免费；来源：大罗SEO/Bookmarking；类型：Bookmarking；链接：Dofollow；聚合源标记可即时通过；导入日期 2026-08-25；执行前复核当前规则
https://bookmarkja.com/		FALSE		聚合源标记免费；来源：大罗SEO/Bookmarking；类型：Bookmarking；链接：Dofollow；聚合源标记可即时通过；导入日期 2026-08-25；执行前复核当前规则
https://bookmarkloves.com/		FALSE		聚合源标记免费；来源：大罗SEO/Bookmarking；类型：Bookmarking；链接：Dofollow；聚合源标记可即时通过；导入日期 2026-08-25；执行前复核当前规则
https://bookmarkmaps.com/		FALSE		聚合源标记免费；来源：大罗SEO/Bookmarking；类型：Bookmarking；链接：Dofollow；聚合源标记可即时通过；导入日期 2026-08-25；执行前复核当前规则
https://bookmarkmonk.com/		FALSE		聚合源标记免费；来源：大罗SEO/Bookmarking；类型：Bookmarking；链接：Nofollow；聚合源标记可即时通过；导入日期 2026-08-25；执行前复核当前规则
https://bookmarkplatform.xyz/		FALSE		聚合源标记免费；来源：大罗SEO/Bookmarking；类型：Bookmarking；链接：Dofollow；聚合源标记可即时通过；导入日期 2026-08-25；执行前复核当前规则
https://bookmarkport.com/		FALSE		聚合源标记免费；来源：大罗SEO/Bookmarking；类型：Bookmarking；链接：Dofollow；聚合源标记可即时通过；导入日期 2026-08-25；执行前复核当前规则
https://bookmarkrange.com/		FALSE		聚合源标记免费；来源：大罗SEO/Bookmarking；类型：Bookmarking；链接：Dofollow；聚合源标记可即时通过；导入日期 2026-08-25；执行前复核当前规则
https://bookmarks2u.com/		FALSE		聚合源标记免费；来源：大罗SEO/Bookmarking；类型：Bookmarking；链接：Dofollow；聚合源标记可即时通过；导入日期 2026-08-25；执行前复核当前规则
https://bookmarksclub.com/		FALSE		聚合源标记免费；来源：大罗SEO/Bookmarking；类型：Bookmarking；链接：Dofollow；聚合源标记可即时通过；导入日期 2026-08-25；执行前复核当前规则
https://bookmarkset.com/		FALSE		聚合源标记免费；来源：大罗SEO/Bookmarking；类型：Bookmarking；链接：Dofollow；聚合源标记可即时通过；导入日期 2026-08-25；执行前复核当前规则
https://bookmarkshq.com/		FALSE		聚合源标记免费；来源：大罗SEO/Bookmarking；类型：Bookmarking；链接：Dofollow；聚合源标记可即时通过；导入日期 2026-08-25；执行前复核当前规则
https://bookmarksknot.com/		FALSE		聚合源标记免费；来源：大罗SEO/Bookmarking；类型：Bookmarking；链接：Dofollow；聚合源标记可即时通过；导入日期 2026-08-25；执行前复核当前规则
https://bookmarkspot.com/		FALSE		聚合源标记免费；来源：大罗SEO/Bookmarking；类型：Bookmarking；链接：Dofollow；聚合源标记可即时通过；导入日期 2026-08-25；执行前复核当前规则
https://bookmarkspring.com/		FALSE		聚合源标记免费；来源：大罗SEO/Bookmarking；类型：Bookmarking；链接：Dofollow；聚合源标记可即时通过；导入日期 2026-08-25；执行前复核当前规则
https://bookmarkstime.com/		FALSE		聚合源标记免费；来源：大罗SEO/Bookmarking；类型：Bookmarking；链接：Dofollow；聚合源标记可即时通过；导入日期 2026-08-25；执行前复核当前规则
https://bookmarkstumble.com/		FALSE		聚合源标记免费；来源：大罗SEO/Bookmarking；类型：Bookmarking；链接：Dofollow；聚合源标记可即时通过；导入日期 2026-08-25；执行前复核当前规则
https://bookmarkswing.com/		FALSE		聚合源标记免费；来源：大罗SEO/Bookmarking；类型：Bookmarking；链接：Dofollow；聚合源标记可即时通过；导入日期 2026-08-25；执行前复核当前规则
https://bookmarktalk.info/		FALSE		聚合源标记免费；来源：大罗SEO/Bookmarking；类型：Bookmarking；链接：Dofollow；聚合源标记可即时通过；导入日期 2026-08-25；执行前复核当前规则
https://bookmarktheme.com/		FALSE		聚合源标记免费；来源：大罗SEO/Bookmarking；类型：Bookmarking；链接：Dofollow；聚合源标记可即时通过；导入日期 2026-08-25；执行前复核当前规则
https://bookmarkwiki.com/		FALSE		聚合源标记免费；来源：大罗SEO/Bookmarking；类型：Bookmarking；链接：Dofollow；聚合源标记可即时通过；导入日期 2026-08-25；执行前复核当前规则
https://bookmarky.cz/		FALSE		聚合源标记免费；来源：大罗SEO/Bookmarking；类型：Bookmarking；链接：Dofollow；聚合源标记可即时通过；导入日期 2026-08-25；执行前复核当前规则
https://booksie.com/		FALSE		聚合源标记免费；来源：大罗SEO/High DA Profile；类型：Profile link；链接：Nofollow；聚合源标记可即时通过；导入日期 2026-08-25；执行前复核当前规则
https://bootstrappers.io/		FALSE		聚合源标记免费；来源：大罗SEO/Directory；类型：Directory；链接：Unknown；导入日期 2026-08-25；执行前复核当前规则
https://bootstrapps.com/		FALSE		聚合源标记免费；来源：大罗SEO/Deals (L3)；类型：Deals；链接：Unknown；导入日期 2026-08-25；执行前复核当前规则
https://boredpanda.com/		FALSE		聚合源标记免费；来源：大罗SEO/High DA Profile；类型：Profile link；链接：Nofollow；聚合源标记可即时通过；导入日期 2026-08-25；执行前复核当前规则
https://botw.org/		FALSE		聚合源标记免费；来源：大罗SEO/Directory；类型：Directory；链接：Unknown；导入日期 2026-08-25；执行前复核当前规则
https://botw.org.uk/		FALSE		聚合源标记免费；来源：大罗SEO/Directory；类型：Directory；链接：Unknown；导入日期 2026-08-25；执行前复核当前规则
https://boxgroove.com/		FALSE		聚合源标记免费；来源：大罗SEO/High DA Profile；类型：Profile link；链接：Nofollow；聚合源标记可即时通过；导入日期 2026-08-25；执行前复核当前规则
https://boxingscene.com/forums		FALSE		聚合源标记免费；来源：大罗SEO/High DA Profile / 大罗SEO/Forums (L4)；类型：Profile link / Forums；链接：Nofollow；聚合源标记可即时通过；导入日期 2026-08-25；执行前复核当前规则
https://bpldirectory.info/		FALSE		聚合源标记免费；来源：GitHub/csv/09-general-directories.csv+md/09-general-directories.md；类型：homepage；导入日期 2026-08-25；执行前复核当前规则
https://bradsdeals.com/		FALSE		聚合源标记免费；来源：大罗SEO/Deals (L3)；类型：Deals；链接：Unknown；导入日期 2026-08-25；执行前复核当前规则
https://bravenet.com/		FALSE		聚合源标记免费；来源：大罗SEO/Website Builder L4；类型：Website Builder；链接：Nofollow；聚合源标记可即时通过；导入日期 2026-08-25；执行前复核当前规则
https://brijj.com/		FALSE		聚合源标记免费；来源：大罗SEO/High DA Profile；类型：Profile link；链接：Nofollow；聚合源标记可即时通过；导入日期 2026-08-25；执行前复核当前规则
https://briteccomputers.co.uk/forum		FALSE		聚合源标记免费；来源：大罗SEO/High DA Profile / 大罗SEO/Forums (L4)；类型：Profile link / Forums；链接：Nofollow；聚合源标记可即时通过；导入日期 2026-08-25；执行前复核当前规则
https://britishcarforum.com/community/pages/home		FALSE		聚合源标记免费；来源：大罗SEO/High DA Profile / 大罗SEO/Forums (L4)；类型：Profile link / Forums；链接：Dofollow；聚合源标记可即时通过；导入日期 2026-08-25；执行前复核当前规则
https://britishforcesdiscounts.co.uk/		FALSE		聚合源标记免费；来源：大罗SEO/High DA Profile；类型：Profile link；链接：Dofollow；聚合源标记可即时通过；导入日期 2026-08-25；执行前复核当前规则
https://brouseai.com/submission/ai		FALSE		聚合源标记免费；来源：首轮明确免费提交入口 / GitHub/csv/09-general-directories.csv+md/09-general-directories.md；类型：Directory / submission；导入日期 2026-08-25；执行前复核当前规则
https://brownbook.net/		FALSE		聚合源标记免费；来源：大罗SEO/Local (L2)；类型：Local；链接：Unknown；导入日期 2026-08-25；执行前复核当前规则
https://bsocialbookmarking.info/		FALSE		聚合源标记免费；来源：大罗SEO/Bookmarking；类型：Bookmarking；链接：Dofollow；聚合源标记可即时通过；导入日期 2026-08-25；执行前复核当前规则
https://bthenewgmpguitarforum.runboard.com/		FALSE		聚合源标记免费；来源：大罗SEO/High DA Profile / 大罗SEO/Forums (L4)；类型：Profile link / Forums；链接：Dofollow；聚合源标记可即时通过；导入日期 2026-08-25；执行前复核当前规则
https://buddypic.com/forum		FALSE		聚合源标记免费；来源：大罗SEO/Forums (L4)；类型：Forums；链接：Unknown；导入日期 2026-08-25；执行前复核当前规则
https://budgetnet.com.au/ndis		FALSE		聚合源标记免费；来源：大罗SEO/Local (L2)；类型：Local；链接：Unknown；导入日期 2026-08-25；执行前复核当前规则
https://builtwith.com/		FALSE		聚合源标记免费；来源：大罗SEO/High DA Profile；类型：Profile link；链接：Nofollow；聚合源标记可即时通过；导入日期 2026-08-25；执行前复核当前规则
https://business-software.com/		FALSE		聚合源标记免费；来源：GitHub/csv/01-startup-directories.csv+csv/09-general-directories.csv+md/01-startup-directories.md+md/09-general-directories.md；类型：homepage；导入日期 2026-08-25；执行前复核当前规则
https://business-software.com/add-your-product		FALSE		聚合源标记免费；来源：GitHub/csv/09-general-directories.csv+md/09-general-directories.md；类型：submission；导入日期 2026-08-25；执行前复核当前规则
https://business-startpage.com/		FALSE		聚合源标记免费；来源：大罗SEO/Directory；类型：Directory；链接：Dofollow；聚合源标记可即时通过；导入日期 2026-08-25；执行前复核当前规则
https://businessadviceforum.com/		FALSE		聚合源标记免费；来源：大罗SEO/High DA Profile / 大罗SEO/Forums (L4)；类型：Profile link / Forums；链接：Nofollow；聚合源标记可即时通过；导入日期 2026-08-25；执行前复核当前规则
https://businessfollow.com/		FALSE		聚合源标记免费；来源：大罗SEO/Bookmarking；类型：Bookmarking；链接：Dofollow；聚合源标记可即时通过；导入日期 2026-08-25；执行前复核当前规则
https://businessforum.uk/		FALSE		聚合源标记免费；来源：大罗SEO/High DA Profile / 大罗SEO/Forums (L4)；类型：Profile link / Forums；链接：Nofollow；聚合源标记可即时通过；导入日期 2026-08-25；执行前复核当前规则
https://businesslistingplus.com/		FALSE		聚合源标记免费；来源：大罗SEO/Local (L2)；类型：Local；链接：Unknown；导入日期 2026-08-25；执行前复核当前规则
https://businesslistings.net.au/		FALSE		聚合源标记免费；来源：大罗SEO/Local (L2)；类型：Local；链接：Dofollow；聚合源标记可即时通过；导入日期 2026-08-25；执行前复核当前规则
https://businessmerits.com/		FALSE		聚合源标记免费；来源：大罗SEO/Bookmarking；类型：Bookmarking；链接：Dofollow；聚合源标记可即时通过；导入日期 2026-08-25；执行前复核当前规则
https://businessnewsplace.com/		FALSE		聚合源标记免费；来源：大罗SEO/Bookmarking；类型：Bookmarking；链接：Dofollow；聚合源标记可即时通过；导入日期 2026-08-25；执行前复核当前规则
https://businessorgs.com/		FALSE		聚合源标记免费；来源：大罗SEO/Bookmarking；类型：Bookmarking；链接：Dofollow；聚合源标记可即时通过；导入日期 2026-08-25；执行前复核当前规则
https://businessseek.biz/		FALSE		聚合源标记免费；来源：大罗SEO/Directory；类型：Directory；链接：Unknown；导入日期 2026-08-25；执行前复核当前规则
https://businessveyor.com/		FALSE		聚合源标记免费；来源：大罗SEO/Bookmarking；类型：Bookmarking；链接：Dofollow；聚合源标记可即时通过；导入日期 2026-08-25；执行前复核当前规则
https://bussola-pro.com/		FALSE		聚合源标记免费；来源：大罗SEO/Directory / 大罗SEO/Review Sites；类型：Directory / Review Sites；链接：Unknown；导入日期 2026-08-25；执行前复核当前规则
https://buysmartprice.com/		FALSE		聚合源标记免费；来源：大罗SEO/Bookmarking；类型：Bookmarking；链接：Nofollow；聚合源标记可即时通过；导入日期 2026-08-25；执行前复核当前规则
https://buzzfeed.com/		FALSE		聚合源标记免费；来源：大罗SEO/High DA Profile；类型：Profile link；链接：Dofollow；聚合源标记可即时通过；导入日期 2026-08-25；执行前复核当前规则
https://buzzon.khaleejtimes.com/		FALSE		聚合源标记免费；来源：大罗SEO/High DA Profile / 大罗SEO/Job Boards (L4)；类型：Profile link / Job Boards；链接：Dofollow；聚合源标记可即时通过；导入日期 2026-08-25；执行前复核当前规则
https://buzzsprout.com/		FALSE		聚合源标记免费；来源：大罗SEO/High DA Profile；类型：Profile link；链接：Nofollow；导入日期 2026-08-25；执行前复核当前规则
https://ca.misterwhat.com/		FALSE		聚合源标记免费；来源：大罗SEO/Local (L2)；类型：Local；链接：Unknown；导入日期 2026-08-25；执行前复核当前规则
https://cabanova.com/		FALSE		聚合源标记免费；来源：大罗SEO/Website Builder L4；类型：Website Builder；链接：Dofollow；聚合源标记可即时通过；导入日期 2026-08-25；执行前复核当前规则
https://cado.pro/		FALSE		聚合源标记免费；来源：大罗SEO/Directory / 大罗SEO/Bookmarking / 大罗SEO/URL Shortener；类型：Directory / Bookmarking / URL Shortener；链接：Dofollow；聚合源标记可即时通过；导入日期 2026-08-25；执行前复核当前规则
https://caida.eu/		FALSE		聚合源标记免费；来源：大罗SEO/Directory；类型：Directory；链接：Unknown；导入日期 2026-08-25；执行前复核当前规则
https://cakeresume.com/		FALSE		聚合源标记免费；来源：大罗SEO/High DA Profile；类型：Profile link；链接：Nofollow；聚合源标记可即时通过；导入日期 2026-08-25；执行前复核当前规则
https://calameo.com/		FALSE		聚合源标记免费；来源：大罗SEO/High DA Profile / 大罗SEO/File Upload (L4)；类型：Profile link / File Upload；链接：Dofollow；聚合源标记可即时通过；导入日期 2026-08-25；执行前复核当前规则
https://calendly.com/		FALSE		聚合源标记免费；来源：大罗SEO/High DA Profile；类型：Profile link；链接：Dofollow；聚合源标记可即时通过；导入日期 2026-08-25；执行前复核当前规则
https://caliran.com/		FALSE		聚合源标记免费；来源：大罗SEO/Directory；类型：Directory；链接：Unknown；导入日期 2026-08-25；执行前复核当前规则
https://canariblogs.com/		FALSE		聚合源标记免费；来源：大罗SEO/Website Builder L4；类型：Website Builder；链接：Dofollow；聚合源标记可即时通过；导入日期 2026-08-25；执行前复核当前规则
https://canetads.com/		FALSE		聚合源标记免费；来源：大罗SEO/Classified Ads (L4)；类型：Classified Ads；链接：Dofollow；聚合源标记可即时通过；导入日期 2026-08-25；执行前复核当前规则
https://canopydirectory.com/directory		FALSE		聚合源标记免费；来源：GitHub/csv/04-launch-websites.csv+md/04-launch-websites.md；类型：submission；导入日期 2026-08-25；执行前复核当前规则
https://capterra.com/		FALSE		聚合源标记免费；来源：大罗SEO/Review Sites；类型：Review Sites；链接：Unknown；导入日期 2026-08-25；执行前复核当前规则
https://capterra.com/vendors/sign-up		FALSE		聚合源标记免费；来源：Web.Cafe 海外产品发布渠道；类型：Product Launch；导入日期 2026-08-25；执行前复核当前规则
https://carbonmade.com/		FALSE		聚合源标记免费；来源：大罗SEO/High DA Profile；类型：Profile link；链接：Unknown；导入日期 2026-08-25；执行前复核当前规则
https://careabout.com.au/		FALSE		聚合源标记免费；来源：大罗SEO/Local (L2)；类型：Local；链接：Unknown；导入日期 2026-08-25；执行前复核当前规则
https://careerbuilder.com/		FALSE		聚合源标记免费；来源：大罗SEO/Job Boards (L4)；类型：Job Boards；链接：Unknown；导入日期 2026-08-25；执行前复核当前规则
https://careercup.com/		FALSE		聚合源标记免费；来源：大罗SEO/High DA Profile；类型：Profile link；链接：Dofollow；聚合源标记可即时通过；导入日期 2026-08-25；执行前复核当前规则
https://careerone.com.au/		FALSE		聚合源标记免费；来源：大罗SEO/Job Boards (L4)；类型：Job Boards；链接：Unknown；导入日期 2026-08-25；执行前复核当前规则
https://careers.cannabizconnection.com/		FALSE		聚合源标记免费；来源：大罗SEO/High DA Profile / 大罗SEO/Job Boards (L4)；类型：Profile link / Job Boards；链接：Dofollow；聚合源标记可即时通过；导入日期 2026-08-25；执行前复核当前规则
https://careers.coloradopublichealth.org/		FALSE		聚合源标记免费；来源：大罗SEO/Job Boards (L4)；类型：Job Boards；链接：Dofollow；聚合源标记可即时通过；导入日期 2026-08-25；执行前复核当前规则
https://careers.msae.net/		FALSE		聚合源标记免费；来源：大罗SEO/High DA Profile / 大罗SEO/Job Boards (L4)；类型：Profile link / Job Boards；链接：Dofollow；聚合源标记可即时通过；导入日期 2026-08-25；执行前复核当前规则
https://carrd.co/		FALSE		聚合源标记免费；来源：大罗SEO/High DA Profile；类型：Profile link；链接：Dofollow；聚合源标记可即时通过；导入日期 2026-08-25；执行前复核当前规则
https://cassavabase.org/		FALSE		聚合源标记免费；来源：大罗SEO/High DA Profile；类型：Profile link；链接：Nofollow；聚合源标记可即时通过；导入日期 2026-08-25；执行前复核当前规则
https://cataloxy.com/		FALSE		聚合源标记免费；来源：大罗SEO/High DA Profile；类型：Profile link；链接：Dofollow；聚合源标记可即时通过；导入日期 2026-08-25；执行前复核当前规则
https://catbuzzy.com/		FALSE		聚合源标记免费；来源：大罗SEO/High DA Profile；类型：Profile link；链接：Dofollow；聚合源标记可即时通过；导入日期 2026-08-25；执行前复核当前规则
https://catforum.com/		FALSE		聚合源标记免费；来源：大罗SEO/High DA Profile / 大罗SEO/Forums (L4)；类型：Profile link / Forums；链接：Nofollow；聚合源标记可即时通过；导入日期 2026-08-25；执行前复核当前规则
https://cauduongbkdn.com/f@rums		FALSE		聚合源标记免费；来源：大罗SEO/High DA Profile / 大罗SEO/Forums (L4)；类型：Profile link / Forums；链接：Dofollow；聚合源标记可即时通过；导入日期 2026-08-25；执行前复核当前规则
https://cbseguess.com/		FALSE		聚合源标记免费；来源：大罗SEO/High DA Profile；类型：Profile link；链接：Nofollow；聚合源标记可即时通过；导入日期 2026-08-25；执行前复核当前规则
https://central.owncloud.org/		FALSE		聚合源标记免费；来源：大罗SEO/High DA Profile / 大罗SEO/Forums (L4)；类型：Profile link / Forums；链接：Nofollow；聚合源标记可即时通过；导入日期 2026-08-25；执行前复核当前规则
https://certiba.com/		FALSE		聚合源标记免费；来源：大罗SEO/Directory / 大罗SEO/Bookmarking；类型：Directory / Bookmarking；链接：Dofollow；聚合源标记可即时通过；导入日期 2026-08-25；执行前复核当前规则
https://chamberofcommerce.com/		FALSE		聚合源标记免费；来源：大罗SEO/Local (L2)；类型：Local；链接：Unknown；导入日期 2026-08-25；执行前复核当前规则
https://change.org/		FALSE		聚合源标记免费；来源：大罗SEO/High DA Profile；类型：Profile link；链接：Nofollow；聚合源标记可即时通过；导入日期 2026-08-25；执行前复核当前规则
https://chataiapps.com/		FALSE		聚合源标记免费；来源：GitHub/csv/04-launch-websites.csv+csv/05-backlinks.csv+csv/09-general-directories.csv+md/04-launch-websites.md+md/05-backlinks.md+md/09-general-directories.md；类型：submission；导入日期 2026-08-25；执行前复核当前规则
https://chatgate.ai/submit-your-tool		FALSE		聚合源标记免费；来源：首轮明确免费提交入口 / GitHub/csv/09-general-directories.csv+md/09-general-directories.md；类型：Directory / submission；导入日期 2026-08-25；执行前复核当前规则
https://chatgptdemo.com/		FALSE		聚合源标记免费；来源：GitHub/csv/04-launch-websites.csv+csv/05-backlinks.csv+csv/07-ai-creators-directory.csv+csv/09-general-directories.csv+md/04-launch-websites.md+md/05-backlinks.md+md/07-ai-creators-directory.md+md/09-general-directories.md；类型：homepage；导入日期 2026-08-25；执行前复核当前规则
https://chatgptdemo.com/submit-new-ai-tool		FALSE		聚合源标记免费；来源：首轮明确免费提交入口 / GitHub/csv/04-launch-websites.csv+csv/07-ai-creators-directory.csv+csv/09-general-directories.csv+md/04-launch-websites.md+md/07-ai-creators-directory.md+md/09-general-directories.md；类型：Directory / submission；导入日期 2026-08-25；执行前复核当前规则
https://chatroll.com/		FALSE		聚合源标记免费；来源：大罗SEO/High DA Profile；类型：Profile link；链接：Nofollow；聚合源标记可即时通过；导入日期 2026-08-25；执行前复核当前规则
https://chazhound.com/index.php		FALSE		聚合源标记免费；来源：大罗SEO/High DA Profile / 大罗SEO/Forums (L4)；类型：Profile link / Forums；链接：Dofollow；聚合源标记可即时通过；导入日期 2026-08-25；执行前复核当前规则
https://cheaperseeker.com/		FALSE		聚合源标记免费；来源：大罗SEO/High DA Profile；类型：Profile link；链接：Dofollow；聚合源标记可即时通过；导入日期 2026-08-25；执行前复核当前规则
https://cheezburger.com/		FALSE		聚合源标记免费；来源：大罗SEO/High DA Profile；类型：Profile link；链接：Dofollow；聚合源标记可即时通过；导入日期 2026-08-25；执行前复核当前规则
https://cheftalk.com/		FALSE		聚合源标记免费；来源：大罗SEO/High DA Profile；类型：Profile link；链接：Dofollow；聚合源标记可即时通过；导入日期 2026-08-25；执行前复核当前规则
https://chemicalforums.com/		FALSE		聚合源标记免费；来源：大罗SEO/High DA Profile / 大罗SEO/Forums (L4)；类型：Profile link / Forums；链接：Dofollow；聚合源标记可即时通过；导入日期 2026-08-25；执行前复核当前规则
https://chilp.it/		FALSE		聚合源标记免费；来源：大罗SEO/URL Shortener；类型：URL Shortener；链接：Dofollow；聚合源标记可即时通过；导入日期 2026-08-25；执行前复核当前规则
https://chinacarforums.com/		FALSE		聚合源标记免费；来源：大罗SEO/High DA Profile / 大罗SEO/Forums (L4)；类型：Profile link / Forums；链接：Dofollow；聚合源标记可即时通过；导入日期 2026-08-25；执行前复核当前规则
https://chomikuj.pl/		FALSE		聚合源标记免费；来源：大罗SEO/File Upload (L4)；类型：File Upload；链接：Dofollow；聚合源标记可即时通过；导入日期 2026-08-25；执行前复核当前规则
https://choralnet.org/		FALSE		聚合源标记免费；来源：大罗SEO/High DA Profile；类型：Profile link；链接：Nofollow；聚合源标记可即时通过；导入日期 2026-08-25；执行前复核当前规则
https://chordie.com/forum/index.php		FALSE		聚合源标记免费；来源：大罗SEO/High DA Profile / 大罗SEO/Forums (L4)；类型：Profile link / Forums；链接：Dofollow；聚合源标记可即时通过；导入日期 2026-08-25；执行前复核当前规则
https://chowhound.com/		FALSE		聚合源标记免费；来源：大罗SEO/High DA Profile；类型：Profile link；链接：Nofollow；聚合源标记可即时通过；导入日期 2026-08-25；执行前复核当前规则
https://cipinet.com/		FALSE		聚合源标记免费；来源：大罗SEO/Directory；类型：Directory；链接：Unknown；导入日期 2026-08-25；执行前复核当前规则
https://city-data.com/forum		FALSE		聚合源标记免费；来源：大罗SEO/High DA Profile / 大罗SEO/Forums (L4)；类型：Profile link / Forums；链接：Nofollow；聚合源标记可即时通过；导入日期 2026-08-25；执行前复核当前规则
https://cityad.in/		FALSE		聚合源标记免费；来源：大罗SEO/High DA Profile / 大罗SEO/Classified Ads (L4)；类型：Profile link / Classified Ads；链接：Dofollow；聚合源标记可即时通过；导入日期 2026-08-25；执行前复核当前规则
https://citysquares.com/		FALSE		聚合源标记免费；来源：大罗SEO/Local (L2)；类型：Local；链接：Unknown；导入日期 2026-08-25；执行前复核当前规则
https://classicalguitardelcamp.com/index.php		FALSE		聚合源标记免费；来源：大罗SEO/High DA Profile / 大罗SEO/Forums (L4)；类型：Profile link / Forums；链接：Dofollow；聚合源标记可即时通过；导入日期 2026-08-25；执行前复核当前规则
https://classified4free.net/		FALSE		聚合源标记免费；来源：大罗SEO/Classified Ads (L4)；类型：Classified Ads；链接：Dofollow；聚合源标记可即时通过；导入日期 2026-08-25；执行前复核当前规则
https://classifiedads.com/		FALSE		聚合源标记免费；来源：大罗SEO/Classified Ads (L4)；类型：Classified Ads；链接：Nofollow；聚合源标记可即时通过；导入日期 2026-08-25；执行前复核当前规则
https://classifieds4free.biz/		FALSE		聚合源标记免费；来源：大罗SEO/Classified Ads (L4)；类型：Classified Ads；链接：Dofollow；聚合源标记可即时通过；导入日期 2026-08-25；执行前复核当前规则
https://clickability.com.au/		FALSE		聚合源标记免费；来源：大罗SEO/Local (L2)；类型：Local；链接：Unknown；导入日期 2026-08-25；执行前复核当前规则
https://clicknewz.com/members		FALSE		聚合源标记免费；来源：大罗SEO/Forums (L4)；类型：Forums；链接：Unknown；导入日期 2026-08-25；执行前复核当前规则
https://clickone.co.in/		FALSE		聚合源标记免费；来源：大罗SEO/Bookmarking；类型：Bookmarking；链接：Dofollow；聚合源标记可即时通过；导入日期 2026-08-25；执行前复核当前规则
https://clipix.com/		FALSE		聚合源标记免费；来源：大罗SEO/Bookmarking / 大罗SEO/File Upload (L4)；类型：Bookmarking / File Upload；链接：Dofollow；聚合源标记可即时通过；导入日期 2026-08-25；执行前复核当前规则
https://cloudme.com/		FALSE		聚合源标记免费；来源：大罗SEO/File Upload (L4)；类型：File Upload；链接：Dofollow；聚合源标记可即时通过；导入日期 2026-08-25；执行前复核当前规则
https://cloudshowplace.com/add-your-company		FALSE		聚合源标记免费；来源：Web.Cafe 海外产品发布渠道；类型：Product Launch；导入日期 2026-08-25；执行前复核当前规则
https://club.mystiqcare.com/		FALSE		聚合源标记免费；来源：大罗SEO/High DA Profile；类型：Profile link；链接：Nofollow；聚合源标记可即时通过；导入日期 2026-08-25；执行前复核当前规则
https://clubbookmark.xyz/		FALSE		聚合源标记免费；来源：大罗SEO/Bookmarking；类型：Bookmarking；链接：Nofollow；聚合源标记可即时通过；导入日期 2026-08-25；执行前复核当前规则
https://clubsnap.com/		FALSE		聚合源标记免费；来源：大罗SEO/High DA Profile / 大罗SEO/Forums (L4)；类型：Profile link / Forums；链接：Dofollow；聚合源标记可即时通过；导入日期 2026-08-25；执行前复核当前规则
https://clutch.co/		FALSE		聚合源标记免费；来源：大罗SEO/Review Sites；类型：Review Sites；链接：Unknown；导入日期 2026-08-25；执行前复核当前规则
https://cmsimpleforum.com/index.php		FALSE		聚合源标记免费；来源：大罗SEO/Forums (L4)；类型：Forums；链接：Dofollow；聚合源标记可即时通过；导入日期 2026-08-25；执行前复核当前规则
https://codechef.com/		FALSE		聚合源标记免费；来源：大罗SEO/High DA Profile / 大罗SEO/Forums (L4)；类型：Profile link / Forums；链接：Nofollow；聚合源标记可即时通过；导入日期 2026-08-25；执行前复核当前规则
https://codeorigin.online/		FALSE		聚合源标记免费；来源：大罗SEO/Bookmarking；类型：Bookmarking；链接：Dofollow；聚合源标记可即时通过；导入日期 2026-08-25；执行前复核当前规则
https://codepen.io/		FALSE		聚合源标记免费；来源：大罗SEO/High DA Profile；类型：Profile link；链接：Nofollow；聚合源标记可即时通过；导入日期 2026-08-25；执行前复核当前规则
https://codeproject.com/		FALSE		聚合源标记免费；来源：大罗SEO/High DA Profile / 大罗SEO/Communities (L4)；类型：Profile link / Communities；链接：Nofollow；聚合源标记可即时通过；导入日期 2026-08-25；执行前复核当前规则
https://codetecy.com/		FALSE		聚合源标记免费；来源：大罗SEO/Bookmarking；类型：Bookmarking；链接：Nofollow；聚合源标记可即时通过；导入日期 2026-08-25；执行前复核当前规则
https://collaborizm.com/		FALSE		聚合源标记免费；来源：Web.Cafe 海外产品发布渠道；类型：Product Launch；导入日期 2026-08-25；执行前复核当前规则
https://collectblogs.com/		FALSE		聚合源标记免费；来源：大罗SEO/Website Builder L4；类型：Website Builder；链接：Dofollow；聚合源标记可即时通过；导入日期 2026-08-25；执行前复核当前规则
https://colourlovers.com/		FALSE		聚合源标记免费；来源：大罗SEO/High DA Profile；类型：Profile link；链接：Dofollow；聚合源标记可即时通过；导入日期 2026-08-25；执行前复核当前规则
https://commonbazaar.com/		FALSE		聚合源标记免费；来源：大罗SEO/High DA Profile / 大罗SEO/Classified Ads (L4)；类型：Profile link / Classified Ads；链接：Dofollow；聚合源标记可即时通过；导入日期 2026-08-25；执行前复核当前规则
https://community.acnenaturalhealing.com/		FALSE		聚合源标记免费；来源：大罗SEO/High DA Profile；类型：Profile link；链接：Nofollow；聚合源标记可即时通过；导入日期 2026-08-25；执行前复核当前规则
https://community.adobe.com/		FALSE		聚合源标记免费；来源：大罗SEO/High DA Profile；类型：Profile link；链接：Nofollow；聚合源标记可即时通过；导入日期 2026-08-25；执行前复核当前规则
https://community.anycareer.com/		FALSE		聚合源标记免费；来源：大罗SEO/High DA Profile；类型：Profile link；链接：Nofollow；聚合源标记可即时通过；导入日期 2026-08-25；执行前复核当前规则
https://community.behavioralinsightsglobal.org/		FALSE		聚合源标记免费；来源：大罗SEO/High DA Profile；类型：Profile link；链接：Nofollow；聚合源标记可即时通过；导入日期 2026-08-25；执行前复核当前规则
https://community.benetalk.com/		FALSE		聚合源标记免费；来源：大罗SEO/High DA Profile；类型：Profile link；链接：Nofollow；聚合源标记可即时通过；导入日期 2026-08-25；执行前复核当前规则
https://community.biotechtokens.net/		FALSE		聚合源标记免费；来源：大罗SEO/High DA Profile；类型：Profile link；链接：Nofollow；聚合源标记可即时通过；导入日期 2026-08-25；执行前复核当前规则
https://community.blogha.com/		FALSE		聚合源标记免费；来源：大罗SEO/High DA Profile；类型：Profile link；链接：Nofollow；聚合源标记可即时通过；导入日期 2026-08-25；执行前复核当前规则
https://community.blup.in/		FALSE		聚合源标记免费；来源：大罗SEO/High DA Profile；类型：Profile link；链接：Nofollow；聚合源标记可即时通过；导入日期 2026-08-25；执行前复核当前规则
https://community.cbr.com/		FALSE		聚合源标记免费；来源：大罗SEO/High DA Profile / 大罗SEO/Forums (L4)；类型：Profile link / Forums；链接：Dofollow；聚合源标记可即时通过；导入日期 2026-08-25；执行前复核当前规则
https://community.endnote.com/		FALSE		聚合源标记免费；来源：大罗SEO/High DA Profile / 大罗SEO/Forums (L4)；类型：Profile link / Forums；链接：Nofollow；聚合源标记可即时通过；导入日期 2026-08-25；执行前复核当前规则
https://community.expcon.in/		FALSE		聚合源标记免费；来源：大罗SEO/High DA Profile；类型：Profile link；链接：Nofollow；聚合源标记可即时通过；导入日期 2026-08-25；执行前复核当前规则
https://community.forumpromotion.net/		FALSE		聚合源标记免费；来源：大罗SEO/High DA Profile / 大罗SEO/Forums (L4)；类型：Profile link / Forums；链接：Nofollow；聚合源标记可即时通过；导入日期 2026-08-25；执行前复核当前规则
https://community.frontm.com/		FALSE		聚合源标记免费；来源：大罗SEO/High DA Profile；类型：Profile link；链接：Nofollow；聚合源标记可即时通过；导入日期 2026-08-25；执行前复核当前规则
https://community.futurespeople.com/		FALSE		聚合源标记免费；来源：大罗SEO/High DA Profile；类型：Profile link；链接：Nofollow；聚合源标记可即时通过；导入日期 2026-08-25；执行前复核当前规则
https://community.guitartalk.co.za/		FALSE		聚合源标记免费；来源：大罗SEO/High DA Profile / 大罗SEO/Forums (L4)；类型：Profile link / Forums；链接：Nofollow；聚合源标记可即时通过；导入日期 2026-08-25；执行前复核当前规则
https://community.hack.careers/		FALSE		聚合源标记免费；来源：大罗SEO/High DA Profile；类型：Profile link；链接：Nofollow；聚合源标记可即时通过；导入日期 2026-08-25；执行前复核当前规则
https://community.hannity.com/		FALSE		聚合源标记免费；来源：大罗SEO/High DA Profile / 大罗SEO/Forums (L4)；类型：Profile link / Forums；链接：Nofollow；聚合源标记可即时通过；导入日期 2026-08-25；执行前复核当前规则
https://community.healthynatured.com/		FALSE		聚合源标记免费；来源：大罗SEO/High DA Profile；类型：Profile link；链接：Nofollow；聚合源标记可即时通过；导入日期 2026-08-25；执行前复核当前规则
https://community.ibm.com/		FALSE		聚合源标记免费；来源：大罗SEO/High DA Profile；类型：Profile link；链接：Dofollow；聚合源标记可即时通过；导入日期 2026-08-25；执行前复核当前规则
https://community.joinhowdy.com/		FALSE		聚合源标记免费；来源：大罗SEO/High DA Profile；类型：Profile link；链接：Nofollow；聚合源标记可即时通过；导入日期 2026-08-25；执行前复核当前规则
https://community.laoder.im/		FALSE		聚合源标记免费；来源：大罗SEO/High DA Profile；类型：Profile link；链接：Nofollow；聚合源标记可即时通过；导入日期 2026-08-25；执行前复核当前规则
https://community.lettuce.money/		FALSE		聚合源标记免费；来源：大罗SEO/High DA Profile；类型：Profile link；链接：Nofollow；聚合源标记可即时通过；导入日期 2026-08-25；执行前复核当前规则
https://community.meetben.io/		FALSE		聚合源标记免费；来源：大罗SEO/High DA Profile；类型：Profile link；链接：Nofollow；聚合源标记可即时通过；导入日期 2026-08-25；执行前复核当前规则
https://community.metabrainz.org/		FALSE		聚合源标记免费；来源：大罗SEO/High DA Profile / 大罗SEO/Forums (L4)；类型：Profile link / Forums；链接：Nofollow；聚合源标记可即时通过；导入日期 2026-08-25；执行前复核当前规则
https://community.moviebattles.org/		FALSE		聚合源标记免费；来源：大罗SEO/Forums (L4)；类型：Forums；链接：Nofollow；聚合源标记可即时通过；导入日期 2026-08-25；执行前复核当前规则
https://community.musicspace.io/		FALSE		聚合源标记免费；来源：大罗SEO/High DA Profile；类型：Profile link；链接：Nofollow；聚合源标记可即时通过；导入日期 2026-08-25；执行前复核当前规则
https://community.mybb.com/		FALSE		聚合源标记免费；来源：大罗SEO/High DA Profile / 大罗SEO/Forums (L4)；类型：Profile link / Forums；链接：Dofollow / Nofollow；聚合源标记可即时通过；导入日期 2026-08-25；执行前复核当前规则
https://community.myclubtap.com/		FALSE		聚合源标记免费；来源：大罗SEO/High DA Profile；类型：Profile link；链接：Nofollow；聚合源标记可即时通过；导入日期 2026-08-25；执行前复核当前规则
https://community.mypetcity.co.nz/		FALSE		聚合源标记免费；来源：大罗SEO/High DA Profile；类型：Profile link；链接：Nofollow；聚合源标记可即时通过；导入日期 2026-08-25；执行前复核当前规则
https://community.pinenow.com/		FALSE		聚合源标记免费；来源：大罗SEO/High DA Profile；类型：Profile link；链接：Nofollow；聚合源标记可即时通过；导入日期 2026-08-25；执行前复核当前规则
https://community.prettyandwise.com/		FALSE		聚合源标记免费；来源：大罗SEO/High DA Profile；类型：Profile link；链接：Nofollow；聚合源标记可即时通过；导入日期 2026-08-25；执行前复核当前规则
https://community.ptcb.org/		FALSE		聚合源标记免费；来源：大罗SEO/High DA Profile；类型：Profile link；链接：Nofollow；聚合源标记可即时通过；导入日期 2026-08-25；执行前复核当前规则
https://community.riipen.com/		FALSE		聚合源标记免费；来源：大罗SEO/High DA Profile；类型：Profile link；链接：Nofollow；聚合源标记可即时通过；导入日期 2026-08-25；执行前复核当前规则
https://community.sandiegocorefitness.com/		FALSE		聚合源标记免费；来源：大罗SEO/High DA Profile；类型：Profile link；链接：Nofollow；聚合源标记可即时通过；导入日期 2026-08-25；执行前复核当前规则
https://community.snehasacred.com/		FALSE		聚合源标记免费；来源：大罗SEO/High DA Profile；类型：Profile link；链接：Nofollow；聚合源标记可即时通过；导入日期 2026-08-25；执行前复核当前规则
https://community.testingtheory.com/		FALSE		聚合源标记免费；来源：大罗SEO/High DA Profile；类型：Profile link；链接：Nofollow；聚合源标记可即时通过；导入日期 2026-08-25；执行前复核当前规则
https://community.theschoolofimpact.com/		FALSE		聚合源标记免费；来源：大罗SEO/High DA Profile；类型：Profile link；链接：Nofollow；聚合源标记可即时通过；导入日期 2026-08-25；执行前复核当前规则
https://community.thesoundoftechno.com/		FALSE		聚合源标记免费；来源：大罗SEO/High DA Profile；类型：Profile link；链接：Nofollow；聚合源标记可即时通过；导入日期 2026-08-25；执行前复核当前规则
https://community.treppr.com/		FALSE		聚合源标记免费；来源：大罗SEO/High DA Profile；类型：Profile link；链接：Nofollow；聚合源标记可即时通过；导入日期 2026-08-25；执行前复核当前规则
https://community.tubebuddy.com/index.php		FALSE		聚合源标记免费；来源：大罗SEO/High DA Profile / 大罗SEO/Forums (L4)；类型：Profile link / Forums；链接：Nofollow；聚合源标记可即时通过；导入日期 2026-08-25；执行前复核当前规则
https://community.unschool.in/		FALSE		聚合源标记免费；来源：大罗SEO/High DA Profile；类型：Profile link；链接：Nofollow；聚合源标记可即时通过；导入日期 2026-08-25；执行前复核当前规则
https://community.urbandirt.org/		FALSE		聚合源标记免费；来源：大罗SEO/High DA Profile；类型：Profile link；链接：Nofollow；聚合源标记可即时通过；导入日期 2026-08-25；执行前复核当前规则
https://community.victronenergy.com/		FALSE		聚合源标记免费；来源：大罗SEO/High DA Profile；类型：Profile link；链接：Nofollow；聚合源标记可即时通过；导入日期 2026-08-25；执行前复核当前规则
https://community.vvsor.nl/		FALSE		聚合源标记免费；来源：大罗SEO/High DA Profile；类型：Profile link；链接：Nofollow；聚合源标记可即时通过；导入日期 2026-08-25；执行前复核当前规则
https://community.windy.com/		FALSE		聚合源标记免费；来源：大罗SEO/High DA Profile；类型：Profile link；链接：Nofollow；聚合源标记可即时通过；导入日期 2026-08-25；执行前复核当前规则
https://completed.com/		FALSE		聚合源标记免费；来源：大罗SEO/High DA Profile / 大罗SEO/Review Sites；类型：Profile link / Review Sites；链接：Nofollow；聚合源标记可即时通过；导入日期 2026-08-25；执行前复核当前规则
https://computerforum.com/		FALSE		聚合源标记免费；来源：大罗SEO/High DA Profile / 大罗SEO/Forums (L4)；类型：Profile link / Forums；链接：Nofollow；聚合源标记可即时通过；导入日期 2026-08-25；执行前复核当前规则
https://conifer.rhizome.org/		FALSE		聚合源标记免费；来源：大罗SEO/Bookmarking；类型：Bookmarking；链接：Dofollow；聚合源标记可即时通过；导入日期 2026-08-25；执行前复核当前规则
https://connect.mohsnetwork.com/		FALSE		聚合源标记免费；来源：大罗SEO/High DA Profile / 大罗SEO/Job Boards (L4)；类型：Profile link / Job Boards；链接：Nofollow；聚合源标记可即时通过；导入日期 2026-08-25；执行前复核当前规则
https://coodoeil.fr/		FALSE		聚合源标记免费；来源：大罗SEO/Directory；类型：Directory；链接：Unknown；导入日期 2026-08-25；执行前复核当前规则
https://cookingbites.com/		FALSE		聚合源标记免费；来源：大罗SEO/High DA Profile / 大罗SEO/Forums (L4)；类型：Profile link / Forums；链接：Dofollow；聚合源标记可即时通过；导入日期 2026-08-25；执行前复核当前规则
https://coolinfographics.com/		FALSE		聚合源标记免费；来源：大罗SEO/Infographic (L4)；类型：Infographic；链接：Unknown；导入日期 2026-08-25；执行前复核当前规则
https://coolminiornot.com/forums/forum.php		FALSE		聚合源标记免费；来源：大罗SEO/High DA Profile / 大罗SEO/Forums (L4)；类型：Profile link / Forums；链接：Nofollow；聚合源标记可即时通过；导入日期 2026-08-25；执行前复核当前规则
https://coolpot.com/		FALSE		聚合源标记免费；来源：大罗SEO/Bookmarking；类型：Bookmarking；链接：Dofollow；聚合源标记可即时通过；导入日期 2026-08-25；执行前复核当前规则
https://corpbookmarks.com/		FALSE		聚合源标记免费；来源：大罗SEO/Bookmarking；类型：Bookmarking；链接：Dofollow；聚合源标记可即时通过；导入日期 2026-08-25；执行前复核当前规则
https://corpjunction.com/		FALSE		聚合源标记免费；来源：大罗SEO/Bookmarking；类型：Bookmarking；链接：Dofollow；聚合源标记可即时通过；导入日期 2026-08-25；执行前复核当前规则
https://corplistings.com/		FALSE		聚合源标记免费；来源：大罗SEO/Bookmarking；类型：Bookmarking；链接：Dofollow；聚合源标记可即时通过；导入日期 2026-08-25；执行前复核当前规则
https://corpsubmit.com/		FALSE		聚合源标记免费；来源：大罗SEO/Bookmarking；类型：Bookmarking；链接：Dofollow；聚合源标记可即时通过；导入日期 2026-08-25；执行前复核当前规则
https://corpvotes.com/		FALSE		聚合源标记免费；来源：大罗SEO/Bookmarking；类型：Bookmarking；链接：Dofollow；聚合源标记可即时通过；导入日期 2026-08-25；执行前复核当前规则
https://corvoapp.com/		FALSE		聚合源标记免费；来源：大罗SEO/URL Shortener；类型：URL Shortener；链接：Dofollow；聚合源标记可即时通过；导入日期 2026-08-25；执行前复核当前规则
https://cosap.org/		FALSE		聚合源标记免费；来源：大罗SEO/Bookmarking；类型：Bookmarking；链接：Dofollow；聚合源标记可即时通过；导入日期 2026-08-25；执行前复核当前规则
https://coub.com/		FALSE		聚合源标记免费；来源：大罗SEO/High DA Profile；类型：Profile link；链接：Dofollow；聚合源标记可即时通过；导入日期 2026-08-25；执行前复核当前规则
https://couchsurfing.org/		FALSE		聚合源标记免费；来源：大罗SEO/High DA Profile；类型：Profile link；链接：Dofollow；聚合源标记可即时通过；导入日期 2026-08-25；执行前复核当前规则
https://couponbirds.com/		FALSE		聚合源标记免费；来源：大罗SEO/Coupon (L3) DALUOSEO.COM；类型：Coupon；链接：Unknown；导入日期 2026-08-25；执行前复核当前规则
https://couponchief.com/		FALSE		聚合源标记免费；来源：大罗SEO/Coupon (L3) DALUOSEO.COM；类型：Coupon；链接：Unknown；导入日期 2026-08-25；执行前复核当前规则
https://couponclans.com/		FALSE		聚合源标记免费；来源：大罗SEO/Coupon (L3) DALUOSEO.COM；类型：Coupon；链接：Unknown；导入日期 2026-08-25；执行前复核当前规则
https://couponscored.com/		FALSE		聚合源标记免费；来源：大罗SEO/Coupon (L3) DALUOSEO.COM；类型：Coupon；链接：Unknown；导入日期 2026-08-25；执行前复核当前规则
https://couponslasher.com/		FALSE		聚合源标记免费；来源：大罗SEO/Coupon (L3) DALUOSEO.COM；类型：Coupon；链接：Unknown；导入日期 2026-08-25；执行前复核当前规则
https://couponsuper.net/		FALSE		聚合源标记免费；来源：大罗SEO/Coupon (L3) DALUOSEO.COM；类型：Coupon；链接：Unknown；导入日期 2026-08-25；执行前复核当前规则
https://couponx.com/		FALSE		聚合源标记免费；来源：大罗SEO/Coupon (L3) DALUOSEO.COM；类型：Coupon；链接：Unknown；导入日期 2026-08-25；执行前复核当前规则
https://coursera.org/		FALSE		聚合源标记免费；来源：大罗SEO/High DA Profile；类型：Profile link；链接：Nofollow；聚合源标记可即时通过；导入日期 2026-08-25；执行前复核当前规则
https://cplusplus.com/		FALSE		聚合源标记免费；来源：大罗SEO/High DA Profile；类型：Profile link；链接：Dofollow；聚合源标记可即时通过；导入日期 2026-08-25；执行前复核当前规则
https://craigsdirectory.com/		FALSE		聚合源标记免费；来源：大罗SEO/Bookmarking；类型：Bookmarking；链接：Dofollow；聚合源标记可即时通过；导入日期 2026-08-25；执行前复核当前规则
https://craigslist.org/		FALSE		聚合源标记免费；来源：大罗SEO/Job Boards (L4)；类型：Job Boards；链接：Unknown；导入日期 2026-08-25；执行前复核当前规则
https://crazyaboutstartups.com/		FALSE		聚合源标记免费；来源：GitHub/csv/01-startup-directories.csv+csv/09-general-directories.csv+md/01-startup-directories.md+md/09-general-directories.md；类型：homepage；导入日期 2026-08-25；执行前复核当前规则
https://crazyaboutstartups.com/index.php/share-your-startup-form		FALSE		聚合源标记免费；来源：Web.Cafe 海外产品发布渠道；类型：Product Launch；导入日期 2026-08-25；执行前复核当前规则
https://crazyaboutstartups.com/share-your-startup-2		FALSE		聚合源标记免费；来源：首轮明确免费提交入口 / GitHub/csv/09-general-directories.csv+md/09-general-directories.md；类型：Directory / submission；导入日期 2026-08-25；执行前复核当前规则
https://creativecommons.org/		FALSE		聚合源标记免费；来源：大罗SEO/High DA Profile；类型：Profile link；链接：Dofollow；聚合源标记可即时通过；导入日期 2026-08-25；执行前复核当前规则
https://creativelive.com/		FALSE		聚合源标记免费；来源：大罗SEO/High DA Profile；类型：Profile link；链接：Dofollow；聚合源标记可即时通过；导入日期 2026-08-25；执行前复核当前规则
https://creativemarket.com/		FALSE		聚合源标记免费；来源：大罗SEO/High DA Profile；类型：Profile link；链接：Nofollow；导入日期 2026-08-25；执行前复核当前规则
https://creativemornings.com/		FALSE		聚合源标记免费；来源：大罗SEO/High DA Profile；类型：Profile link；链接：Dofollow；聚合源标记可即时通过；导入日期 2026-08-25；执行前复核当前规则
https://creatortools.co/		FALSE		聚合源标记免费；来源：GitHub/csv/07-ai-creators-directory.csv+md/07-ai-creators-directory.md；类型：homepage；导入日期 2026-08-25；执行前复核当前规则
https://creatortools.co/submit		FALSE		聚合源标记免费；来源：GitHub/csv/07-ai-creators-directory.csv+md/07-ai-creators-directory.md；类型：submission；导入日期 2026-08-25；执行前复核当前规则
https://crevado.com/		FALSE		聚合源标记免费；来源：大罗SEO/Website Builder L4；类型：Website Builder；链接：Dofollow；聚合源标记可即时通过；导入日期 2026-08-25；执行前复核当前规则
https://critiqs.ai/		FALSE		聚合源标记免费；来源：GitHub/csv/09-general-directories.csv+md/09-general-directories.md；类型：homepage；导入日期 2026-08-25；执行前复核当前规则
https://critiqs.ai/submit-new-ai-tool		FALSE		聚合源标记免费；来源：首轮明确免费提交入口 / GitHub/csv/09-general-directories.csv+md/09-general-directories.md；类型：Directory / submission；导入日期 2026-08-25；执行前复核当前规则
https://crokes.com/		FALSE		聚合源标记免费；来源：大罗SEO/High DA Profile；类型：Profile link；链接：Dofollow；聚合源标记可即时通过；导入日期 2026-08-25；执行前复核当前规则
https://crozdesk.com/		FALSE		聚合源标记免费；来源：大罗SEO/Directory；类型：Directory；链接：Nofollow；聚合源标记可即时通过；导入日期 2026-08-25；执行前复核当前规则
https://crunchbase.com/		FALSE		聚合源标记免费；来源：大罗SEO/Directory / Web.Cafe 海外产品发布渠道 / GitHub/csv/01-startup-directories.csv+csv/03-new-startup-directories.csv+csv/09-general-directories.csv+md/01-startup-directories.md+md/03-new-startup-directories.md+md/09-general-directories.md；类型：Directory / Product Launch / homepage；链接：Unknown；导入日期 2026-08-25；执行前复核当前规则
https://crunchbase.com/add-new		FALSE		聚合源标记免费；来源：GitHub/csv/09-general-directories.csv+md/09-general-directories.md；类型：submission；导入日期 2026-08-25；执行前复核当前规则
https://crunchyroll.com/		FALSE		聚合源标记免费；来源：大罗SEO/High DA Profile；类型：Profile link；链接：Nofollow；聚合源标记可即时通过；导入日期 2026-08-25；执行前复核当前规则
https://cssdesignawards.com/		FALSE		聚合源标记免费；来源：大罗SEO/Directory；类型：Directory；链接：Unknown；导入日期 2026-08-25；执行前复核当前规则
https://csslight.com/		FALSE		聚合源标记免费；来源：大罗SEO/High DA Profile / 大罗SEO/Directory；类型：Profile link / Directory；链接：Nofollow；聚合源标记可即时通过；导入日期 2026-08-25；执行前复核当前规则
https://cssmania.com/submit		FALSE		聚合源标记免费；来源：Web.Cafe 海外产品发布渠道；类型：Product Launch；导入日期 2026-08-25；执行前复核当前规则
https://csublogs.com/		FALSE		聚合源标记免费；来源：大罗SEO/Website Builder L4；类型：Website Builder；链接：Dofollow；聚合源标记可即时通过；导入日期 2026-08-25；执行前复核当前规则
https://curiouscheck.com/business-solutions		FALSE		聚合源标记免费；来源：大罗SEO/Directory；类型：Directory；链接：Unknown；导入日期 2026-08-25；执行前复核当前规则
https://customerpolicedepartment.com/		FALSE		聚合源标记免费；来源：大罗SEO/High DA Profile；类型：Profile link；链接：Nofollow；聚合源标记可即时通过；导入日期 2026-08-25；执行前复核当前规则
https://cutt.ly/		FALSE		聚合源标记免费；来源：大罗SEO/URL Shortener；类型：URL Shortener；链接：Dofollow；聚合源标记可即时通过；导入日期 2026-08-25；执行前复核当前规则
https://cutt.us/		FALSE		聚合源标记免费；来源：大罗SEO/URL Shortener；类型：URL Shortener；链接：Dofollow；聚合源标记可即时通过；导入日期 2026-08-25；执行前复核当前规则
https://cyclechat.net/		FALSE		聚合源标记免费；来源：大罗SEO/High DA Profile / 大罗SEO/Forums (L4)；类型：Profile link / Forums；链接：Nofollow；聚合源标记可即时通过；导入日期 2026-08-25；执行前复核当前规则
https://cycling74.com/		FALSE		聚合源标记免费；来源：大罗SEO/High DA Profile；类型：Profile link；链接：Dofollow；聚合源标记可即时通过；导入日期 2026-08-25；执行前复核当前规则
https://cylex-australia.com/		FALSE		聚合源标记免费；来源：大罗SEO/Local (L2)；类型：Local；链接：Unknown；导入日期 2026-08-25；执行前复核当前规则
https://cylex-belgie.be/		FALSE		聚合源标记免费；来源：大罗SEO/Local (L2)；类型：Local；链接：Unknown；导入日期 2026-08-25；执行前复核当前规则
https://cylex-canada.ca/		FALSE		聚合源标记免费；来源：大罗SEO/Local (L2)；类型：Local；链接：Unknown；导入日期 2026-08-25；执行前复核当前规则
https://cylex-italia.it/		FALSE		聚合源标记免费；来源：大罗SEO/Local (L2)；类型：Local；链接：Unknown；导入日期 2026-08-25；执行前复核当前规则
https://cylex-locale.fr/		FALSE		聚合源标记免费；来源：大罗SEO/Local (L2)；类型：Local；链接：Unknown；导入日期 2026-08-25；执行前复核当前规则
https://cylex-oesterreich.at/		FALSE		聚合源标记免费；来源：大罗SEO/Local (L2)；类型：Local；链接：Unknown；导入日期 2026-08-25；执行前复核当前规则
https://cylex-polska.pl/		FALSE		聚合源标记免费；来源：大罗SEO/Local (L2)；类型：Local；链接：Unknown；导入日期 2026-08-25；执行前复核当前规则
https://cylex-swiss.ch/		FALSE		聚合源标记免费；来源：大罗SEO/Local (L2)；类型：Local；链接：Unknown；导入日期 2026-08-25；执行前复核当前规则
https://cylex-uk.co.uk/		FALSE		聚合源标记免费；来源：大罗SEO/Local (L2)；类型：Local；链接：Unknown；导入日期 2026-08-25；执行前复核当前规则
https://cylex.cl/		FALSE		聚合源标记免费；来源：大罗SEO/Local (L2)；类型：Local；链接：Unknown；导入日期 2026-08-25；执行前复核当前规则
https://cylex.co.nz/		FALSE		聚合源标记免费；来源：大罗SEO/Local (L2)；类型：Local；链接：Unknown；导入日期 2026-08-25；执行前复核当前规则
https://cylex.com.ar/		FALSE		聚合源标记免费；来源：大罗SEO/Local (L2)；类型：Local；链接：Unknown；导入日期 2026-08-25；执行前复核当前规则
https://cylex.com.br/		FALSE		聚合源标记免费；来源：大罗SEO/Local (L2)；类型：Local；链接：Unknown；导入日期 2026-08-25；执行前复核当前规则
https://cylex.com.co/		FALSE		聚合源标记免费；来源：大罗SEO/Local (L2)；类型：Local；链接：Unknown；导入日期 2026-08-25；执行前复核当前规则
https://cylex.com.pe/		FALSE		聚合源标记免费；来源：大罗SEO/Local (L2)；类型：Local；链接：Unknown；导入日期 2026-08-25；执行前复核当前规则
https://cylex.com.ve/		FALSE		聚合源标记免费；来源：大罗SEO/Local (L2)；类型：Local；链接：Unknown；导入日期 2026-08-25；执行前复核当前规则
https://cylex.cz/		FALSE		聚合源标记免费；来源：大罗SEO/Local (L2)；类型：Local；链接：Unknown；导入日期 2026-08-25；执行前复核当前规则
https://cylex.de/		FALSE		聚合源标记免费；来源：大罗SEO/Local (L2)；类型：Local；链接：Unknown；导入日期 2026-08-25；执行前复核当前规则
https://cylex.dk/		FALSE		聚合源标记免费；来源：大罗SEO/Local (L2)；类型：Local；链接：Unknown；导入日期 2026-08-25；执行前复核当前规则
https://cylex.es/		FALSE		聚合源标记免费；来源：大罗SEO/Local (L2)；类型：Local；链接：Unknown；导入日期 2026-08-25；执行前复核当前规则
https://cylex.fi/		FALSE		聚合源标记免费；来源：大罗SEO/Local (L2)；类型：Local；链接：Unknown；导入日期 2026-08-25；执行前复核当前规则
https://cylex.hu/		FALSE		聚合源标记免费；来源：大罗SEO/Local (L2)；类型：Local；链接：Unknown；导入日期 2026-08-25；执行前复核当前规则
https://cylex.ie/		FALSE		聚合源标记免费；来源：大罗SEO/Local (L2)；类型：Local；链接：Unknown；导入日期 2026-08-25；执行前复核当前规则
https://cylex.mx/		FALSE		聚合源标记免费；来源：大罗SEO/Local (L2)；类型：Local；链接：Unknown；导入日期 2026-08-25；执行前复核当前规则
https://cylex.net.za/		FALSE		聚合源标记免费；来源：大罗SEO/Local (L2)；类型：Local；链接：Unknown；导入日期 2026-08-25；执行前复核当前规则
https://cylex.nl/		FALSE		聚合源标记免费；来源：大罗SEO/Local (L2)；类型：Local；链接：Unknown；导入日期 2026-08-25；执行前复核当前规则
https://cylex.no/		FALSE		聚合源标记免费；来源：大罗SEO/Local (L2)；类型：Local；链接：Unknown；导入日期 2026-08-25；执行前复核当前规则
https://cylex.ro/		FALSE		聚合源标记免费；来源：大罗SEO/Local (L2)；类型：Local；链接：Unknown；导入日期 2026-08-25；执行前复核当前规则
https://cylex.se/		FALSE		聚合源标记免费；来源：大罗SEO/Local (L2)；类型：Local；链接：Unknown；导入日期 2026-08-25；执行前复核当前规则
https://cylex.sk/		FALSE		聚合源标记免费；来源：大罗SEO/Local (L2)；类型：Local；链接：Unknown；导入日期 2026-08-25；执行前复核当前规则
https://cylex.us.com/		FALSE		聚合源标记免费；来源：大罗SEO/Local (L2)；类型：Local；链接：Unknown；导入日期 2026-08-25；执行前复核当前规则
https://cyprus.com/		FALSE		聚合源标记免费；来源：大罗SEO/High DA Profile / 大罗SEO/Local (L2)；类型：Profile link / Local；链接：Nofollow；聚合源标记可即时通过；导入日期 2026-08-25；执行前复核当前规则
https://d2jsp.org/		FALSE		聚合源标记免费；来源：大罗SEO/Forums (L4)；类型：Forums；链接：Unknown；导入日期 2026-08-25；执行前复核当前规则
https://dailyblogzz.com/		FALSE		聚合源标记免费；来源：大罗SEO/Website Builder L4；类型：Website Builder；链接：Dofollow；聚合源标记可即时通过；导入日期 2026-08-25；执行前复核当前规则
https://dailyfunder.com/forum.php		FALSE		聚合源标记免费；来源：大罗SEO/High DA Profile / 大罗SEO/Forums (L4)；类型：Profile link / Forums；链接：Nofollow；聚合源标记可即时通过；导入日期 2026-08-25；执行前复核当前规则
https://dailygram.com/		FALSE		聚合源标记免费；来源：大罗SEO/High DA Profile；类型：Profile link；链接：Dofollow；聚合源标记可即时通过；导入日期 2026-08-25；执行前复核当前规则
https://dailyhitblog.com/		FALSE		聚合源标记免费；来源：大罗SEO/Website Builder L4；类型：Website Builder；链接：Dofollow；聚合源标记可即时通过；导入日期 2026-08-25；执行前复核当前规则
https://dailyinfographic.com/		FALSE		聚合源标记免费；来源：大罗SEO/Infographic (L4)；类型：Infographic；链接：Unknown；导入日期 2026-08-25；执行前复核当前规则
https://dailymotion.com/		FALSE		聚合源标记免费；来源：大罗SEO/Social DALUOSEO.COM；类型：Unknown；导入日期 2026-08-25；执行前复核当前规则
https://dailytech.ai/		FALSE		聚合源标记免费；来源：GitHub/csv/04-launch-websites.csv+md/04-launch-websites.md；类型：homepage；导入日期 2026-08-25；执行前复核当前规则
https://daluoseo.com/		FALSE		聚合源标记免费；来源：大罗SEO/Coupon (L3) DALUOSEO.COM；类型：Coupon (L3) DALUOSEO.COM；导入日期 2026-08-25；执行前复核当前规则
https://dampforum.nu/		FALSE		聚合源标记免费；来源：大罗SEO/High DA Profile / 大罗SEO/Forums (L4)；类型：Profile link / Forums；链接：Unknown；导入日期 2026-08-25；执行前复核当前规则
https://dandad.org/		FALSE		聚合源标记免费；来源：大罗SEO/High DA Profile；类型：Profile link；链接：Nofollow；聚合源标记可即时通过；导入日期 2026-08-25；执行前复核当前规则
https://daneblogger.com/		FALSE		聚合源标记免费；来源：大罗SEO/Website Builder L4；类型：Website Builder；链接：Dofollow；聚合源标记可即时通过；导入日期 2026-08-25；执行前复核当前规则
https://daniweb.com/		FALSE		聚合源标记免费；来源：大罗SEO/High DA Profile / 大罗SEO/Forums (L4)；类型：Profile link / Forums；链接：Dofollow；聚合源标记可即时通过；导入日期 2026-08-25；执行前复核当前规则
https://darkreading.com/		FALSE		聚合源标记免费；来源：大罗SEO/High DA Profile；类型：Profile link；链接：Dofollow；聚合源标记可即时通过；导入日期 2026-08-25；执行前复核当前规则
https://darkryder.com/forum/index.php		FALSE		聚合源标记免费；来源：大罗SEO/High DA Profile / 大罗SEO/Forums (L4)；类型：Profile link / Forums；链接：Dofollow；聚合源标记可即时通过；导入日期 2026-08-25；执行前复核当前规则
https://dashburst.com/		FALSE		聚合源标记免费；来源：大罗SEO/High DA Profile；类型：Profile link；链接：Nofollow；聚合源标记可即时通过；导入日期 2026-08-25；执行前复核当前规则
https://dasoertliche.de/		FALSE		聚合源标记免费；来源：大罗SEO/Local (L2)；类型：Local；链接：Unknown；导入日期 2026-08-25；执行前复核当前规则
https://dastelefonbuch.de/		FALSE		聚合源标记免费；来源：大罗SEO/Local (L2)；类型：Local；链接：Unknown；导入日期 2026-08-25；执行前复核当前规则
https://data-bass.ipbhost.com/		FALSE		聚合源标记免费；来源：大罗SEO/High DA Profile / 大罗SEO/Forums (L4)；类型：Profile link / Forums；链接：Nofollow；聚合源标记可即时通过；导入日期 2026-08-25；执行前复核当前规则
https://data.axmag.com/		FALSE		聚合源标记免费；来源：大罗SEO/High DA Profile；类型：Profile link；链接：Dofollow；聚合源标记可即时通过；导入日期 2026-08-25；执行前复核当前规则
https://data.ipt.pw/		FALSE		聚合源标记免费；来源：大罗SEO/High DA Profile / 大罗SEO/Bookmarking；类型：Profile link / Bookmarking；链接：Dofollow；聚合源标记可即时通过；导入日期 2026-08-25；执行前复核当前规则
https://data.world/		FALSE		聚合源标记免费；来源：大罗SEO/High DA Profile；类型：Profile link；链接：Dofollow；聚合源标记可即时通过；导入日期 2026-08-25；执行前复核当前规则
https://datpiff.com/		FALSE		聚合源标记免费；来源：大罗SEO/High DA Profile；类型：Profile link；链接：Dofollow；聚合源标记可即时通过；导入日期 2026-08-25；执行前复核当前规则
https://dbblog.net/		FALSE		聚合源标记免费；来源：大罗SEO/Website Builder L4；类型：Website Builder；链接：Dofollow；聚合源标记可即时通过；导入日期 2026-08-25；执行前复核当前规则
https://dead.net/		FALSE		聚合源标记免费；来源：大罗SEO/High DA Profile；类型：Profile link；链接：Dofollow；聚合源标记可即时通过；导入日期 2026-08-25；执行前复核当前规则
https://dealcatcher.com/		FALSE		聚合源标记免费；来源：大罗SEO/Coupon (L3) DALUOSEO.COM；类型：Coupon；链接：Unknown；导入日期 2026-08-25；执行前复核当前规则
https://dealfuel.com/		FALSE		聚合源标记免费；来源：大罗SEO/Deals (L3)；类型：Deals；链接：Unknown；导入日期 2026-08-25；执行前复核当前规则
https://dealify.com/		FALSE		聚合源标记免费；来源：大罗SEO/Deals (L3) / 大罗SEO/Product Launch (L5)；类型：Deals / Produt Launch；链接：Unknown；导入日期 2026-08-25；执行前复核当前规则
https://dealigg.com/		FALSE		聚合源标记免费；来源：大罗SEO/Deals (L3)；类型：Deals；链接：Unknown；导入日期 2026-08-25；执行前复核当前规则
https://dealmirror.com/		FALSE		聚合源标记免费；来源：大罗SEO/Deals (L3)；类型：Deals；链接：Unknown；导入日期 2026-08-25；执行前复核当前规则
https://dealnews.com/		FALSE		聚合源标记免费；来源：大罗SEO/Deals (L3) / 大罗SEO/Coupon (L3) DALUOSEO.COM；类型：Deals / Coupon；链接：Unknown；导入日期 2026-08-25；执行前复核当前规则
https://deals.sourceforge.net/		FALSE		聚合源标记免费；来源：大罗SEO/Deals (L3)；类型：Deals；链接：Unknown；导入日期 2026-08-25；执行前复核当前规则
https://dealspotr.com/		FALSE		聚合源标记免费；来源：大罗SEO/Deals (L3) / 大罗SEO/Coupon (L3) DALUOSEO.COM；类型：Deals / Coupon；链接：Unknown；导入日期 2026-08-25；执行前复核当前规则
https://debate.org/		FALSE		聚合源标记免费；来源：大罗SEO/High DA Profile；类型：Profile link；链接：Nofollow；聚合源标记可即时通过；导入日期 2026-08-25；执行前复核当前规则
https://degreeinfo.com/		FALSE		聚合源标记免费；来源：大罗SEO/High DA Profile / 大罗SEO/Forums (L4)；类型：Profile link / Forums；链接：Nofollow；聚合源标记可即时通过；导入日期 2026-08-25；执行前复核当前规则
https://dehradunbn.com/		FALSE		聚合源标记免费；来源：大罗SEO/High DA Profile；类型：Profile link；链接：Dofollow；聚合源标记可即时通过；导入日期 2026-08-25；执行前复核当前规则
https://dekut.com/		FALSE		聚合源标记免费；来源：大罗SEO/Bookmarking；类型：Bookmarking；链接：Nofollow；聚合源标记可即时通过；导入日期 2026-08-25；执行前复核当前规则
https://delphiforums.com/		FALSE		聚合源标记免费；来源：大罗SEO/High DA Profile；类型：Profile link；链接：Dofollow；聚合源标记可即时通过；导入日期 2026-08-25；执行前复核当前规则
https://demandcurve.com/slack		FALSE		聚合源标记免费；来源：Web.Cafe 海外产品发布渠道；类型：Product Launch；导入日期 2026-08-25；执行前复核当前规则
https://demo.socialengine.com/		FALSE		聚合源标记免费；来源：大罗SEO/High DA Profile；类型：Profile link；链接：Dofollow；聚合源标记可即时通过；导入日期 2026-08-25；执行前复核当前规则
https://demo5651.asly.nl/		FALSE		聚合源标记免费；来源：大罗SEO/High DA Profile / 大罗SEO/Job Boards (L4)；类型：Profile link / Job Boards；链接：Dofollow；聚合源标记可即时通过；导入日期 2026-08-25；执行前复核当前规则
https://den.yt/		FALSE		聚合源标记免费；来源：大罗SEO/High DA Profile；类型：Profile link；链接：Nofollow；聚合源标记可即时通过；导入日期 2026-08-25；执行前复核当前规则
https://design-buzz.com/		FALSE		聚合源标记免费；来源：大罗SEO/Bookmarking；类型：Bookmarking；链接：Nofollow；聚合源标记可即时通过；导入日期 2026-08-25；执行前复核当前规则
https://designernews.co/		FALSE		聚合源标记免费；来源：大罗SEO/Communities (L4) / Web.Cafe 海外产品发布渠道；类型：Communities / Product Launch；链接：Unknown；导入日期 2026-08-25；执行前复核当前规则
https://designershitdocumentary.com/community		FALSE		聚合源标记免费；来源：大罗SEO/High DA Profile；类型：Profile link；链接：Nofollow；聚合源标记可即时通过；导入日期 2026-08-25；执行前复核当前规则
https://designertoblog.com/		FALSE		聚合源标记免费；来源：大罗SEO/Website Builder L4；类型：Website Builder；链接：Dofollow；聚合源标记可即时通过；导入日期 2026-08-25；执行前复核当前规则
https://designi1.com/		FALSE		聚合源标记免费；来源：大罗SEO/Website Builder L4；类型：Website Builder；链接：Dofollow；聚合源标记可即时通过；导入日期 2026-08-25；执行前复核当前规则
https://designspiration.net/		FALSE		聚合源标记免费；来源：大罗SEO/High DA Profile；类型：Profile link；链接：Nofollow；聚合源标记可即时通过；导入日期 2026-08-25；执行前复核当前规则
https://desktopnexus.com/		FALSE		聚合源标记免费；来源：大罗SEO/High DA Profile；类型：Profile link；链接：Dofollow；聚合源标记可即时通过；导入日期 2026-08-25；执行前复核当前规则
https://develop-blog.com/		FALSE		聚合源标记免费；来源：大罗SEO/Website Builder L4；类型：Website Builder；链接：Dofollow；聚合源标记可即时通过；导入日期 2026-08-25；执行前复核当前规则
https://devhunt.org/		FALSE		聚合源标记免费；来源：GitHub/csv/01-startup-directories.csv+csv/07-ai-creators-directory.csv+md/01-startup-directories.md+md/07-ai-creators-directory.md；类型：homepage；导入日期 2026-08-25；执行前复核当前规则
https://devhunt.org/login		FALSE		聚合源标记免费；来源：GitHub/csv/07-ai-creators-directory.csv+md/07-ai-creators-directory.md；类型：submission；导入日期 2026-08-25；执行前复核当前规则
https://deviantart.com/		FALSE		聚合源标记免费；来源：大罗SEO/High DA Profile；类型：Profile link；链接：Dofollow；聚合源标记可即时通过；导入日期 2026-08-25；执行前复核当前规则
https://devpages.io/		FALSE		聚合源标记免费；来源：GitHub/csv/01-startup-directories.csv+csv/04-launch-websites.csv+csv/07-ai-creators-directory.csv+csv/09-general-directories.csv+md/01-startup-directories.md+md/04-launch-websites.md+md/07-ai-creators-directory.md+md/09-general-directories.md；类型：homepage；导入日期 2026-08-25；执行前复核当前规则
https://devpages.io/submit-a-tool		FALSE		聚合源标记免费；来源：首轮明确免费提交入口 / GitHub/csv/04-launch-websites.csv+csv/07-ai-creators-directory.csv+csv/09-general-directories.csv+md/04-launch-websites.md+md/07-ai-creators-directory.md+md/09-general-directories.md；类型：Directory / submission；导入日期 2026-08-25；执行前复核当前规则
https://devpost.com/		FALSE		聚合源标记免费；来源：大罗SEO/High DA Profile；类型：Profile link；链接：Nofollow；聚合源标记可即时通过；导入日期 2026-08-25；执行前复核当前规则
https://devpost.com/software		FALSE		聚合源标记免费；来源：GitHub/csv/04-launch-websites.csv+csv/07-ai-creators-directory.csv+md/04-launch-websites.md+md/07-ai-creators-directory.md；类型：homepage；导入日期 2026-08-25；执行前复核当前规则
https://devpost.com/software/new		FALSE		聚合源标记免费；来源：GitHub/csv/04-launch-websites.csv+csv/07-ai-creators-directory.csv+md/04-launch-websites.md+md/07-ai-creators-directory.md；类型：submission；导入日期 2026-08-25；执行前复核当前规则
https://devresourc.es/		FALSE		聚合源标记免费；来源：GitHub/csv/01-startup-directories.csv+csv/04-launch-websites.csv+csv/09-general-directories.csv+md/01-startup-directories.md+md/04-launch-websites.md+md/09-general-directories.md；类型：homepage；导入日期 2026-08-25；执行前复核当前规则
https://devtube.dev-wiki.de/		FALSE		聚合源标记免费；来源：大罗SEO/High DA Profile；类型：Profile link；链接：Nofollow；聚合源标记可即时通过；导入日期 2026-08-25；执行前复核当前规则
https://dexknows.com/		FALSE		聚合源标记免费；来源：大罗SEO/Local (L2)；类型：Local；链接：Unknown；导入日期 2026-08-25；执行前复核当前规则
https://dgbloggers.com/		FALSE		聚合源标记免费；来源：大罗SEO/Website Builder L4；类型：Website Builder；链接：Dofollow；聚合源标记可即时通过；导入日期 2026-08-25；执行前复核当前规则
https://dial2day.com/		FALSE		聚合源标记免费；来源：大罗SEO/High DA Profile / 大罗SEO/Classified Ads (L4)；类型：Profile link / Classified Ads；链接：Dofollow；聚合源标记可即时通过；导入日期 2026-08-25；执行前复核当前规则
https://dice.com/		FALSE		聚合源标记免费；来源：大罗SEO/Job Boards (L4)；类型：Job Boards；链接：Unknown；导入日期 2026-08-25；执行前复核当前规则
https://digg.com/		FALSE		聚合源标记免费；来源：大罗SEO/Communities (L4)；类型：Communities；链接：Unknown；导入日期 2026-08-25；执行前复核当前规则
https://diggerslist.com/		FALSE		聚合源标记免费；来源：大罗SEO/High DA Profile；类型：Profile link；链接：Dofollow；聚合源标记可即时通过；导入日期 2026-08-25；执行前复核当前规则
https://digi.com/support/forum		FALSE		聚合源标记免费；来源：大罗SEO/High DA Profile；类型：Profile link；链接：Nofollow；聚合源标记可即时通过；导入日期 2026-08-25；执行前复核当前规则
https://digiblogbox.com/		FALSE		聚合源标记免费；来源：大罗SEO/Website Builder L4；类型：Website Builder；链接：Dofollow；聚合源标记可即时通过；导入日期 2026-08-25；执行前复核当前规则
https://digiprotoolz.com/		FALSE		聚合源标记免费；来源：GitHub/csv/07-ai-creators-directory.csv+csv/09-general-directories.csv+md/07-ai-creators-directory.md+md/09-general-directories.md；类型：homepage；导入日期 2026-08-25；执行前复核当前规则
https://digiprotoolz.com/contact-us		FALSE		聚合源标记免费；来源：GitHub/csv/07-ai-creators-directory.csv+csv/09-general-directories.csv+md/07-ai-creators-directory.md+md/09-general-directories.md；类型：submission；导入日期 2026-08-25；执行前复核当前规则
https://digitaladagency.xyz/		FALSE		聚合源标记免费；来源：大罗SEO/Bookmarking；类型：Bookmarking；链接：Dofollow；聚合源标记可即时通过；导入日期 2026-08-25；执行前复核当前规则
https://digitalagencynetwork.com/join-free-listing-tools		FALSE		聚合源标记免费；来源：GitHub/csv/09-general-directories.csv+md/09-general-directories.md；类型：submission；导入日期 2026-08-25；执行前复核当前规则
https://digitalagencyservices.xyz/		FALSE		聚合源标记免费；来源：大罗SEO/Bookmarking；类型：Bookmarking；链接：Dofollow；聚合源标记可即时通过；导入日期 2026-08-25；执行前复核当前规则
https://digitalcashpalace.com/		FALSE		聚合源标记免费；来源：大罗SEO/High DA Profile；类型：Profile link；链接：Nofollow；聚合源标记可即时通过；导入日期 2026-08-25；执行前复核当前规则
https://digitalhome.ca/		FALSE		聚合源标记免费；来源：大罗SEO/High DA Profile / 大罗SEO/Forums (L4)；类型：Profile link / Forums；链接：Nofollow；聚合源标记可即时通过；导入日期 2026-08-25；执行前复核当前规则
https://digitalmarketer.today/		FALSE		聚合源标记免费；来源：大罗SEO/Directory；类型：Directory；链接：Unknown；导入日期 2026-08-25；执行前复核当前规则
https://digitalmoneytalk.com/		FALSE		聚合源标记免费；来源：大罗SEO/High DA Profile；类型：Profile link；链接：Nofollow；聚合源标记可即时通过；导入日期 2026-08-25；执行前复核当前规则
https://digitalorganization.xyz/		FALSE		聚合源标记免费；来源：大罗SEO/Bookmarking；类型：Bookmarking；链接：Dofollow；聚合源标记可即时通过；导入日期 2026-08-25；执行前复核当前规则
https://digitalstorm.com/forums		FALSE		聚合源标记免费；来源：大罗SEO/High DA Profile / 大罗SEO/Forums (L4)；类型：Profile link / Forums；链接：Dofollow；聚合源标记可即时通过；导入日期 2026-08-25；执行前复核当前规则
https://diigo.com/		FALSE		聚合源标记免费；来源：大罗SEO/Bookmarking；类型：Bookmarking；链接：Dofollow；聚合源标记可即时通过；导入日期 2026-08-25；执行前复核当前规则
https://dino.com.br/		FALSE		聚合源标记免费；来源：大罗SEO/Press Release (L4)；类型：Press Release；链接：Unknown；导入日期 2026-08-25；执行前复核当前规则
https://diode.zone/		FALSE		聚合源标记免费；来源：大罗SEO/High DA Profile / 大罗SEO/File Upload (L4)；类型：Profile link / File Upload；链接：Dofollow；聚合源标记可即时通过；导入日期 2026-08-25；执行前复核当前规则
https://diowebhost.com/		FALSE		聚合源标记免费；来源：大罗SEO/High DA Profile；类型：Profile link；链接：Dofollow；聚合源标记可即时通过；导入日期 2026-08-25；执行前复核当前规则
https://directory.financemagnates.com/		FALSE		聚合源标记免费；来源：大罗SEO/Directory；类型：Directory；链接：Unknown；导入日期 2026-08-25；执行前复核当前规则
https://directoryfeeds.com/		FALSE		聚合源标记免费；来源：大罗SEO/Bookmarking；类型：Bookmarking；链接：Dofollow；聚合源标记可即时通过；导入日期 2026-08-25；执行前复核当前规则
https://directorymate.com/		FALSE		聚合源标记免费；来源：大罗SEO/Bookmarking；类型：Bookmarking；链接：Dofollow；聚合源标记可即时通过；导入日期 2026-08-25；执行前复核当前规则
https://directorynode.com/		FALSE		聚合源标记免费；来源：大罗SEO/Bookmarking；类型：Bookmarking；链接：Dofollow；聚合源标记可即时通过；导入日期 2026-08-25；执行前复核当前规则
https://directoryposts.com/		FALSE		聚合源标记免费；来源：大罗SEO/Bookmarking；类型：Bookmarking；链接：Dofollow；聚合源标记可即时通过；导入日期 2026-08-25；执行前复核当前规则
https://directoryrail.com/		FALSE		聚合源标记免费；来源：大罗SEO/Bookmarking；类型：Bookmarking；链接：Dofollow；聚合源标记可即时通过；导入日期 2026-08-25；执行前复核当前规则
https://directorysection.com/		FALSE		聚合源标记免费；来源：大罗SEO/Bookmarking；类型：Bookmarking；链接：Dofollow；聚合源标记可即时通过；导入日期 2026-08-25；执行前复核当前规则
https://directorystock.com/		FALSE		聚合源标记免费；来源：大罗SEO/Bookmarking；类型：Bookmarking；链接：Dofollow；聚合源标记可即时通过；导入日期 2026-08-25；执行前复核当前规则
https://directoryws.com/		FALSE		聚合源标记免费；来源：大罗SEO/Directory；类型：Directory；链接：Unknown；聚合源标记可即时通过；导入日期 2026-08-25；执行前复核当前规则
https://dirittopratico.it/forum		FALSE		聚合源标记免费；来源：大罗SEO/Forums (L4)；类型：Forums；链接：Unknown；导入日期 2026-08-25；执行前复核当前规则
https://dirstop.com/		FALSE		聚合源标记免费；来源：大罗SEO/Bookmarking；类型：Bookmarking；链接：Dofollow；聚合源标记可即时通过；导入日期 2026-08-25；执行前复核当前规则
https://discogs.com/		FALSE		聚合源标记免费；来源：大罗SEO/High DA Profile；类型：Profile link；链接：Nofollow；聚合源标记可即时通过；导入日期 2026-08-25；执行前复核当前规则
https://discourse.getgrav.org/		FALSE		聚合源标记免费；来源：大罗SEO/High DA Profile / 大罗SEO/Forums (L4)；类型：Profile link / Forums；链接：Nofollow；聚合源标记可即时通过；导入日期 2026-08-25；执行前复核当前规则
https://discourse.omnigroup.com/		FALSE		聚合源标记免费；来源：大罗SEO/High DA Profile / 大罗SEO/Forums (L4)；类型：Profile link / Forums；链接：Nofollow；聚合源标记可即时通过；导入日期 2026-08-25；执行前复核当前规则
https://discovercloud.com/		FALSE		聚合源标记免费；来源：大罗SEO/Directory / GitHub/csv/07-ai-creators-directory.csv+md/07-ai-creators-directory.md；类型：Directory / homepage；链接：Unknown；导入日期 2026-08-25；执行前复核当前规则
https://discovercloud.com/become-a-vendor		FALSE		聚合源标记免费；来源：Web.Cafe 海外产品发布渠道；类型：Product Launch；导入日期 2026-08-25；执行前复核当前规则
https://discovercloud.com/get-featured		FALSE		聚合源标记免费；来源：GitHub/csv/07-ai-creators-directory.csv+md/07-ai-creators-directory.md；类型：submission；导入日期 2026-08-25；执行前复核当前规则
https://discuss.bootstrapped.fm/		FALSE		聚合源标记免费；来源：Web.Cafe 海外产品发布渠道；类型：Product Launch；导入日期 2026-08-25；执行前复核当前规则
https://discusscooking.com/		FALSE		聚合源标记免费；来源：大罗SEO/High DA Profile / 大罗SEO/Forums (L4)；类型：Profile link / Forums；链接：Nofollow；聚合源标记可即时通过；导入日期 2026-08-25；执行前复核当前规则
https://disqus.com/		FALSE		聚合源标记免费；来源：大罗SEO/High DA Profile；类型：Profile link；链接：Dofollow；聚合源标记可即时通过；导入日期 2026-08-25；执行前复核当前规则
https://divephotoguide.com/		FALSE		聚合源标记免费；来源：大罗SEO/High DA Profile；类型：Profile link；链接：Dofollow；聚合源标记可即时通过；导入日期 2026-08-25；执行前复核当前规则
https://diy-forums.com/		FALSE		聚合源标记免费；来源：大罗SEO/High DA Profile / 大罗SEO/Forums (L4)；类型：Profile link / Forums；链接：Dofollow；聚合源标记可即时通过；导入日期 2026-08-25；执行前复核当前规则
https://diyaudio.pl/		FALSE		聚合源标记免费；来源：大罗SEO/High DA Profile / 大罗SEO/Forums (L4)；类型：Profile link / Forums；链接：Nofollow；聚合源标记可即时通过；导入日期 2026-08-25；执行前复核当前规则
https://diychatroom.com/		FALSE		聚合源标记免费；来源：大罗SEO/High DA Profile / 大罗SEO/Forums (L4)；类型：Profile link / Forums；链接：Nofollow；聚合源标记可即时通过；导入日期 2026-08-25；执行前复核当前规则
https://diydrones.com/		FALSE		聚合源标记免费；来源：大罗SEO/High DA Profile / 大罗SEO/Forums (L4)；类型：Profile link / Forums；链接：Dofollow；聚合源标记可即时通过；导入日期 2026-08-25；执行前复核当前规则
https://diymobileaudio.com/		FALSE		聚合源标记免费；来源：大罗SEO/High DA Profile / 大罗SEO/Forums (L4)；类型：Profile link / Forums；链接：Nofollow；聚合源标记可即时通过；导入日期 2026-08-25；执行前复核当前规则
https://diynot.com/		FALSE		聚合源标记免费；来源：大罗SEO/High DA Profile / 大罗SEO/Forums (L4)；类型：Profile link / Forums；链接：Nofollow；聚合源标记可即时通过；导入日期 2026-08-25；执行前复核当前规则
https://diysolarforum.com/		FALSE		聚合源标记免费；来源：大罗SEO/High DA Profile / 大罗SEO/Forums (L4)；类型：Profile link / Forums；链接：Nofollow；聚合源标记可即时通过；导入日期 2026-08-25；执行前复核当前规则
https://djsoft.net/community		FALSE		聚合源标记免费；来源：大罗SEO/High DA Profile / 大罗SEO/Forums (L4)；类型：Profile link / Forums；链接：Nofollow；聚合源标记可即时通过；导入日期 2026-08-25；执行前复核当前规则
https://dnforum.com/		FALSE		聚合源标记免费；来源：大罗SEO/Forums (L4)；类型：Forums；链接：Unknown；导入日期 2026-08-25；执行前复核当前规则
https://do-it-mobile.com/		FALSE		聚合源标记免费；来源：大罗SEO/Bookmarking；类型：Bookmarking；链接：Dofollow；聚合源标记可即时通过；导入日期 2026-08-25；执行前复核当前规则
https://docdroid.net/		FALSE		聚合源标记免费；来源：大罗SEO/File Upload (L4)；类型：File Upload；链接：Nofollow；聚合源标记可即时通过；导入日期 2026-08-25；执行前复核当前规则
https://dochub.com/		FALSE		聚合源标记免费；来源：大罗SEO/High DA Profile；类型：Profile link；链接：Dofollow；聚合源标记可即时通过；导入日期 2026-08-25；执行前复核当前规则
https://docracy.com/		FALSE		聚合源标记免费；来源：大罗SEO/File Upload (L4)；类型：File Upload；链接：Dofollow；聚合源标记可即时通过；导入日期 2026-08-25；执行前复核当前规则
https://docs.google.com/forms/d/e/1FAIpQLScdSN4wbdFM7V8q-Ao5XpcLrVnqImhoagVG8PMgmpoRWCKU9Q/viewform		FALSE		聚合源标记免费；来源：GitHub/csv/04-launch-websites.csv+md/04-launch-websites.md；类型：submission；导入日期 2026-08-25；执行前复核当前规则
https://docs.google.com/forms/d/e/1FAIpQLSdttwE4QP8PqoDzh36Q5NUok3BdUe33thDCQ5dT_RNY2goWvQ/viewform		FALSE		聚合源标记免费；来源：GitHub/csv/04-launch-websites.csv+md/04-launch-websites.md；类型：submission；导入日期 2026-08-25；执行前复核当前规则
https://docs.google.com/forms/d/e/1FAIpQLSdXXbiHAdQTWUSzLvU6xw-asbIoppIiQo0W9PuZLw2DnkhKew/viewform?usp=send_for		FALSE		聚合源标记免费；来源：GitHub/csv/09-general-directories.csv+md/09-general-directories.md；类型：submission；导入日期 2026-08-25；执行前复核当前规则
https://docs.google.com/forms/d/e/1FAIpQLSeuaZvj-s7KkI5Zp41q9LX0i9suH61c7JR2qe6sBdDtP9r9Sg/viewform		FALSE		聚合源标记免费；来源：GitHub/csv/07-ai-creators-directory.csv+md/07-ai-creators-directory.md；类型：submission；导入日期 2026-08-25；执行前复核当前规则
https://docs.google.com/forms/d/e/1FAIpQLSf_bdfoMR7WkMfqWa4zDfBIFrYhz12lQCBWQHFlZ9UewHhzgg/viewform		FALSE		聚合源标记免费；来源：GitHub/csv/09-general-directories.csv+md/09-general-directories.md；类型：submission；导入日期 2026-08-25；执行前复核当前规则
https://doctors.com.au/		FALSE		聚合源标记免费；来源：大罗SEO/Local (L2)；类型：Local；链接：Unknown；导入日期 2026-08-25；执行前复核当前规则
https://dofollowbookmark.xyz/		FALSE		聚合源标记免费；来源：大罗SEO/Bookmarking；类型：Bookmarking；链接：Dofollow；聚合源标记可即时通过；导入日期 2026-08-25；执行前复核当前规则
https://doityourself.com/forum		FALSE		聚合源标记免费；来源：大罗SEO/High DA Profile / 大罗SEO/Forums (L4)；类型：Profile link / Forums；链接：Dofollow；聚合源标记可即时通过；导入日期 2026-08-25；执行前复核当前规则
https://dokeyai.com/		FALSE		聚合源标记免费；来源：GitHub/csv/09-general-directories.csv+md/09-general-directories.md；类型：homepage；导入日期 2026-08-25；执行前复核当前规则
https://dokeyai.com/submit		FALSE		聚合源标记免费；来源：首轮明确免费提交入口 / GitHub/csv/09-general-directories.csv+md/09-general-directories.md；类型：Directory / submission；导入日期 2026-08-25；执行前复核当前规则
https://domestika.org/		FALSE		聚合源标记免费；来源：大罗SEO/High DA Profile；类型：Profile link；链接：Nofollow；聚合源标记可即时通过；导入日期 2026-08-25；执行前复核当前规则
https://dontpayfull.com/		FALSE		聚合源标记免费；来源：大罗SEO/Deals (L3) / 大罗SEO/Coupon (L3) DALUOSEO.COM；类型：Deals / Coupon；链接：Unknown；导入日期 2026-08-25；执行前复核当前规则
https://doodlekit.com/		FALSE		聚合源标记免费；来源：大罗SEO/Website Builder L4；类型：Website Builder；链接：Dofollow；聚合源标记可即时通过；导入日期 2026-08-25；执行前复核当前规则
https://doodleordie.com/		FALSE		聚合源标记免费；来源：大罗SEO/High DA Profile；类型：Profile link；链接：Dofollow；聚合源标记可即时通过；导入日期 2026-08-25；执行前复核当前规则
https://doodlewash.com/		FALSE		聚合源标记免费；来源：大罗SEO/High DA Profile / 大罗SEO/Communities (L4)；类型：Profile link / Communities；链接：Nofollow；聚合源标记可即时通过；导入日期 2026-08-25；执行前复核当前规则
https://dosula.com/		FALSE		聚合源标记免费；来源：大罗SEO/High DA Profile / 大罗SEO/Bookmarking；类型：Profile link / Bookmarking；链接：Dofollow；聚合源标记可即时通过；导入日期 2026-08-25；执行前复核当前规则
https://dotnetkicks.com/		FALSE		聚合源标记免费；来源：大罗SEO/Bookmarking；类型：Bookmarking；链接：Dofollow；聚合源标记可即时通过；导入日期 2026-08-25；执行前复核当前规则
https://download.cnet.com/		FALSE		聚合源标记免费；来源：大罗SEO/Directory；类型：Directory；链接：Unknown；导入日期 2026-08-25；执行前复核当前规则
https://doyoubuzz.com/		FALSE		聚合源标记免费；来源：大罗SEO/High DA Profile；类型：Profile link；链接：Dofollow；聚合源标记可即时通过；导入日期 2026-08-25；执行前复核当前规则
https://dpreview.com/		FALSE		聚合源标记免费；来源：大罗SEO/High DA Profile / 大罗SEO/Forums (L4)；类型：Profile link / Forums；链接：Nofollow；聚合源标记可即时通过；导入日期 2026-08-25；执行前复核当前规则
https://dragondoor.com/		FALSE		聚合源标记免费；来源：大罗SEO/High DA Profile；类型：Profile link；链接：Nofollow；聚合源标记可即时通过；导入日期 2026-08-25；执行前复核当前规则
https://dreamteammoney.com/		FALSE		聚合源标记免费；来源：大罗SEO/High DA Profile / 大罗SEO/Forums (L4)；类型：Profile link / Forums；链接：Dofollow；聚合源标记可即时通过；导入日期 2026-08-25；执行前复核当前规则
https://dreamwidth.org/		FALSE		聚合源标记免费；来源：大罗SEO/High DA Profile；类型：Profile link；链接：Dofollow；聚合源标记可即时通过；导入日期 2026-08-25；执行前复核当前规则
https://dreamyblogs.com/		FALSE		聚合源标记免费；来源：大罗SEO/Website Builder L4；类型：Website Builder；链接：Dofollow；聚合源标记可即时通过；导入日期 2026-08-25；执行前复核当前规则
https://dreevoo.com/		FALSE		聚合源标记免费；来源：大罗SEO/High DA Profile / 大罗SEO/Forums (L4)；类型：Profile link / Forums；链接：Dofollow；聚合源标记可即时通过；导入日期 2026-08-25；执行前复核当前规则
https://dribbble.com/		FALSE		聚合源标记免费；来源：大罗SEO/High DA Profile / 大罗SEO/Communities (L4)；类型：Profile link / Communities；链接：Nofollow；聚合源标记可即时通过；导入日期 2026-08-25；执行前复核当前规则
https://dribbble.com/directories/jobs		FALSE		聚合源标记免费；来源：大罗SEO/Job Boards (L4)；类型：Job Boards；链接：Unknown；导入日期 2026-08-25；执行前复核当前规则
https://droidforums.net/		FALSE		聚合源标记免费；来源：大罗SEO/High DA Profile；类型：Profile link；链接：Dofollow；聚合源标记可即时通过；导入日期 2026-08-25；执行前复核当前规则
https://dropmark.com/		FALSE		聚合源标记免费；来源：大罗SEO/Bookmarking；类型：Bookmarking；链接：Dofollow；聚合源标记可即时通过；导入日期 2026-08-25；执行前复核当前规则
https://drpetepublishing.com/		FALSE		聚合源标记免费；来源：大罗SEO/High DA Profile；类型：Profile link；链接：Nofollow；聚合源标记可即时通过；导入日期 2026-08-25；执行前复核当前规则
https://drumforum.org/		FALSE		聚合源标记免费；来源：大罗SEO/High DA Profile / 大罗SEO/Forums (L4)；类型：Profile link / Forums；链接：Dofollow；聚合源标记可即时通过；导入日期 2026-08-25；执行前复核当前规则
https://dsiblogger.com/		FALSE		聚合源标记免费；来源：大罗SEO/High DA Profile；类型：Profile link；链接：Dofollow；聚合源标记可即时通过；导入日期 2026-08-25；执行前复核当前规则
https://dungeon-master.com/forum/index.php		FALSE		聚合源标记免费；来源：大罗SEO/High DA Profile / 大罗SEO/Forums (L4)；类型：Profile link / Forums；链接：Dofollow；聚合源标记可即时通过；导入日期 2026-08-25；执行前复核当前规则
https://dupioneer.com/		FALSE		聚合源标记免费；来源：大罗SEO/Bookmarking；类型：Bookmarking；链接：Dofollow；聚合源标记可即时通过；导入日期 2026-08-25；执行前复核当前规则
https://dzone.com/		FALSE		聚合源标记免费；来源：大罗SEO/High DA Profile；类型：Profile link；链接：Nofollow；聚合源标记可即时通过；导入日期 2026-08-25；执行前复核当前规则
https://e-monsite.com/		FALSE		聚合源标记免费；来源：大罗SEO/Website Builder L4；类型：Website Builder；链接：Dofollow；聚合源标记可即时通过；导入日期 2026-08-25；执行前复核当前规则
https://early.tools/submit		FALSE		聚合源标记免费；来源：首轮明确免费提交入口 / GitHub/csv/09-general-directories.csv+md/09-general-directories.md；类型：Directory / submission；导入日期 2026-08-25；执行前复核当前规则
https://earnthatbuck.com/		FALSE		聚合源标记免费；来源：大罗SEO/High DA Profile / 大罗SEO/Forums (L4)；类型：Profile link / Forums；链接：Nofollow；聚合源标记可即时通过；导入日期 2026-08-25；执行前复核当前规则
https://easel.ly/		FALSE		聚合源标记免费；来源：大罗SEO/File Upload (L4)；类型：File Upload；链接：Dofollow；聚合源标记可即时通过；导入日期 2026-08-25；执行前复核当前规则
https://eastmanguitarfans.com/index.php		FALSE		聚合源标记免费；来源：大罗SEO/High DA Profile / 大罗SEO/Forums (L4)；类型：Profile link / Forums；链接：Nofollow / Dofollow；聚合源标记可即时通过；导入日期 2026-08-25；执行前复核当前规则
https://easytradeway.com/		FALSE		聚合源标记免费；来源：大罗SEO/High DA Profile / 大罗SEO/Classified Ads (L4)；类型：Profile link / Classified Ads；链接：Dofollow；聚合源标记可即时通过；导入日期 2026-08-25；执行前复核当前规则
https://easyzoom.com/		FALSE		聚合源标记免费；来源：大罗SEO/File Upload (L4)；类型：File Upload；链接：Nofollow；聚合源标记可即时通过；导入日期 2026-08-25；执行前复核当前规则
https://ebool.com/		FALSE		聚合源标记免费；来源：大罗SEO/Directory；类型：Directory；链接：Unknown；导入日期 2026-08-25；执行前复核当前规则
https://ebusinesspages.com/		FALSE		聚合源标记免费；来源：大罗SEO/Local (L2)；类型：Local；链接：Dofollow；聚合源标记可即时通过；导入日期 2026-08-25；执行前复核当前规则
https://eclipseads.co.zw/		FALSE		聚合源标记免费；来源：大罗SEO/High DA Profile / 大罗SEO/Classified Ads (L4)；类型：Profile link / Classified Ads；链接：Dofollow；聚合源标记可即时通过；导入日期 2026-08-25；执行前复核当前规则
https://ecomodder.com/forum		FALSE		聚合源标记免费；来源：大罗SEO/High DA Profile / 大罗SEO/Forums (L4)；类型：Profile link / Forums；链接：Nofollow；聚合源标记可即时通过；导入日期 2026-08-25；执行前复核当前规则
https://edealinfo.com/		FALSE		聚合源标记免费；来源：大罗SEO/Deals (L3) / 大罗SEO/Coupon (L3) DALUOSEO.COM；类型：Deals / Coupon；链接：Unknown；导入日期 2026-08-25；执行前复核当前规则
https://edex.adobe.com/		FALSE		聚合源标记免费；来源：大罗SEO/High DA Profile；类型：Profile link；链接：Nofollow；聚合源标记可即时通过；导入日期 2026-08-25；执行前复核当前规则
https://edexy.com/		FALSE		聚合源标记免费；来源：大罗SEO/Local (L2)；类型：Local；链接：Dofollow；聚合源标记可即时通过；导入日期 2026-08-25；执行前复核当前规则
https://edilizia.forumfree.it/		FALSE		聚合源标记免费；来源：大罗SEO/Forums (L4)；类型：Forums；链接：Unknown；导入日期 2026-08-25；执行前复核当前规则
https://edocr.com/		FALSE		聚合源标记免费；来源：大罗SEO/High DA Profile / 大罗SEO/File Upload (L4)；类型：Profile link / File Upload；链接：Dofollow；聚合源标记可即时通过；导入日期 2026-08-25；执行前复核当前规则
https://edublogs.org/		FALSE		聚合源标记免费；来源：大罗SEO/High DA Profile；类型：Profile link；链接：Dofollow；聚合源标记可即时通过；导入日期 2026-08-25；执行前复核当前规则
https://edukite.org/		FALSE		聚合源标记免费；来源：大罗SEO/High DA Profile；类型：Profile link；链接：Nofollow；聚合源标记可即时通过；导入日期 2026-08-25；执行前复核当前规则
https://eedblog.com/		FALSE		聚合源标记免费；来源：大罗SEO/Website Builder L4；类型：Website Builder；链接：Dofollow；聚合源标记可即时通过；导入日期 2026-08-25；执行前复核当前规则
https://efreaprime.com/		FALSE		聚合源标记免费；来源：大罗SEO/High DA Profile；类型：Profile link；链接：Nofollow；聚合源标记可即时通过；导入日期 2026-08-25；执行前复核当前规则
https://einpresswire.com/		FALSE		聚合源标记免费；来源：大罗SEO/Press Release (L4)；类型：Press Release；链接：Unknown；导入日期 2026-08-25；执行前复核当前规则
https://electricbikereview.com/forums		FALSE		聚合源标记免费；来源：大罗SEO/High DA Profile / 大罗SEO/Forums (L4)；类型：Profile link / Forums；链接：Dofollow；聚合源标记可即时通过；导入日期 2026-08-25；执行前复核当前规则
https://electriciansforums.net/		FALSE		聚合源标记免费；来源：大罗SEO/High DA Profile / 大罗SEO/Forums (L4)；类型：Profile link / Forums；链接：Nofollow；聚合源标记可即时通过；导入日期 2026-08-25；执行前复核当前规则
https://elink.io/		FALSE		聚合源标记免费；来源：大罗SEO/High DA Profile；类型：Profile link；链接：Dofollow；聚合源标记可即时通过；导入日期 2026-08-25；执行前复核当前规则
https://ello.co/		FALSE		聚合源标记免费；来源：大罗SEO/High DA Profile；类型：Profile link；链接：Nofollow；聚合源标记可即时通过；导入日期 2026-08-25；执行前复核当前规则
https://emailmeform.com/		FALSE		聚合源标记免费；来源：大罗SEO/Website Builder L4；类型：Website Builder；链接：Dofollow；聚合源标记可即时通过；导入日期 2026-08-25；执行前复核当前规则
https://emaze.com/		FALSE		聚合源标记免费；来源：大罗SEO/Website Builder L4 / 大罗SEO/File Upload (L4)；类型：Website Builder / File Upload；链接：Dofollow；聚合源标记可即时通过；导入日期 2026-08-25；执行前复核当前规则
https://emtbforums.com/		FALSE		聚合源标记免费；来源：大罗SEO/High DA Profile / 大罗SEO/Forums (L4)；类型：Profile link / Forums；链接：Nofollow；聚合源标记可即时通过；导入日期 2026-08-25；执行前复核当前规则
https://emucoupon.com/		FALSE		聚合源标记免费；来源：大罗SEO/Coupon (L3) DALUOSEO.COM；类型：Coupon；链接：Unknown；导入日期 2026-08-25；执行前复核当前规则
https://en.sitew.com/		FALSE		聚合源标记免费；来源：大罗SEO/Website Builder L4；类型：Website Builder；链接：Nofollow；聚合源标记可即时通过；导入日期 2026-08-25；执行前复核当前规则
https://en.webself.net/		FALSE		聚合源标记免费；来源：大罗SEO/Website Builder L4；类型：Website Builder；链接：Dofollow；聚合源标记可即时通过；导入日期 2026-08-25；执行前复核当前规则
https://engineering.com/		FALSE		聚合源标记免费；来源：大罗SEO/High DA Profile；类型：Profile link；链接：Dofollow；聚合源标记可即时通过；导入日期 2026-08-25；执行前复核当前规则
https://engineofsouls.activeboard.com/		FALSE		聚合源标记免费；来源：大罗SEO/High DA Profile / 大罗SEO/Forums (L4)；类型：Profile link / Forums；链接：Unknow / Unknown；聚合源标记可即时通过；导入日期 2026-08-25；执行前复核当前规则
https://enrollbusiness.com/		FALSE		聚合源标记免费；来源：大罗SEO/Local (L2)；类型：Local；链接：Unknown；导入日期 2026-08-25；执行前复核当前规则
https://entireweb.com/		FALSE		聚合源标记免费；来源：大罗SEO/Search Engine；类型：Search Engine；链接：Unknown；导入日期 2026-08-25；执行前复核当前规则
https://envato.com/		FALSE		聚合源标记免费；来源：大罗SEO/High DA Profile；类型：Profile link；链接：Unknown；导入日期 2026-08-25；执行前复核当前规则
https://envirolink.org/forum		FALSE		聚合源标记免费；来源：大罗SEO/High DA Profile / 大罗SEO/Forums (L4)；类型：Profile link / Forums；链接：Dofollow；聚合源标记可即时通过；导入日期 2026-08-25；执行前复核当前规则
https://enworld.org/		FALSE		聚合源标记免费；来源：大罗SEO/High DA Profile / 大罗SEO/Forums (L4)；类型：Profile link / Forums；链接：Nofollow；聚合源标记可即时通过；导入日期 2026-08-25；执行前复核当前规则
https://eos-magazine-forum.com/		FALSE		聚合源标记免费；来源：大罗SEO/High DA Profile / 大罗SEO/Forums (L4)；类型：Profile link / Forums；链接：Nofollow；聚合源标记可即时通过；导入日期 2026-08-25；执行前复核当前规则
https://espguitars.com/		FALSE		聚合源标记免费；来源：大罗SEO/High DA Profile；类型：Profile link；链接：Nofollow；聚合源标记可即时通过；导入日期 2026-08-25；执行前复核当前规则
https://eternagame.org/		FALSE		聚合源标记免费；来源：大罗SEO/High DA Profile；类型：Profile link；链接：Nofollow；聚合源标记可即时通过；导入日期 2026-08-25；执行前复核当前规则
https://eternia.to/		FALSE		聚合源标记免费；来源：大罗SEO/High DA Profile / 大罗SEO/Forums (L4)；类型：Profile link / Forums；链接：Dofollow；聚合源标记可即时通过；导入日期 2026-08-25；执行前复核当前规则
https://eu-startups.com/		FALSE		聚合源标记免费；来源：GitHub/csv/03-new-startup-directories.csv+csv/09-general-directories.csv+md/03-new-startup-directories.md+md/09-general-directories.md；类型：homepage；导入日期 2026-08-25；执行前复核当前规则
https://eu-startups.com/directory		FALSE		聚合源标记免费；来源：大罗SEO/Directory / 大罗SEO/Product Launch (L5) / GitHub/csv/09-general-directories.csv+md/09-general-directories.md；类型：Directory / Produt Launch / submission；链接：Unknown；导入日期 2026-08-25；执行前复核当前规则
https://eu.frms.link/g4juley		FALSE		聚合源标记免费；来源：GitHub/csv/09-general-directories.csv+md/09-general-directories.md；类型：submission；导入日期 2026-08-25；执行前复核当前规则
https://euacupones.net/		FALSE		聚合源标记免费；来源：大罗SEO/Coupon (L3) DALUOSEO.COM；类型：Coupon；链接：Unknown；导入日期 2026-08-25；执行前复核当前规则
https://europages.com/		FALSE		聚合源标记免费；来源：大罗SEO/Local (L2)；类型：Local；链接：Unknown；导入日期 2026-08-25；执行前复核当前规则
https://euseguros.pt/community		FALSE		聚合源标记免费；来源：大罗SEO/High DA Profile / 大罗SEO/Forums (L4)；类型：Profile link / Forums；链接：Nofollow；聚合源标记可即时通过；导入日期 2026-08-25；执行前复核当前规则
https://eventbrite.com/		FALSE		聚合源标记免费；来源：大罗SEO/High DA Profile；类型：Profile link；链接：Dofollow；聚合源标记可即时通过；导入日期 2026-08-25；执行前复核当前规则
https://eventfinder.at/		FALSE		聚合源标记免费；来源：大罗SEO/Local (L2)；类型：Local；链接：Unknown；导入日期 2026-08-25；执行前复核当前规则
https://eventfinder.de/		FALSE		聚合源标记免费；来源：大罗SEO/Local (L2)；类型：Local；链接：Unknown；导入日期 2026-08-25；执行前复核当前规则
https://everforo.com/		FALSE		聚合源标记免费；来源：大罗SEO/High DA Profile / 大罗SEO/Website Builder L4；类型：Profile link / Website Builder；链接：Dofollow；聚合源标记可即时通过；导入日期 2026-08-25；执行前复核当前规则
https://evernote.com/		FALSE		聚合源标记免费；来源：大罗SEO/High DA Profile；类型：Profile link；链接：Dofollow；聚合源标记可即时通过；导入日期 2026-08-25；执行前复核当前规则
https://every-ai.com/		FALSE		聚合源标记免费；来源：Notion 100+ DIR/FREE / GitHub/csv/04-launch-websites.csv+csv/09-general-directories.csv+md/04-launch-websites.md+md/09-general-directories.md；类型：Product Launch / homepage；导入日期 2026-08-25；执行前复核当前规则
https://every-ai.com/submit-tool		FALSE		聚合源标记免费；来源：Notion 100+ DIR/FREE / 首轮明确免费提交入口 / GitHub/csv/04-launch-websites.csv+csv/09-general-directories.csv+md/04-launch-websites.md+md/09-general-directories.md；类型：Product Launch / Directory / submission；导入日期 2026-08-25；执行前复核当前规则
https://everyeventgives.com/		FALSE		聚合源标记免费；来源：大罗SEO/High DA Profile；类型：Profile link；链接：Dofollow；聚合源标记可即时通过；导入日期 2026-08-25；执行前复核当前规则
https://evosolution.net/Forum/member.php		FALSE		聚合源标记免费；来源：大罗SEO/High DA Profile / 大罗SEO/Forums (L4)；类型：Profile link / Forums；链接：Dofollow；聚合源标记可即时通过；导入日期 2026-08-25；执行前复核当前规则
https://ewebdiscussion.com/		FALSE		聚合源标记免费；来源：大罗SEO/High DA Profile / 大罗SEO/Forums (L4)；类型：Profile link / Forums；链接：Nofollow；聚合源标记可即时通过；导入日期 2026-08-25；执行前复核当前规则
https://ewebmarks.com/		FALSE		聚合源标记免费；来源：大罗SEO/Bookmarking；类型：Bookmarking；链接：Dofollow；聚合源标记可即时通过；导入日期 2026-08-25；执行前复核当前规则
https://ex.co/		FALSE		聚合源标记免费；来源：大罗SEO/High DA Profile；类型：Profile link；链接：Nofollow；聚合源标记可即时通过；导入日期 2026-08-25；执行前复核当前规则
https://exactseek.com/		FALSE		聚合源标记免费；来源：大罗SEO/Search Engine / GitHub/csv/07-ai-creators-directory.csv+md/07-ai-creators-directory.md；类型：Search Engine / homepage；链接：Unknown；导入日期 2026-08-25；执行前复核当前规则
https://exactseek.com/add.html		FALSE		聚合源标记免费；来源：GitHub/csv/07-ai-creators-directory.csv+md/07-ai-creators-directory.md；类型：submission；导入日期 2026-08-25；执行前复核当前规则
https://exchangle.com/		FALSE		聚合源标记免费；来源：大罗SEO/High DA Profile；类型：Profile link；链接：Nofollow；聚合源标记可即时通过；导入日期 2026-08-25；执行前复核当前规则
https://exophase.com/		FALSE		聚合源标记免费；来源：大罗SEO/High DA Profile / 大罗SEO/Forums (L4)；类型：Profile link / Forums；链接：Nofollow；聚合源标记可即时通过；导入日期 2026-08-25；执行前复核当前规则
https://expat.com/forum		FALSE		聚合源标记免费；来源：大罗SEO/High DA Profile / 大罗SEO/Forums (L4)；类型：Profile link / Forums；链接：Nofollow；聚合源标记可即时通过；导入日期 2026-08-25；执行前复核当前规则
https://expeditionutah.com/forum/index.php		FALSE		聚合源标记免费；来源：大罗SEO/High DA Profile / 大罗SEO/Forums (L4)；类型：Profile link / Forums；链接：Nofollow；聚合源标记可即时通过；导入日期 2026-08-25；执行前复核当前规则
https://exposure.co/		FALSE		聚合源标记免费；来源：大罗SEO/High DA Profile；类型：Profile link；链接：Dofollow；聚合源标记可即时通过；导入日期 2026-08-25；执行前复核当前规则
https://express-press-release.net/		FALSE		聚合源标记免费；来源：大罗SEO/Press Release (L4)；类型：Press Release；链接：Unknown；导入日期 2026-08-25；执行前复核当前规则
https://express.yudu.com/		FALSE		聚合源标记免费；来源：大罗SEO/High DA Profile；类型：Profile link；链接：Dofollow；聚合源标记可即时通过；导入日期 2026-08-25；执行前复核当前规则
https://expressionsme.com/		FALSE		聚合源标记免费；来源：大罗SEO/High DA Profile；类型：Profile link；链接：Nofollow；聚合源标记可即时通过；导入日期 2026-08-25；执行前复核当前规则
https://ezilon.com/		FALSE		聚合源标记免费；来源：大罗SEO/Directory；类型：Directory；链接：Unknown；导入日期 2026-08-25；执行前复核当前规则
https://eznow.com/		FALSE		聚合源标记免费；来源：大罗SEO/Website Builder L4；类型：Website Builder；链接：Dofollow；聚合源标记可即时通过；导入日期 2026-08-25；执行前复核当前规则
https://ezwebdirectory.com/		FALSE		聚合源标记免费；来源：GitHub/csv/09-general-directories.csv+md/09-general-directories.md；类型：homepage；导入日期 2026-08-25；执行前复核当前规则
https://ezwebdirectory.com/item/new		FALSE		聚合源标记免费；来源：GitHub/csv/09-general-directories.csv+md/09-general-directories.md；类型：submission；导入日期 2026-08-25；执行前复核当前规则
https://f6s.com/		FALSE		聚合源标记免费；来源：大罗SEO/Communities (L4) / Web.Cafe 海外产品发布渠道 / GitHub/csv/01-startup-directories.csv+csv/03-new-startup-directories.csv+csv/06-startup-launch-ways.csv+csv/07-ai-creators-directory.csv+csv/09-general-directories.csv+md/01-startup-directories.md+md/03-new-startup-directories.md+md/06-startup-launch-ways.md+md/07-ai-creators-directory.md+md/09-general-directories.md；类型：Communities / Product Launch / submission；链接：Nofollow；聚合源标记可即时通过；导入日期 2026-08-25；执行前复核当前规则
https://facebook.com/		FALSE		聚合源标记免费；来源：大罗SEO/Social DALUOSEO.COM；类型：Unkown；导入日期 2026-08-25；执行前复核当前规则
https://faind.ai/		FALSE		聚合源标记免费；来源：Notion 100+ DIR/FREE / GitHub/csv/04-launch-websites.csv+csv/09-general-directories.csv+md/04-launch-websites.md+md/09-general-directories.md；类型：Product Launch / homepage；导入日期 2026-08-25；执行前复核当前规则
https://faind.ai/submit-a-tool		FALSE		聚合源标记免费；来源：Notion 100+ DIR/FREE / 首轮明确免费提交入口 / GitHub/csv/04-launch-websites.csv+csv/09-general-directories.csv+md/04-launch-websites.md+md/09-general-directories.md；类型：Product Launch / Directory / submission；导入日期 2026-08-25；执行前复核当前规则
https://familyandland.com/		FALSE		聚合源标记免费；来源：大罗SEO/High DA Profile / 大罗SEO/Classified Ads (L4)；类型：Profile link / Classified Ads；链接：Dofollow；聚合源标记可即时通过；导入日期 2026-08-25；执行前复核当前规则
https://fan.school/		FALSE		聚合源标记免费；来源：大罗SEO/High DA Profile / 大罗SEO/Website Builder L4；类型：Profile link / Website Builder；链接：Dofollow；聚合源标记可即时通过；导入日期 2026-08-25；执行前复核当前规则
https://fanfiction.net/		FALSE		聚合源标记免费；来源：大罗SEO/High DA Profile；类型：Profile link；链接：Nofollow；聚合源标记可即时通过；导入日期 2026-08-25；执行前复核当前规则
https://fanpop.com/		FALSE		聚合源标记免费；来源：大罗SEO/High DA Profile；类型：Profile link；链接：Nofollow；聚合源标记可即时通过；导入日期 2026-08-25；执行前复核当前规则
https://fark.com/		FALSE		聚合源标记免费；来源：大罗SEO/Communities (L4)；类型：Communities；链接：Dofollow；聚合源标记可即时通过；导入日期 2026-08-25；执行前复核当前规则
https://fastbookmarkings.com/		FALSE		聚合源标记免费；来源：大罗SEO/Bookmarking；类型：Bookmarking；链接：Dofollow；聚合源标记可即时通过；导入日期 2026-08-25；执行前复核当前规则
https://fastpedia.io/		FALSE		聚合源标记免费；来源：GitHub/csv/02-ai-tools-directory.csv+md/02-ai-tools-directory.md；类型：homepage；导入日期 2026-08-25；执行前复核当前规则
https://favird.com/		FALSE		聚合源标记免费；来源：GitHub/csv/05-backlinks.csv+csv/07-ai-creators-directory.csv+csv/09-general-directories.csv+md/05-backlinks.md+md/07-ai-creators-directory.md+md/09-general-directories.md；类型：submission；导入日期 2026-08-25；执行前复核当前规则
https://favird.com/l/ai-tools-and-applications		FALSE		聚合源标记免费；来源：GitHub/csv/04-launch-websites.csv+csv/07-ai-creators-directory.csv+md/04-launch-websites.md+md/07-ai-creators-directory.md；类型：submission；导入日期 2026-08-25；执行前复核当前规则
https://fc.lc/		FALSE		聚合源标记免费；来源：大罗SEO/URL Shortener；类型：URL Shortener；链接：Nofollow；聚合源标记可即时通过；导入日期 2026-08-25；执行前复核当前规则
https://fc2.com/		FALSE		聚合源标记免费；来源：大罗SEO/Website Builder L4；类型：Website Builder；链接：Dofollow；聚合源标记可即时通过；导入日期 2026-08-25；执行前复核当前规则
https://fcpablogjobs.com/		FALSE		聚合源标记免费；来源：大罗SEO/High DA Profile / 大罗SEO/Job Boards (L4)；类型：Profile link / Job Boards；链接：Dofollow；聚合源标记可即时通过；导入日期 2026-08-25；执行前复核当前规则
https://fearsteve.com/		FALSE		聚合源标记免费；来源：大罗SEO/Bookmarking；类型：Bookmarking；链接：Nofollow；聚合源标记可即时通过；导入日期 2026-08-25；执行前复核当前规则
https://featuredcustomers.com/		FALSE		聚合源标记免费；来源：大罗SEO/Review Sites / GitHub/csv/01-startup-directories.csv+csv/07-ai-creators-directory.csv+md/01-startup-directories.md+md/07-ai-creators-directory.md；类型：Review Sites / submission；链接：Unknown；导入日期 2026-08-25；执行前复核当前规则
https://fediverse.blog/		FALSE		聚合源标记免费；来源：大罗SEO/High DA Profile；类型：Profile link；链接：Dofollow；聚合源标记可即时通过；导入日期 2026-08-25；执行前复核当前规则
https://feedback.bistudio.com/		FALSE		聚合源标记免费；来源：大罗SEO/High DA Profile；类型：Profile link；链接：Nofollow；聚合源标记可即时通过；导入日期 2026-08-25；执行前复核当前规则
https://feedbooks.com/		FALSE		聚合源标记免费；来源：大罗SEO/High DA Profile；类型：Profile link；链接：Dofollow；聚合源标记可即时通过；导入日期 2026-08-25；执行前复核当前规则
https://feedmyapp.com/		FALSE		聚合源标记免费；来源：大罗SEO/Product Launch (L5)；类型：Produt Launch；链接：Unknown；导入日期 2026-08-25；执行前复核当前规则
https://feedmyapp.com/submit		FALSE		聚合源标记免费；来源：Web.Cafe 海外产品发布渠道；类型：Product Launch；导入日期 2026-08-25；执行前复核当前规则
https://feedsfloor.com/		FALSE		聚合源标记免费；来源：大罗SEO/High DA Profile；类型：Profile link；链接：Dofollow；聚合源标记可即时通过；导入日期 2026-08-25；执行前复核当前规则
https://ferventing.updatesee.com/		FALSE		聚合源标记免费；来源：大罗SEO/Bookmarking；类型：Bookmarking；链接：Dofollow；聚合源标记可即时通过；导入日期 2026-08-25；执行前复核当前规则
https://fiddy.co/		FALSE		聚合源标记免费；来源：大罗SEO/Product Launch (L5)；类型：Produt Launch；链接：Unknown；导入日期 2026-08-25；执行前复核当前规则
https://fifty.weekendprojects.xyz/		FALSE		聚合源标记免费；来源：Web.Cafe 海外产品发布渠道；类型：Product Launch；导入日期 2026-08-25；执行前复核当前规则
https://fileforum.com/		FALSE		聚合源标记免费；来源：大罗SEO/High DA Profile / 大罗SEO/Directory；类型：Profile link / Directory；链接：Nofollow；聚合源标记可即时通过；导入日期 2026-08-25；执行前复核当前规则
https://files.fm/		FALSE		聚合源标记免费；来源：大罗SEO/High DA Profile / 大罗SEO/File Upload (L4)；类型：Profile link / File Upload；链接：Dofollow；聚合源标记可即时通过；导入日期 2026-08-25；执行前复核当前规则
https://files4you.org/		FALSE		聚合源标记免费；来源：大罗SEO/High DA Profile / 大罗SEO/Forums (L4)；类型：Profile link / Forums；链接：Nofollow；聚合源标记可即时通过；导入日期 2026-08-25；执行前复核当前规则
https://filesharingtalk.com/forum.php		FALSE		聚合源标记免费；来源：大罗SEO/High DA Profile / 大罗SEO/Forums (L4)；类型：Profile link / Forums；链接：Dofollow；聚合源标记可即时通过；导入日期 2026-08-25；执行前复核当前规则
https://filmsforaction.org/		FALSE		聚合源标记免费；来源：大罗SEO/High DA Profile；类型：Profile link；链接：Dofollow；聚合源标记可即时通过；导入日期 2026-08-25；执行前复核当前规则
https://fimfiction.net/		FALSE		聚合源标记免费；来源：大罗SEO/Communities (L4)；类型：Communities；链接：Nofollow；聚合源标记可即时通过；导入日期 2026-08-25；执行前复核当前规则
https://financesonline.com/		FALSE		聚合源标记免费；来源：大罗SEO/Directory / GitHub/csv/03-new-startup-directories.csv+csv/07-ai-creators-directory.csv+md/03-new-startup-directories.md+md/07-ai-creators-directory.md；类型：Directory / homepage；链接：Unknown；导入日期 2026-08-25；执行前复核当前规则
https://financesonline.com/add-product		FALSE		聚合源标记免费；来源：GitHub/csv/07-ai-creators-directory.csv+csv/09-general-directories.csv+md/07-ai-creators-directory.md+md/09-general-directories.md；类型：submission；导入日期 2026-08-25；执行前复核当前规则
https://financial-hub.net/		FALSE		聚合源标记免费；来源：大罗SEO/Bookmarking；类型：Bookmarking；链接：Dofollow；聚合源标记可即时通过；导入日期 2026-08-25；执行前复核当前规则
https://find-open.com/		FALSE		聚合源标记免费；来源：大罗SEO/Local (L2)；类型：Local；链接：Unknown；导入日期 2026-08-25；执行前复核当前规则
https://findaitools.co/		FALSE		聚合源标记免费；来源：GitHub/csv/04-launch-websites.csv+csv/07-ai-creators-directory.csv+md/04-launch-websites.md+md/07-ai-creators-directory.md；类型：homepage；导入日期 2026-08-25；执行前复核当前规则
https://findaitools.co/advertise		FALSE		聚合源标记免费；来源：GitHub/csv/04-launch-websites.csv+csv/07-ai-creators-directory.csv+md/04-launch-websites.md+md/07-ai-creators-directory.md；类型：submission；导入日期 2026-08-25；执行前复核当前规则
https://findery.com/		FALSE		聚合源标记免费；来源：大罗SEO/High DA Profile；类型：Profile link；链接：Dofollow；聚合源标记可即时通过；导入日期 2026-08-25；执行前复核当前规则
https://findpostcode.com.au/local-listings		FALSE		聚合源标记免费；来源：大罗SEO/Local (L2)；类型：Local；链接：Unknown；导入日期 2026-08-25；执行前复核当前规则
https://findthebestrestaurant.com/		FALSE		聚合源标记免费；来源：大罗SEO/Local (L2)；类型：Local；链接：Unknown；导入日期 2026-08-25；执行前复核当前规则
https://fineartamerica.com/		FALSE		聚合源标记免费；来源：大罗SEO/High DA Profile / 大罗SEO/Communities (L4)；类型：Profile link / Communities；链接：Nofollow；聚合源标记可即时通过；导入日期 2026-08-25；执行前复核当前规则
https://fintechcanada.io/		FALSE		聚合源标记免费；来源：大罗SEO/Directory；类型：Directory；链接：Unknown；导入日期 2026-08-25；执行前复核当前规则
https://fireblogz.com/		FALSE		聚合源标记免费；来源：大罗SEO/Website Builder L4；类型：Website Builder；链接：Dofollow；聚合源标记可即时通过；导入日期 2026-08-25；执行前复核当前规则
https://firmania.biz/		FALSE		聚合源标记免费；来源：大罗SEO/Local (L2)；类型：Local；链接：Unknown；导入日期 2026-08-25；执行前复核当前规则
https://first100users.com/		FALSE		聚合源标记免费；来源：GitHub/csv/04-launch-websites.csv+md/04-launch-websites.md；类型：homepage；导入日期 2026-08-25；执行前复核当前规则
https://first100users.com/submit		FALSE		聚合源标记免费；来源：GitHub/csv/04-launch-websites.csv+md/04-launch-websites.md；类型：submission；导入日期 2026-08-25；执行前复核当前规则
https://fiscoetasse.com/forum		FALSE		聚合源标记免费；来源：大罗SEO/Forums (L4)；类型：Forums；链接：Unknown；导入日期 2026-08-25；执行前复核当前规则
https://fishbowl.com.my/		FALSE		聚合源标记免费；来源：大罗SEO/Local (L2)；类型：Local；链接：Unknown；导入日期 2026-08-25；执行前复核当前规则
https://fitnell.com/		FALSE		聚合源标记免费；来源：大罗SEO/Website Builder L4；类型：Website Builder；链接：Dofollow；聚合源标记可即时通过；导入日期 2026-08-25；执行前复核当前规则
https://fivetaco.com/submit		FALSE		聚合源标记免费；来源：GitHub/csv/09-general-directories.csv+md/09-general-directories.md；类型：submission；导入日期 2026-08-25；执行前复核当前规则
https://flaticon.com/		FALSE		聚合源标记免费；来源：大罗SEO/File Upload (L4)；类型：File Upload；链接：Unknown；导入日期 2026-08-25；执行前复核当前规则
https://flattr.com/		FALSE		聚合源标记免费；来源：大罗SEO/High DA Profile；类型：Profile link；链接：Dofollow；聚合源标记可即时通过；导入日期 2026-08-25；执行前复核当前规则
https://flickr.com/		FALSE		聚合源标记免费；来源：大罗SEO/High DA Profile / 大罗SEO/Social DALUOSEO.COM；类型：Profile link / Dofollow；链接：Dofollow / Y；聚合源标记可即时通过；导入日期 2026-08-25；执行前复核当前规则
https://flightradar24.com/		FALSE		聚合源标记免费；来源：大罗SEO/High DA Profile / 大罗SEO/Forums (L4)；类型：Profile link / Forums；链接：Nofollow；聚合源标记可即时通过；导入日期 2026-08-25；执行前复核当前规则
https://flipboard.com/		FALSE		聚合源标记免费；来源：大罗SEO/High DA Profile；类型：Profile link；链接：Nofollow；聚合源标记可即时通过；导入日期 2026-08-25；执行前复核当前规则
https://flipgorilla.com/		FALSE		聚合源标记免费；来源：大罗SEO/High DA Profile；类型：Profile link；链接：Dofollow；聚合源标记可即时通过；导入日期 2026-08-25；执行前复核当前规则
https://fliphtml5.com/		FALSE		聚合源标记免费；来源：大罗SEO/High DA Profile；类型：Profile link；链接：Dofollow；聚合源标记可即时通过；导入日期 2026-08-25；执行前复核当前规则
https://flipsnack.com/		FALSE		聚合源标记免费；来源：大罗SEO/File Upload (L4)；类型：File Upload；链接：Dofollow；聚合源标记可即时通过；导入日期 2026-08-25；执行前复核当前规则
https://flooringforum.com/		FALSE		聚合源标记免费；来源：大罗SEO/High DA Profile / 大罗SEO/Forums (L4)；类型：Profile link / Forums；链接：Nofollow；聚合源标记可即时通过；导入日期 2026-08-25；执行前复核当前规则
https://fluther.com/		FALSE		聚合源标记免费；来源：大罗SEO/High DA Profile / 大罗SEO/Forums (L4)；类型：Profile link / Forums；链接：Nofollow；聚合源标记可即时通过；导入日期 2026-08-25；执行前复核当前规则
https://fodors.com/		FALSE		聚合源标记免费；来源：大罗SEO/High DA Profile；类型：Profile link；链接：Nofollow；聚合源标记可即时通过；导入日期 2026-08-25；执行前复核当前规则
https://folkd.com/		FALSE		聚合源标记免费；来源：大罗SEO/Bookmarking；类型：Bookmarking；链接：Nofollow；聚合源标记可即时通过；导入日期 2026-08-25；执行前复核当前规则
https://fontspace.com/		FALSE		聚合源标记免费；来源：大罗SEO/High DA Profile；类型：Profile link；链接：Dofollow；聚合源标记可即时通过；导入日期 2026-08-25；执行前复核当前规则
https://foodiesfeed.com/		FALSE		聚合源标记免费；来源：大罗SEO/High DA Profile；类型：Profile link；链接：Dofollow；聚合源标记可即时通过；导入日期 2026-08-25；执行前复核当前规则
https://forexfactory.com/		FALSE		聚合源标记免费；来源：大罗SEO/High DA Profile；类型：Profile link；链接：Nofollow；聚合源标记可即时通过；导入日期 2026-08-25；执行前复核当前规则
https://forms.gle/8h1SokDHfcPwkbaZ8		FALSE		聚合源标记免费；来源：GitHub/csv/09-general-directories.csv+md/09-general-directories.md；类型：submission；导入日期 2026-08-25；执行前复核当前规则
https://forms.gle/Ze6pdWzmweCfKWnLA		FALSE		聚合源标记免费；来源：GitHub/csv/04-launch-websites.csv+csv/05-backlinks.csv+csv/09-general-directories.csv+md/04-launch-websites.md+md/05-backlinks.md+md/09-general-directories.md；类型：submission；导入日期 2026-08-25；执行前复核当前规则
https://foro.zendalibros.com/		FALSE		聚合源标记免费；来源：大罗SEO/High DA Profile / 大罗SEO/Forums (L4)；类型：Profile link / Forums；链接：Dofollow；聚合源标记可即时通过；导入日期 2026-08-25；执行前复核当前规则
https://foroactivo.com/		FALSE		聚合源标记免费；来源：大罗SEO/High DA Profile / 大罗SEO/Website Builder L4；类型：Profile link / Website Builder；链接：Nofollow；聚合源标记可即时通过；导入日期 2026-08-25；执行前复核当前规则
https://forum-feminin.xooit.org/index.php		FALSE		聚合源标记免费；来源：大罗SEO/High DA Profile / 大罗SEO/Forums (L4)；类型：Profile link / Forums；链接：Dofollow；聚合源标记可即时通过；导入日期 2026-08-25；执行前复核当前规则
https://forum.abantecart.com/index.php		FALSE		聚合源标记免费；来源：大罗SEO/High DA Profile / 大罗SEO/Forums (L4)；类型：Profile link / Forums；链接：Dofollow；聚合源标记可即时通过；导入日期 2026-08-25；执行前复核当前规则
https://forum.audio.com.pl/		FALSE		聚合源标记免费；来源：大罗SEO/High DA Profile / 大罗SEO/Forums (L4)；类型：Profile link / Forums；链接：Nofollow；聚合源标记可即时通过；导入日期 2026-08-25；执行前复核当前规则
https://forum.axishistory.com/index.php		FALSE		聚合源标记免费；来源：大罗SEO/High DA Profile / 大罗SEO/Forums (L4)；类型：Profile link / Forums；链接：Dofollow；聚合源标记可即时通过；导入日期 2026-08-25；执行前复核当前规则
https://forum.bassbuzz.com/		FALSE		聚合源标记免费；来源：大罗SEO/High DA Profile / 大罗SEO/Forums (L4)；类型：Profile link / Forums；链接：Dofollow；聚合源标记可即时通过；导入日期 2026-08-25；执行前复核当前规则
https://forum.benchmark.pl/		FALSE		聚合源标记免费；来源：大罗SEO/High DA Profile / 大罗SEO/Forums (L4)；类型：Profile link / Forums；链接：Nofollow；聚合源标记可即时通过；导入日期 2026-08-25；执行前复核当前规则
https://forum.breakthroughguitar.com/		FALSE		聚合源标记免费；来源：大罗SEO/High DA Profile / 大罗SEO/Forums (L4)；类型：Profile link / Forums；链接：Nofollow；聚合源标记可即时通过；导入日期 2026-08-25；执行前复核当前规则
https://forum.cad.pl/		FALSE		聚合源标记免费；来源：大罗SEO/High DA Profile / 大罗SEO/Communities (L4) / 大罗SEO/Forums (L4)；类型：Profile link / Communities / Forums；链接：Nofollow；聚合源标记可即时通过；导入日期 2026-08-25；执行前复核当前规则
https://forum.chatovod.com/		FALSE		聚合源标记免费；来源：大罗SEO/High DA Profile；类型：Profile link；链接：Dofollow；聚合源标记可即时通过；导入日期 2026-08-25；执行前复核当前规则
https://forum.configserver.com/		FALSE		聚合源标记免费；来源：大罗SEO/High DA Profile / 大罗SEO/Forums (L4)；类型：Profile link / Forums；链接：Nofollow；聚合源标记可即时通过；导入日期 2026-08-25；执行前复核当前规则
https://forum.constructhr.com/		FALSE		聚合源标记免费；来源：大罗SEO/High DA Profile；类型：Profile link；链接：Nofollow；聚合源标记可即时通过；导入日期 2026-08-25；执行前复核当前规则
https://forum.cs-cart.com/		FALSE		聚合源标记免费；来源：大罗SEO/High DA Profile / 大罗SEO/Forums (L4)；类型：Profile link / Forums；链接：Dofollow；聚合源标记可即时通过；导入日期 2026-08-25；执行前复核当前规则
https://forum.ct8.pl/		FALSE		聚合源标记免费；来源：大罗SEO/High DA Profile / 大罗SEO/Forums (L4)；类型：Profile link / Forums；链接：Dofollow；聚合源标记可即时通过；导入日期 2026-08-25；执行前复核当前规则
https://forum.digital-digest.com/		FALSE		聚合源标记免费；来源：大罗SEO/High DA Profile / 大罗SEO/Forums (L4)；类型：Profile link / Forums；链接：Nofollow / Dofollow；聚合源标记可即时通过；导入日期 2026-08-25；执行前复核当前规则
https://forum.digitpress.com/forum/index.php		FALSE		聚合源标记免费；来源：大罗SEO/High DA Profile / 大罗SEO/Forums (L4)；类型：Profile link / Forums；链接：Dofollow；聚合源标记可即时通过；导入日期 2026-08-25；执行前复核当前规则
https://forum.dualsportbc.com/		FALSE		聚合源标记免费；来源：大罗SEO/High DA Profile / 大罗SEO/Forums (L4)；类型：Profile link / Forums；链接：Nofollow；聚合源标记可即时通过；导入日期 2026-08-25；执行前复核当前规则
https://forum.edilclima.it/		FALSE		聚合源标记免费；来源：大罗SEO/Forums (L4)；类型：Forums；链接：Unknown；导入日期 2026-08-25；执行前复核当前规则
https://forum.elster.de/		FALSE		聚合源标记免费；来源：大罗SEO/High DA Profile / 大罗SEO/Forums (L4)；类型：Profile link / Forums；链接：Dofollow；聚合源标记可即时通过；导入日期 2026-08-25；执行前复核当前规则
https://forum.esk8.news/		FALSE		聚合源标记免费；来源：大罗SEO/High DA Profile / 大罗SEO/Forums (L4)；类型：Profile link / Forums；链接：Nofollow；聚合源标记可即时通过；导入日期 2026-08-25；执行前复核当前规则
https://forum.filezilla-project.org/		FALSE		聚合源标记免费；来源：大罗SEO/High DA Profile / 大罗SEO/Forums (L4)；类型：Profile link / Forums；链接：Dofollow；聚合源标记可即时通过；导入日期 2026-08-25；执行前复核当前规则
https://forum.freegamedev.net/index.php		FALSE		聚合源标记免费；来源：大罗SEO/High DA Profile / 大罗SEO/Forums (L4)；类型：Profile link / Forums；链接：Dofollow；聚合源标记可即时通过；导入日期 2026-08-25；执行前复核当前规则
https://forum.gameflip.com/		FALSE		聚合源标记免费；来源：大罗SEO/High DA Profile / 大罗SEO/Forums (L4)；类型：Profile link / Forums；链接：Nofollow；聚合源标记可即时通过；导入日期 2026-08-25；执行前复核当前规则
https://forum.giants-software.com/index.php		FALSE		聚合源标记免费；来源：大罗SEO/High DA Profile / 大罗SEO/Forums (L4)；类型：Profile link / Forums；链接：Dofollow；聚合源标记可即时通过；导入日期 2026-08-25；执行前复核当前规则
https://forum.gibson.com/		FALSE		聚合源标记免费；来源：大罗SEO/High DA Profile / 大罗SEO/Forums (L4)；类型：Profile link / Forums；链接：Nofollow；聚合源标记可即时通过；导入日期 2026-08-25；执行前复核当前规则
https://forum.grasscity.com/		FALSE		聚合源标记免费；来源：大罗SEO/High DA Profile / 大罗SEO/Forums (L4)；类型：Profile link / Forums；链接：Nofollow；聚合源标记可即时通过；导入日期 2026-08-25；执行前复核当前规则
https://forum.howtoforge.de/		FALSE		聚合源标记免费；来源：大罗SEO/High DA Profile / 大罗SEO/Forums (L4)；类型：Profile link / Forums；链接：Dofollow；聚合源标记可即时通过；导入日期 2026-08-25；执行前复核当前规则
https://forum.inaturalist.org/		FALSE		聚合源标记免费；来源：大罗SEO/High DA Profile / 大罗SEO/Forums (L4)；类型：Profile link / Forums；链接：Nofollow；聚合源标记可即时通过；导入日期 2026-08-25；执行前复核当前规则
https://forum.instaforex.com/		FALSE		聚合源标记免费；来源：大罗SEO/High DA Profile / 大罗SEO/Forums (L4)；类型：Profile link / Forums；链接：Dofollow；聚合源标记可即时通过；导入日期 2026-08-25；执行前复核当前规则
https://forum.italia.it/		FALSE		聚合源标记免费；来源：大罗SEO/Forums (L4)；类型：Forums；链接：Unknown；导入日期 2026-08-25；执行前复核当前规则
https://forum.jbonamassa.com/		FALSE		聚合源标记免费；来源：大罗SEO/High DA Profile / 大罗SEO/Forums (L4)；类型：Profile link / Forums；链接：Dofollow；聚合源标记可即时通过；导入日期 2026-08-25；执行前复核当前规则
https://forum.kirupa.com/		FALSE		聚合源标记免费；来源：大罗SEO/High DA Profile / 大罗SEO/Forums (L4)；类型：Profile link / Forums；链接：Nofollow；聚合源标记可即时通过；导入日期 2026-08-25；执行前复核当前规则
https://forum.knittinghelp.com/		FALSE		聚合源标记免费；来源：大罗SEO/High DA Profile / 大罗SEO/Forums (L4)；类型：Profile link / Forums；链接：Nofollow；聚合源标记可即时通过；导入日期 2026-08-25；执行前复核当前规则
https://forum.kvinneguiden.no/		FALSE		聚合源标记免费；来源：大罗SEO/High DA Profile / 大罗SEO/Communities (L4)；类型：Profile link / Communities；链接：Nofollow；聚合源标记可即时通过；导入日期 2026-08-25；执行前复核当前规则
https://forum.laleggepertutti.it/		FALSE		聚合源标记免费；来源：大罗SEO/Forums (L4)；类型：Forums；链接：Unknown；聚合源标记可即时通过；导入日期 2026-08-25；执行前复核当前规则
https://forum.largescalemodeller.com/		FALSE		聚合源标记免费；来源：大罗SEO/High DA Profile / 大罗SEO/Forums (L4)；类型：Profile link / Forums；链接：Dofollow；聚合源标记可即时通过；导入日期 2026-08-25；执行前复核当前规则
https://forum.lavorincasa.it/edilizio		FALSE		聚合源标记免费；来源：大罗SEO/Forums (L4)；类型：Forums；链接：Unknown；导入日期 2026-08-25；执行前复核当前规则
https://forum.leasehackr.com/		FALSE		聚合源标记免费；来源：大罗SEO/High DA Profile / 大罗SEO/Forums (L4)；类型：Profile link / Forums；链接：Nofollow；聚合源标记可即时通过；导入日期 2026-08-25；执行前复核当前规则
https://forum.lexulous.com/		FALSE		聚合源标记免费；来源：大罗SEO/High DA Profile；类型：Profile link；链接：Nofollow；聚合源标记可即时通过；导入日期 2026-08-25；执行前复核当前规则
https://forum.magazyngitarzysta.pl/		FALSE		聚合源标记免费；来源：大罗SEO/High DA Profile / 大罗SEO/Forums (L4)；类型：Profile link / Forums；链接：Dofollow；聚合源标记可即时通过；导入日期 2026-08-25；执行前复核当前规则
https://forum.maxthon.com/		FALSE		聚合源标记免费；来源：大罗SEO/High DA Profile / 大罗SEO/Forums (L4)；类型：Profile link / Forums；链接：Dofollow；聚合源标记可即时通过；导入日期 2026-08-25；执行前复核当前规则
https://forum.mikrotik.com/		FALSE		聚合源标记免费；来源：大罗SEO/High DA Profile / 大罗SEO/Forums (L4)；类型：Profile link / Forums；链接：Dofollow；聚合源标记可即时通过；导入日期 2026-08-25；执行前复核当前规则
https://forum.moogmusic.com/index.php		FALSE		聚合源标记免费；来源：大罗SEO/High DA Profile / 大罗SEO/Forums (L4)；类型：Profile link / Forums；链接：Dofollow；聚合源标记可即时通过；导入日期 2026-08-25；执行前复核当前规则
https://forum.mp3store.pl/		FALSE		聚合源标记免费；来源：大罗SEO/High DA Profile / 大罗SEO/Forums (L4)；类型：Profile link / Forums；链接：Nofollow；聚合源标记可即时通过；导入日期 2026-08-25；执行前复核当前规则
https://forum.mrw.it/		FALSE		聚合源标记免费；来源：大罗SEO/Forums (L4)；类型：Forums；链接：Unknown；导入日期 2026-08-25；执行前复核当前规则
https://forum.netcup.de/		FALSE		聚合源标记免费；来源：大罗SEO/High DA Profile / 大罗SEO/Forums (L4)；类型：Profile link / Forums；链接：Nofollow；聚合源标记可即时通过；导入日期 2026-08-25；执行前复核当前规则
https://forum.pclab.pl/		FALSE		聚合源标记免费；来源：大罗SEO/High DA Profile / 大罗SEO/Forums (L4)；类型：Profile link / Forums；链接：Dofollow；聚合源标记可即时通过；导入日期 2026-08-25；执行前复核当前规则
https://forum.pcmech.com/		FALSE		聚合源标记免费；来源：大罗SEO/High DA Profile / 大罗SEO/Forums (L4)；类型：Profile link / Forums；链接：Nofollow；聚合源标记可即时通过；导入日期 2026-08-25；执行前复核当前规则
https://forum.pedalpcb.com/		FALSE		聚合源标记免费；来源：大罗SEO/High DA Profile；类型：Profile link；链接：Nofollow；聚合源标记可即时通过；导入日期 2026-08-25；执行前复核当前规则
https://forum.phpwcms.org/		FALSE		聚合源标记免费；来源：大罗SEO/High DA Profile / 大罗SEO/Forums (L4)；类型：Profile link / Forums；链接：Dofollow；聚合源标记可即时通过；导入日期 2026-08-25；执行前复核当前规则
https://forum.proguitar.com/		FALSE		聚合源标记免费；来源：大罗SEO/High DA Profile / 大罗SEO/Forums (L4)；类型：Profile link / Forums；链接：Dofollow / Nofollow；聚合源标记可即时通过；导入日期 2026-08-25；执行前复核当前规则
https://forum.projectcarsgame.com/forum.php		FALSE		聚合源标记免费；来源：大罗SEO/High DA Profile / 大罗SEO/Forums (L4)；类型：Profile link / Forums；链接：Dofollow；聚合源标记可即时通过；导入日期 2026-08-25；执行前复核当前规则
https://forum.purseblog.com/		FALSE		聚合源标记免费；来源：大罗SEO/High DA Profile / 大罗SEO/Forums (L4)；类型：Profile link / Forums；链接：Dofollow；聚合源标记可即时通过；导入日期 2026-08-25；执行前复核当前规则
https://forum.rpg.net/index.php		FALSE		聚合源标记免费；来源：大罗SEO/High DA Profile / 大罗SEO/Forums (L4)；类型：Profile link / Forums；链接：Nofollow；聚合源标记可即时通过；导入日期 2026-08-25；执行前复核当前规则
https://forum.simpolium.com/		FALSE		聚合源标记免费；来源：大罗SEO/High DA Profile；类型：Profile link；链接：Nofollow；聚合源标记可即时通过；导入日期 2026-08-25；执行前复核当前规则
https://forum.solera-cert.info/		FALSE		聚合源标记免费；来源：大罗SEO/High DA Profile / 大罗SEO/Forums (L4)；类型：Profile link / Forums；链接：Nofollow；聚合源标记可即时通过；导入日期 2026-08-25；执行前复核当前规则
https://forum.spaziogames.it/		FALSE		聚合源标记免费；来源：大罗SEO/High DA Profile / 大罗SEO/Forums (L4)；类型：Profile link / Forums；链接：Dofollow；聚合源标记可即时通过；导入日期 2026-08-25；执行前复核当前规则
https://forum.statcounter.com/		FALSE		聚合源标记免费；来源：大罗SEO/High DA Profile / 大罗SEO/Forums (L4)；类型：Profile link / Forums；链接：Nofollow；聚合源标记可即时通过；导入日期 2026-08-25；执行前复核当前规则
https://forum.szajbajk.pl/		FALSE		聚合源标记免费；来源：大罗SEO/High DA Profile / 大罗SEO/Forums (L4)；类型：Profile link / Forums；链接：Dofollow；聚合源标记可即时通过；导入日期 2026-08-25；执行前复核当前规则
https://forum.ukuleleunderground.com/		FALSE		聚合源标记免费；来源：大罗SEO/High DA Profile / 大罗SEO/Forums (L4)；类型：Profile link / Forums；链接：Nofollow；聚合源标记可即时通过；导入日期 2026-08-25；执行前复核当前规则
https://forum.unilang.org/		FALSE		聚合源标记免费；来源：大罗SEO/High DA Profile / 大罗SEO/Communities (L4)；类型：Profile link / Communities；链接：Dofollow；聚合源标记可即时通过；导入日期 2026-08-25；执行前复核当前规则
https://forum.unity.com/		FALSE		聚合源标记免费；来源：大罗SEO/High DA Profile / 大罗SEO/Forums (L4)；类型：Profile link / Forums；链接：Nofollow / Dofollow；聚合源标记可即时通过；导入日期 2026-08-25；执行前复核当前规则
https://forum.utibeinyang.com/		FALSE		聚合源标记免费；来源：大罗SEO/High DA Profile；类型：Profile link；链接：Nofollow；聚合源标记可即时通过；导入日期 2026-08-25；执行前复核当前规则
https://forum.utorrent.com/		FALSE		聚合源标记免费；来源：大罗SEO/High DA Profile / 大罗SEO/Forums (L4)；类型：Profile link / Forums；链接：Dofollow；聚合源标记可即时通过；导入日期 2026-08-25；执行前复核当前规则
https://forum.velovert.com/		FALSE		聚合源标记免费；来源：大罗SEO/High DA Profile / 大罗SEO/Forums (L4)；类型：Profile link / Forums；链接：Dofollow；聚合源标记可即时通过；导入日期 2026-08-25；执行前复核当前规则
https://forum.videolan.org/		FALSE		聚合源标记免费；来源：大罗SEO/High DA Profile / 大罗SEO/Forums (L4)；类型：Profile link / Forums；链接：Dofollow / Nofollow；聚合源标记可即时通过；导入日期 2026-08-25；执行前复核当前规则
https://forum.vpngate.net/		FALSE		聚合源标记免费；来源：大罗SEO/High DA Profile / 大罗SEO/Forums (L4)；类型：Profile link / Forums；链接：Dofollow；聚合源标记可即时通过；导入日期 2026-08-25；执行前复核当前规则
https://forum.warwickforum.com/		FALSE		聚合源标记免费；来源：大罗SEO/High DA Profile / 大罗SEO/Forums (L4)；类型：Profile link / Forums；链接：Nofollow；聚合源标记可即时通过；导入日期 2026-08-25；执行前复核当前规则
https://forum.waypoint.vice.com/		FALSE		聚合源标记免费；来源：大罗SEO/High DA Profile / 大罗SEO/Forums (L4)；类型：Profile link / Forums；链接：Dofollow；聚合源标记可即时通过；导入日期 2026-08-25；执行前复核当前规则
https://forum.weightgaming.com/		FALSE		聚合源标记免费；来源：大罗SEO/High DA Profile / 大罗SEO/Forums (L4)；类型：Profile link / Forums；链接：Dofollow；聚合源标记可即时通过；导入日期 2026-08-25；执行前复核当前规则
https://forum.winehq.org/index.php		FALSE		聚合源标记免费；来源：大罗SEO/High DA Profile / 大罗SEO/Forums (L4)；类型：Profile link / Forums；链接：Dofollow；聚合源标记可即时通过；导入日期 2026-08-25；执行前复核当前规则
https://forum.wordreference.com/		FALSE		聚合源标记免费；来源：大罗SEO/High DA Profile / 大罗SEO/Forums (L4)；类型：Profile link / Forums；链接：Nofollow；聚合源标记可即时通过；导入日期 2026-08-25；执行前复核当前规则
https://forum.xat.com/		FALSE		聚合源标记免费；来源：大罗SEO/High DA Profile / 大罗SEO/Forums (L4)；类型：Profile link / Forums；链接：Nofollow；聚合源标记可即时通过；导入日期 2026-08-25；执行前复核当前规则
https://forum.xda-developers.com/		FALSE		聚合源标记免费；来源：大罗SEO/Forums (L4)；类型：Forums；链接：Dofollow；聚合源标记可即时通过；导入日期 2026-08-25；执行前复核当前规则
https://forum.yealink.com/		FALSE		聚合源标记免费；来源：大罗SEO/High DA Profile / 大罗SEO/Forums (L4)；类型：Profile link / Forums；链接：Dofollow；聚合源标记可即时通过；导入日期 2026-08-25；执行前复核当前规则
https://forum.yeswas.pl/		FALSE		聚合源标记免费；来源：大罗SEO/High DA Profile / 大罗SEO/Forums (L4)；类型：Profile link / Forums；链接：Nofollow；聚合源标记可即时通过；导入日期 2026-08-25；执行前复核当前规则
https://forum.znyata.com/		FALSE		聚合源标记免费；来源：大罗SEO/High DA Profile / 大罗SEO/Forums (L4)；类型：Profile link / Forums；链接：Dofollow；聚合源标记可即时通过；导入日期 2026-08-25；执行前复核当前规则
https://forum4farming.com/		FALSE		聚合源标记免费；来源：大罗SEO/High DA Profile / 大罗SEO/Forums (L4)；类型：Profile link / Forums；链接：Nofollow；聚合源标记可即时通过；导入日期 2026-08-25；执行前复核当前规则
https://forumotion.com/		FALSE		聚合源标记免费；来源：大罗SEO/High DA Profile；类型：Profile link；链接：Nofollow；聚合源标记可即时通过；导入日期 2026-08-25；执行前复核当前规则
https://forumprosport.ru/		FALSE		聚合源标记免费；来源：大罗SEO/High DA Profile / 大罗SEO/Forums (L4)；类型：Profile link / Forums；链接：Dofollow；聚合源标记可即时通过；导入日期 2026-08-25；执行前复核当前规则
https://forumrowerowe.org/		FALSE		聚合源标记免费；来源：大罗SEO/High DA Profile / 大罗SEO/Forums (L4)；类型：Profile link / Forums；链接：Nofollow；聚合源标记可即时通过；导入日期 2026-08-25；执行前复核当前规则
https://forums.afterdawn.com/		FALSE		聚合源标记免费；来源：大罗SEO/High DA Profile / 大罗SEO/Forums (L4)；类型：Profile link / Forums；链接：Nofollow；聚合源标记可即时通过；导入日期 2026-08-25；执行前复核当前规则
https://forums.bestbuy.com/		FALSE		聚合源标记免费；来源：大罗SEO/High DA Profile / 大罗SEO/Forums (L4)；类型：Profile link / Forums；链接：Nofollow / Dofollow；聚合源标记可即时通过；导入日期 2026-08-25；执行前复核当前规则
https://forums.beyond.ca/		FALSE		聚合源标记免费；来源：大罗SEO/High DA Profile / 大罗SEO/Forums (L4)；类型：Profile link / Forums；链接：Nofollow；聚合源标记可即时通过；导入日期 2026-08-25；执行前复核当前规则
https://forums.botanicalgarden.ubc.ca/		FALSE		聚合源标记免费；来源：大罗SEO/High DA Profile / 大罗SEO/Forums (L4)；类型：Profile link / Forums；链接：Dofollow / Nofollow；聚合源标记可即时通过；导入日期 2026-08-25；执行前复核当前规则
https://forums.bulbagarden.net/index.php		FALSE		聚合源标记免费；来源：大罗SEO/High DA Profile / 大罗SEO/Forums (L4)；类型：Profile link / Forums；链接：Nofollow；聚合源标记可即时通过；导入日期 2026-08-25；执行前复核当前规则
https://forums.caspio.com/		FALSE		聚合源标记免费；来源：大罗SEO/High DA Profile / 大罗SEO/Forums (L4)；类型：Profile link / Forums；链接：Nofollow；聚合源标记可即时通过；导入日期 2026-08-25；执行前复核当前规则
https://forums.egullet.org/		FALSE		聚合源标记免费；来源：大罗SEO/High DA Profile / 大罗SEO/Forums (L4)；类型：Profile link / Forums；链接：Dofollow；聚合源标记可即时通过；导入日期 2026-08-25；执行前复核当前规则
https://forums.emulator-zone.com/index.php		FALSE		聚合源标记免费；来源：大罗SEO/High DA Profile / 大罗SEO/Forums (L4)；类型：Profile link / Forums；链接：Nofollow；聚合源标记可即时通过；导入日期 2026-08-25；执行前复核当前规则
https://forums.ernieball.com/		FALSE		聚合源标记免费；来源：大罗SEO/High DA Profile；类型：Profile link；链接：Dofollow；聚合源标记可即时通过；导入日期 2026-08-25；执行前复核当前规则
https://forums.fatsharkgames.com/		FALSE		聚合源标记免费；来源：大罗SEO/High DA Profile / 大罗SEO/Forums (L4)；类型：Profile link / Forums；链接：Nofollow；聚合源标记可即时通过；导入日期 2026-08-25；执行前复核当前规则
https://forums.focus-entmt.com/		FALSE		聚合源标记免费；来源：大罗SEO/High DA Profile / 大罗SEO/Forums (L4)；类型：Profile link / Forums；链接：Nofollow；聚合源标记可即时通过；导入日期 2026-08-25；执行前复核当前规则
https://forums.funcom.com/		FALSE		聚合源标记免费；来源：大罗SEO/High DA Profile / 大罗SEO/Forums (L4)；类型：Profile link / Forums；链接：Nofollow；聚合源标记可即时通过；导入日期 2026-08-25；执行前复核当前规则
https://forums.futura-sciences.com/		FALSE		聚合源标记免费；来源：大罗SEO/High DA Profile / 大罗SEO/Forums (L4)；类型：Profile link / Forums；链接：Nofollow；聚合源标记可即时通过；导入日期 2026-08-25；执行前复核当前规则
https://forums.gamegrin.com/		FALSE		聚合源标记免费；来源：大罗SEO/High DA Profile / 大罗SEO/Forums (L4)；类型：Profile link / Forums；链接：Dofollow；聚合源标记可即时通过；导入日期 2026-08-25；执行前复核当前规则
https://forums.gamerevolution.com/		FALSE		聚合源标记免费；来源：大罗SEO/High DA Profile / 大罗SEO/Forums (L4)；类型：Profile link / Forums；链接：Nofollow；聚合源标记可即时通过；导入日期 2026-08-25；执行前复核当前规则
https://forums.getpaint.net/		FALSE		聚合源标记免费；来源：大罗SEO/High DA Profile / 大罗SEO/Forums (L4)；类型：Profile link / Forums；链接：Dofollow；聚合源标记可即时通过；导入日期 2026-08-25；执行前复核当前规则
https://forums.giantitp.com/		FALSE		聚合源标记免费；来源：大罗SEO/High DA Profile / 大罗SEO/Forums (L4)；类型：Profile link / Forums；链接：Nofollow；聚合源标记可即时通过；导入日期 2026-08-25；执行前复核当前规则
https://forums.holdemmanager.com/		FALSE		聚合源标记免费；来源：大罗SEO/High DA Profile / 大罗SEO/Forums (L4)；类型：Profile link / Forums；链接：Dofollow；聚合源标记可即时通过；导入日期 2026-08-25；执行前复核当前规则
https://forums.homecomingservers.com/		FALSE		聚合源标记免费；来源：大罗SEO/High DA Profile / 大罗SEO/Forums (L4)；类型：Profile link / Forums；链接：Nofollow；聚合源标记可即时通过；导入日期 2026-08-25；执行前复核当前规则
https://forums.linuxmint.com/index.php		FALSE		聚合源标记免费；来源：大罗SEO/High DA Profile / 大罗SEO/Forums (L4)；类型：Profile link / Forums；链接：Dofollow；聚合源标记可即时通过；导入日期 2026-08-25；执行前复核当前规则
https://forums.macrumors.com/		FALSE		聚合源标记免费；来源：大罗SEO/High DA Profile / 大罗SEO/Forums (L4)；类型：Profile link / Forums；链接：Nofollow；聚合源标记可即时通过；导入日期 2026-08-25；执行前复核当前规则
https://forums.majorgeeks.com/		FALSE		聚合源标记免费；来源：大罗SEO/High DA Profile / 大罗SEO/Forums (L4)；类型：Profile link / Forums；链接：Nofollow；聚合源标记可即时通过；导入日期 2026-08-25；执行前复核当前规则
https://forums.musicplayer.com/		FALSE		聚合源标记免费；来源：大罗SEO/High DA Profile / 大罗SEO/Forums (L4)；类型：Profile link / Forums；链接：Nofollow；聚合源标记可即时通过；导入日期 2026-08-25；执行前复核当前规则
https://forums.nexopia.com/		FALSE		聚合源标记免费；来源：大罗SEO/Forums (L4)；类型：Forums；链接：Nofollow；聚合源标记可即时通过；导入日期 2026-08-25；执行前复核当前规则
https://forums.onlinebookclub.org/		FALSE		聚合源标记免费；来源：大罗SEO/High DA Profile / 大罗SEO/Forums (L4)；类型：Profile link / Forums；链接：Nofollow / Dofollow；聚合源标记可即时通过；导入日期 2026-08-25；执行前复核当前规则
https://forums.operationsports.com/forums		FALSE		聚合源标记免费；来源：大罗SEO/High DA Profile / 大罗SEO/Forums (L4)；类型：Profile link / Forums；链接：Dofollow；聚合源标记可即时通过；导入日期 2026-08-25；执行前复核当前规则
https://forums.pcgamer.com/		FALSE		聚合源标记免费；来源：大罗SEO/High DA Profile / 大罗SEO/Forums (L4)；类型：Profile link / Forums；链接：Dofollow；聚合源标记可即时通过；导入日期 2026-08-25；执行前复核当前规则
https://forums.penny-arcade.com/		FALSE		聚合源标记免费；来源：大罗SEO/High DA Profile / 大罗SEO/Forums (L4)；类型：Profile link / Forums；链接：Nofollow；聚合源标记可即时通过；导入日期 2026-08-25；执行前复核当前规则
https://forums.powwows.com/		FALSE		聚合源标记免费；来源：大罗SEO/High DA Profile / 大罗SEO/Forums (L4)；类型：Profile link / Forums；链接：Dofollow；聚合源标记可即时通过；导入日期 2026-08-25；执行前复核当前规则
https://forums.primetimer.com/		FALSE		聚合源标记免费；来源：大罗SEO/High DA Profile / 大罗SEO/Forums (L4)；类型：Profile link / Forums；链接：Dofollow；聚合源标记可即时通过；导入日期 2026-08-25；执行前复核当前规则
https://forums.prsguitars.com/		FALSE		聚合源标记免费；来源：大罗SEO/High DA Profile / 大罗SEO/Forums (L4)；类型：Profile link / Forums；链接：Nofollow；聚合源标记可即时通过；导入日期 2026-08-25；执行前复核当前规则
https://forums.redflagdeals.com/		FALSE		聚合源标记免费；来源：大罗SEO/High DA Profile / 大罗SEO/Deals (L3) / 大罗SEO/Coupon (L3) DALUOSEO.COM / 大罗SEO/Forums (L4)；类型：Profile link / Deals / Coupon / Forums；链接：Dofollow；聚合源标记可即时通过；导入日期 2026-08-25；执行前复核当前规则
https://forums.securityinfowatch.com/		FALSE		聚合源标记免费；来源：大罗SEO/High DA Profile / 大罗SEO/Forums (L4)；类型：Profile link / Forums；链接：Nofollow / Dofollow；聚合源标记可即时通过；导入日期 2026-08-25；执行前复核当前规则
https://forums.sentora.org/		FALSE		聚合源标记免费；来源：大罗SEO/High DA Profile / 大罗SEO/Forums (L4)；类型：Profile link / Forums；链接：Nofollow；聚合源标记可即时通过；导入日期 2026-08-25；执行前复核当前规则
https://forums.serebii.net/		FALSE		聚合源标记免费；来源：大罗SEO/High DA Profile / 大罗SEO/Forums (L4)；类型：Profile link / Forums；链接：Nofollow；聚合源标记可即时通过；导入日期 2026-08-25；执行前复核当前规则
https://forums.slipstick.com/		FALSE		聚合源标记免费；来源：大罗SEO/High DA Profile / 大罗SEO/Forums (L4)；类型：Profile link / Forums；链接：Nofollow；聚合源标记可即时通过；导入日期 2026-08-25；执行前复核当前规则
https://forums.somethingawful.com/		FALSE		聚合源标记免费；来源：大罗SEO/Forums (L4)；类型：Forums；链接：Unknown；导入日期 2026-08-25；执行前复核当前规则
https://forums.soompi.com/		FALSE		聚合源标记免费；来源：大罗SEO/High DA Profile / 大罗SEO/Forums (L4)；类型：Profile link / Forums；链接：Nofollow；聚合源标记可即时通过；导入日期 2026-08-25；执行前复核当前规则
https://forums.taleworlds.com/index.php?forums/		FALSE		聚合源标记免费；来源：大罗SEO/High DA Profile / 大罗SEO/Forums (L4)；类型：Profile link / Forums；链接：Nofollow；聚合源标记可即时通过；导入日期 2026-08-25；执行前复核当前规则
https://forums.thewebhostbiz.com/index.php		FALSE		聚合源标记免费；来源：大罗SEO/High DA Profile / 大罗SEO/Forums (L4)；类型：Profile link / Forums；链接：Dofollow；聚合源标记可即时通过；导入日期 2026-08-25；执行前复核当前规则
https://forums.tigsource.com/index.php		FALSE		聚合源标记免费；来源：大罗SEO/High DA Profile / 大罗SEO/Forums (L4)；类型：Profile link / Forums；链接：Dofollow；聚合源标记可即时通过；导入日期 2026-08-25；执行前复核当前规则
https://forums.tomsguide.com/		FALSE		聚合源标记免费；来源：大罗SEO/High DA Profile / 大罗SEO/Forums (L4)；类型：Profile link / Forums；链接：Nofollow；聚合源标记可即时通过；导入日期 2026-08-25；执行前复核当前规则
https://forums.tripwireinteractive.com/		FALSE		聚合源标记免费；来源：大罗SEO/High DA Profile / 大罗SEO/Forums (L4)；类型：Profile link / Forums；链接：Dofollow；聚合源标记可即时通过；导入日期 2026-08-25；执行前复核当前规则
https://forums.vintagefashionguild.org/		FALSE		聚合源标记免费；来源：大罗SEO/High DA Profile / 大罗SEO/Forums (L4)；类型：Profile link / Forums；链接：Nofollow；聚合源标记可即时通过；导入日期 2026-08-25；执行前复核当前规则
https://forums.vintageguitarandbass.com/index.php		FALSE		聚合源标记免费；来源：大罗SEO/High DA Profile / 大罗SEO/Forums (L4)；类型：Profile link / Forums；链接：Dofollow；聚合源标记可即时通过；导入日期 2026-08-25；执行前复核当前规则
https://fotocommunity.de/		FALSE		聚合源标记免费；来源：大罗SEO/High DA Profile / 大罗SEO/Communities (L4)；类型：Profile link / Communities；链接：Nofollow；聚合源标记可即时通过；导入日期 2026-08-25；执行前复核当前规则
https://fotografie.at/		FALSE		聚合源标记免费；来源：大罗SEO/High DA Profile / 大罗SEO/Communities (L4)；类型：Profile link / Communities；链接：Dofollow；聚合源标记可即时通过；导入日期 2026-08-25；执行前复核当前规则
https://foundr.ai/		FALSE		聚合源标记免费；来源：GitHub/csv/05-backlinks.csv+csv/07-ai-creators-directory.csv+md/05-backlinks.md+md/07-ai-creators-directory.md；类型：submission；导入日期 2026-08-25；执行前复核当前规则
https://foursquare.com/		FALSE		聚合源标记免费；来源：大罗SEO/Local (L2)；类型：Local；链接：Unknown；导入日期 2026-08-25；执行前复核当前规则
https://fr.vefblog.net/		FALSE		聚合源标记免费；来源：大罗SEO/Website Builder L4；类型：Website Builder；链接：Dofollow；聚合源标记可即时通过；导入日期 2026-08-25；执行前复核当前规则
https://fredmiranda.com/forum/index.php		FALSE		聚合源标记免费；来源：大罗SEO/High DA Profile / 大罗SEO/Forums (L4)；类型：Profile link / Forums；链接：Dofollow；聚合源标记可即时通过；导入日期 2026-08-25；执行前复核当前规则
https://free-ai-tools-directory.com/		FALSE		聚合源标记免费；来源：GitHub/csv/04-launch-websites.csv+md/04-launch-websites.md；类型：homepage；导入日期 2026-08-25；执行前复核当前规则
https://free-ai-tools-directory.com/submit-request		FALSE		聚合源标记免费；来源：GitHub/csv/03-new-startup-directories.csv+csv/04-launch-websites.csv+csv/05-backlinks.csv+md/03-new-startup-directories.md+md/04-launch-websites.md+md/05-backlinks.md；类型：submission；导入日期 2026-08-25；执行前复核当前规则
https://free-blogz.com/		FALSE		聚合源标记免费；来源：大罗SEO/Website Builder L4；类型：Website Builder；链接：Dofollow；聚合源标记可即时通过；导入日期 2026-08-25；执行前复核当前规则
https://free-ebooks.net/		FALSE		聚合源标记免费；来源：大罗SEO/High DA Profile；类型：Profile link；链接：Nofollow；聚合源标记可即时通过；导入日期 2026-08-25；执行前复核当前规则
https://free-socialbookmarking.com/		FALSE		聚合源标记免费；来源：大罗SEO/Bookmarking；类型：Bookmarking；链接：Dofollow；聚合源标记可即时通过；导入日期 2026-08-25；执行前复核当前规则
https://free-url-shortener.rb.gy/		FALSE		聚合源标记免费；来源：大罗SEO/URL Shortener；类型：URL Shortener；链接：Dofollow；聚合源标记可即时通过；导入日期 2026-08-25；执行前复核当前规则
https://freead1.net/		FALSE		聚合源标记免费；来源：大罗SEO/Classified Ads (L4)；类型：Classified Ads；链接：Nofollow；聚合源标记可即时通过；导入日期 2026-08-25；执行前复核当前规则
https://freeadsonline.biz/		FALSE		聚合源标记免费；来源：大罗SEO/Classified Ads (L4)；类型：Classified Ads；链接：Dofollow；聚合源标记可即时通过；导入日期 2026-08-25；执行前复核当前规则
https://freeadstime.org/		FALSE		聚合源标记免费；来源：大罗SEO/Classified Ads (L4)；类型：Classified Ads；链接：Nofollow；聚合源标记可即时通过；导入日期 2026-08-25；执行前复核当前规则
https://freeaitools.fyi/		FALSE		聚合源标记免费；来源：GitHub/csv/04-launch-websites.csv+md/04-launch-websites.md；类型：homepage；导入日期 2026-08-25；执行前复核当前规则
https://freeaitools.fyi/submit-tool		FALSE		聚合源标记免费；来源：GitHub/csv/04-launch-websites.csv+md/04-launch-websites.md；类型：submission；导入日期 2026-08-25；执行前复核当前规则
https://freebestads.com/		FALSE		聚合源标记免费；来源：大罗SEO/Classified Ads (L4)；类型：Classified Ads；链接：Dofollow；聚合源标记可即时通过；导入日期 2026-08-25；执行前复核当前规则
https://freebookmarking.site/		FALSE		聚合源标记免费；来源：大罗SEO/Bookmarking；类型：Bookmarking；链接：Dofollow；聚合源标记可即时通过；导入日期 2026-08-25；执行前复核当前规则
https://freebookmarkingsite.com/		FALSE		聚合源标记免费；来源：大罗SEO/Bookmarking；类型：Bookmarking；链接：Dofollow；聚合源标记可即时通过；导入日期 2026-08-25；执行前复核当前规则
https://freebookmarkingsubmission.net/		FALSE		聚合源标记免费；来源：大罗SEO/Bookmarking；类型：Bookmarking；链接：Dofollow；聚合源标记可即时通过；导入日期 2026-08-25；执行前复核当前规则
https://freebooksubmission.xyz/		FALSE		聚合源标记免费；来源：大罗SEO/Bookmarking；类型：Bookmarking；链接：Dofollow；聚合源标记可即时通过；导入日期 2026-08-25；执行前复核当前规则
https://freebusinessdirectory.com/index.php?frd=1		FALSE		聚合源标记免费；来源：大罗SEO/Directory；类型：Directory；链接：Dofollow；聚合源标记可即时通过；导入日期 2026-08-25；执行前复核当前规则
https://freeglobalclassifiedads.com/		FALSE		聚合源标记免费；来源：大罗SEO/Classified Ads (L4)；类型：Classified Ads；链接：Dofollow；聚合源标记可即时通过；导入日期 2026-08-25；执行前复核当前规则
https://freehostforum.com/		FALSE		聚合源标记免费；来源：大罗SEO/High DA Profile / 大罗SEO/Forums (L4)；类型：Profile link / Forums；链接：Nofollow；聚合源标记可即时通过；导入日期 2026-08-25；执行前复核当前规则
https://freeindex.co.uk/		FALSE		聚合源标记免费；来源：大罗SEO/Review Sites / 大罗SEO/Local (L2)；类型：Review Sites / Local；链接：Unknown；导入日期 2026-08-25；执行前复核当前规则
https://freelistingindia.in/		FALSE		聚合源标记免费；来源：大罗SEO/Directory；类型：Directory；链接：Nofollow；聚合源标记可即时通过；导入日期 2026-08-25；执行前复核当前规则
https://freelistingusa.com/		FALSE		聚合源标记免费；来源：大罗SEO/Directory / 大罗SEO/Local (L2)；类型：Directory / Local；链接：Dofollow；聚合源标记可即时通过；导入日期 2026-08-25；执行前复核当前规则
https://freemarkingsubmission.xyz/		FALSE		聚合源标记免费；来源：大罗SEO/Bookmarking；类型：Bookmarking；链接：Dofollow；聚合源标记可即时通过；导入日期 2026-08-25；执行前复核当前规则
https://freemathhelp.com/forum		FALSE		聚合源标记免费；来源：大罗SEO/High DA Profile / 大罗SEO/Forums (L4)；类型：Profile link / Forums；链接：Nofollow；聚合源标记可即时通过；导入日期 2026-08-25；执行前复核当前规则
https://freewebads.biz/		FALSE		聚合源标记免费；来源：大罗SEO/Classified Ads (L4)；类型：Classified Ads；链接：Dofollow；聚合源标记可即时通过；导入日期 2026-08-25；执行前复核当前规则
https://freewebmarks.com/		FALSE		聚合源标记免费；来源：大罗SEO/Bookmarking；类型：Bookmarking；链接：Dofollow；聚合源标记可即时通过；导入日期 2026-08-25；执行前复核当前规则
https://freewebsitetemplates.com/forums		FALSE		聚合源标记免费；来源：大罗SEO/High DA Profile / 大罗SEO/Forums (L4)；类型：Profile link / Forums；链接：Nofollow；聚合源标记可即时通过；导入日期 2026-08-25；执行前复核当前规则
https://frewwebs.com/		FALSE		聚合源标记免费；来源：大罗SEO/Website Builder L4；类型：Website Builder；链接：Dofollow；聚合源标记可即时通过；导入日期 2026-08-25；执行前复核当前规则
https://frontdesk.co.in/forum		FALSE		聚合源标记免费；来源：大罗SEO/High DA Profile / 大罗SEO/Forums (L4)；类型：Profile link / Forums；链接：Dofollow；聚合源标记可即时通过；导入日期 2026-08-25；执行前复核当前规则
https://froont.com/		FALSE		聚合源标记免费；来源：大罗SEO/High DA Profile / 大罗SEO/Website Builder L4；类型：Profile link / Website Builder；链接：Dofollow；聚合源标记可即时通过；导入日期 2026-08-25；执行前复核当前规则
https://full-design.com/		FALSE		聚合源标记免费；来源：大罗SEO/Website Builder L4；类型：Website Builder；链接：Dofollow；聚合源标记可即时通过；导入日期 2026-08-25；执行前复核当前规则
https://fullstackai.co/		FALSE		聚合源标记免费；来源：GitHub/csv/02-ai-tools-directory.csv+md/02-ai-tools-directory.md；类型：homepage；导入日期 2026-08-25；执行前复核当前规则
https://funadvice.com/		FALSE		聚合源标记免费；来源：大罗SEO/High DA Profile；类型：Profile link；链接：Dofollow；聚合源标记可即时通过；导入日期 2026-08-25；执行前复核当前规则
https://futureagitools.com/		FALSE		聚合源标记免费；来源：Notion 100+ DIR/FREE / GitHub/csv/04-launch-websites.csv+csv/09-general-directories.csv+md/04-launch-websites.md+md/09-general-directories.md；类型：Product Launch / homepage；导入日期 2026-08-25；执行前复核当前规则
https://futureagitools.com/submit-a-site		FALSE		聚合源标记免费；来源：Notion 100+ DIR/FREE / 首轮明确免费提交入口 / GitHub/csv/04-launch-websites.csv+csv/09-general-directories.csv+md/04-launch-websites.md+md/09-general-directories.md；类型：Product Launch / Directory / submission；导入日期 2026-08-25；执行前复核当前规则
https://futuretools.io/		FALSE		聚合源标记免费；来源：GitHub/csv/03-new-startup-directories.csv+csv/04-launch-websites.csv+csv/05-backlinks.csv+csv/07-ai-creators-directory.csv+csv/09-general-directories.csv+md/03-new-startup-directories.md+md/04-launch-websites.md+md/05-backlinks.md+md/07-ai-creators-directory.md+md/09-general-directories.md；类型：homepage；导入日期 2026-08-25；执行前复核当前规则
https://futuretools.io/submit-a-tool		FALSE		聚合源标记免费；来源：GitHub/csv/04-launch-websites.csv+csv/07-ai-creators-directory.csv+csv/09-general-directories.csv+md/04-launch-websites.md+md/07-ai-creators-directory.md+md/09-general-directories.md；类型：submission；导入日期 2026-08-25；执行前复核当前规则
https://fxstat.com/		FALSE		聚合源标记免费；来源：大罗SEO/High DA Profile；类型：Profile link；链接：Dofollow；聚合源标记可即时通过；导入日期 2026-08-25；执行前复核当前规则
https://fyi.org.nz/		FALSE		聚合源标记免费；来源：大罗SEO/High DA Profile；类型：Profile link；链接：Dofollow；聚合源标记可即时通过；导入日期 2026-08-25；执行前复核当前规则
https://g2.com/		FALSE		聚合源标记免费；来源：大罗SEO/Review Sites；类型：Review Sites；链接：Unknown；导入日期 2026-08-25；执行前复核当前规则
https://g2.com/products/new		FALSE		聚合源标记免费；来源：GitHub/csv/07-ai-creators-directory.csv+csv/09-general-directories.csv+md/07-ai-creators-directory.md+md/09-general-directories.md；类型：submission；导入日期 2026-08-25；执行前复核当前规则
https://g2crowd.com/products/new		FALSE		聚合源标记免费；来源：Web.Cafe 海外产品发布渠道；类型：Product Launch；导入日期 2026-08-25；执行前复核当前规则
https://gab.com/		FALSE		聚合源标记免费；来源：大罗SEO/Social DALUOSEO.COM；类型：Nofollow；链接：Y；导入日期 2026-08-25；执行前复核当前规则
https://gaiaonline.com/		FALSE		聚合源标记免费；来源：大罗SEO/High DA Profile / 大罗SEO/Forums (L4)；类型：Profile link / Forums；链接：Nofollow；聚合源标记可即时通过；导入日期 2026-08-25；执行前复核当前规则
https://gainweb.org/		FALSE		聚合源标记免费；来源：大罗SEO/Directory；类型：Directory；链接：Unknown；导入日期 2026-08-25；执行前复核当前规则
https://gamedev.net/		FALSE		聚合源标记免费；来源：大罗SEO/High DA Profile / 大罗SEO/Forums (L4)；类型：Profile link / Forums；链接：Dofollow；聚合源标记可即时通过；导入日期 2026-08-25；执行前复核当前规则
https://gamerlaunch.com/community/index.php		FALSE		聚合源标记免费；来源：大罗SEO/High DA Profile / 大罗SEO/Forums (L4)；类型：Profile link / Forums；链接：Dofollow；聚合源标记可即时通过；导入日期 2026-08-25；执行前复核当前规则
https://gamespot.com/forums		FALSE		聚合源标记免费；来源：大罗SEO/Forums (L4)；类型：Forums；链接：Nofollow；聚合源标记可即时通过；导入日期 2026-08-25；执行前复核当前规则
https://gardenerscorner.co.uk/		FALSE		聚合源标记免费；来源：大罗SEO/High DA Profile / 大罗SEO/Forums (L4)；类型：Profile link / Forums；链接：Nofollow；聚合源标记可即时通过；导入日期 2026-08-25；执行前复核当前规则
https://gardenforums.com/forum/index.php		FALSE		聚合源标记免费；来源：大罗SEO/High DA Profile / 大罗SEO/Forums (L4)；类型：Profile link / Forums；链接：Dofollow；聚合源标记可即时通过；导入日期 2026-08-25；执行前复核当前规则
https://gardening-forums.com/		FALSE		聚合源标记免费；来源：大罗SEO/High DA Profile / 大罗SEO/Forums (L4)；类型：Profile link / Forums；链接：Nofollow；聚合源标记可即时通过；导入日期 2026-08-25；执行前复核当前规则
https://gardenstew.com/		FALSE		聚合源标记免费；来源：大罗SEO/High DA Profile / 大罗SEO/Forums (L4)；类型：Profile link / Forums；链接：Dofollow；聚合源标记可即时通过；导入日期 2026-08-25；执行前复核当前规则
https://gardenweb.com/		FALSE		聚合源标记免费；来源：大罗SEO/High DA Profile；类型：Profile link；链接：Nofollow；聚合源标记可即时通过；导入日期 2026-08-25；执行前复核当前规则
https://gate2ai.com/submit-tool		FALSE		聚合源标记免费；来源：首轮明确免费提交入口 / GitHub/csv/09-general-directories.csv+md/09-general-directories.md；类型：Directory / submission；导入日期 2026-08-25；执行前复核当前规则
https://gatesofantares.com/		FALSE		聚合源标记免费；来源：大罗SEO/High DA Profile；类型：Profile link；链接：Nofollow；聚合源标记可即时通过；导入日期 2026-08-25；执行前复核当前规则
https://gatherbookmarks.com/		FALSE		聚合源标记免费；来源：大罗SEO/Bookmarking；类型：Bookmarking；链接：Dofollow；聚合源标记可即时通过；导入日期 2026-08-25；执行前复核当前规则
https://gbibp.com/		FALSE		聚合源标记免费；来源：大罗SEO/Directory / 大罗SEO/Classified Ads (L4)；类型：Directory / Classified Ads；链接：Dofollow；聚合源标记可即时通过；导入日期 2026-08-25；执行前复核当前规则
https://gcc.gl/		FALSE		聚合源标记免费；来源：大罗SEO/URL Shortener；类型：URL Shortener；链接：Dofollow；聚合源标记可即时通过；导入日期 2026-08-25；执行前复核当前规则
https://ge655.com/		FALSE		聚合源标记免费；来源：大罗SEO/Bookmarking；类型：Bookmarking；链接：Nofollow；聚合源标记可即时通过；导入日期 2026-08-25；执行前复核当前规则
https://geebo.com/		FALSE		聚合源标记免费；来源：大罗SEO/Job Boards (L4)；类型：Job Boards；链接：Unknown；导入日期 2026-08-25；执行前复核当前规则
https://geekgirlsnightout.com/		FALSE		聚合源标记免费；来源：大罗SEO/High DA Profile；类型：Profile link；链接：Nofollow；聚合源标记可即时通过；导入日期 2026-08-25；执行前复核当前规则
https://geekwire.com/startup-list		FALSE		聚合源标记免费；来源：大罗SEO/Directory / Web.Cafe 海外产品发布渠道；类型：Directory / Product Launch；链接：Unknown；导入日期 2026-08-25；执行前复核当前规则
https://gelbeseiten.de/		FALSE		聚合源标记免费；来源：大罗SEO/Local (L2)；类型：Local；链接：Unknown；导入日期 2026-08-25；执行前复核当前规则
https://gen-eff.net/		FALSE		聚合源标记免费；来源：大罗SEO/Bookmarking；类型：Bookmarking；链接：Dofollow；聚合源标记可即时通过；导入日期 2026-08-25；执行前复核当前规则
https://genglobal.org/		FALSE		聚合源标记免费；来源：大罗SEO/High DA Profile；类型：Profile link；链接：Nofollow；聚合源标记可即时通过；导入日期 2026-08-25；执行前复核当前规则
https://germancarforum.com/		FALSE		聚合源标记免费；来源：大罗SEO/High DA Profile / 大罗SEO/Forums (L4)；类型：Profile link / Forums；链接：Nofollow；聚合源标记可即时通过；导入日期 2026-08-25；执行前复核当前规则
https://get-blogging.com/		FALSE		聚合源标记免费；来源：大罗SEO/Website Builder L4；类型：Website Builder；链接：Dofollow；聚合源标记可即时通过；导入日期 2026-08-25；执行前复核当前规则
https://getapp.com/		FALSE		聚合源标记免费；来源：大罗SEO/Directory / 大罗SEO/Product Launch (L5)；类型：Directory / Produt Launch；链接：Unknown；导入日期 2026-08-25；执行前复核当前规则
https://getblogs.net/		FALSE		聚合源标记免费；来源：大罗SEO/Website Builder L4；类型：Website Builder；链接：Dofollow；聚合源标记可即时通过；导入日期 2026-08-25；执行前复核当前规则
https://getbyte.tech/		FALSE		聚合源标记免费；来源：GitHub/csv/01-startup-directories.csv+csv/04-launch-websites.csv+csv/07-ai-creators-directory.csv+md/01-startup-directories.md+md/04-launch-websites.md+md/07-ai-creators-directory.md；类型：homepage；导入日期 2026-08-25；执行前复核当前规则
https://getbyte.tech/listing/basic-product-details		FALSE		聚合源标记免费；来源：GitHub/csv/04-launch-websites.csv+md/04-launch-websites.md；类型：submission；导入日期 2026-08-25；执行前复核当前规则
https://getdpi.com/forum/index.php		FALSE		聚合源标记免费；来源：大罗SEO/High DA Profile / 大罗SEO/Forums (L4)；类型：Profile link / Forums；链接：Nofollow；聚合源标记可即时通过；导入日期 2026-08-25；执行前复核当前规则
https://getjealous.com/		FALSE		聚合源标记免费；来源：大罗SEO/Website Builder L4；类型：Website Builder；链接：Nofollow；聚合源标记可即时通过；导入日期 2026-08-25；执行前复核当前规则
https://getjob.us/		FALSE		聚合源标记免费；来源：大罗SEO/Job Boards (L4)；类型：Job Boards；链接：Dofollow；聚合源标记可即时通过；导入日期 2026-08-25；执行前复核当前规则
https://getlatka.com/saas-companies		FALSE		聚合源标记免费；来源：GitHub/csv/09-general-directories.csv+md/09-general-directories.md；类型：submission；导入日期 2026-08-25；执行前复核当前规则
https://getmakerlog.com/		FALSE		聚合源标记免费；来源：大罗SEO/Product Launch (L5) / Web.Cafe 海外产品发布渠道；类型：Produt Launch / Product Launch；链接：Unknown；导入日期 2026-08-25；执行前复核当前规则
https://getpocket.com/		FALSE		聚合源标记免费；来源：大罗SEO/High DA Profile；类型：Profile link；链接：Nofollow；聚合源标记可即时通过；导入日期 2026-08-25；执行前复核当前规则
https://getrevue.co/		FALSE		聚合源标记免费；来源：大罗SEO/High DA Profile；类型：Profile link；链接：Dofollow；聚合源标记可即时通过；导入日期 2026-08-25；执行前复核当前规则
https://getscoupon.com/		FALSE		聚合源标记免费；来源：大罗SEO/Deals (L3) / 大罗SEO/Coupon (L3) DALUOSEO.COM；类型：Deals / Coupon；链接：Unknown；导入日期 2026-08-25；执行前复核当前规则
https://getsocialpr.com/		FALSE		聚合源标记免费；来源：大罗SEO/Bookmarking；类型：Bookmarking；链接：Dofollow；聚合源标记可即时通过；导入日期 2026-08-25；执行前复核当前规则
https://getstartedhq.com/		FALSE		聚合源标记免费；来源：大罗SEO/Deals (L3)；类型：Deals；链接：Unknown；导入日期 2026-08-25；执行前复核当前规则
https://getworm.com/		FALSE		聚合源标记免费；来源：大罗SEO/Product Launch (L5)；类型：Produt Launch；链接：Unknown；导入日期 2026-08-25；执行前复核当前规则
https://getworm.com/submit-startup		FALSE		聚合源标记免费；来源：Web.Cafe 海外产品发布渠道；类型：Product Launch；导入日期 2026-08-25；执行前复核当前规则
https://getyourpros.com/		FALSE		聚合源标记免费；来源：大罗SEO/Local (L2)；类型：Local；链接：Nofollow；聚合源标记可即时通过；导入日期 2026-08-25；执行前复核当前规则
https://gezow.com/		FALSE		聚合源标记免费；来源：大罗SEO/High DA Profile / 大罗SEO/Classified Ads (L4)；类型：Profile link / Classified Ads；链接：Dofollow；聚合源标记可即时通过；导入日期 2026-08-25；执行前复核当前规则
https://gg.gg/		FALSE		聚合源标记免费；来源：大罗SEO/URL Shortener；类型：URL Shortener；链接：Dofollow；聚合源标记可即时通过；导入日期 2026-08-25；执行前复核当前规则
https://giantbomb.com/		FALSE		聚合源标记免费；来源：大罗SEO/High DA Profile；类型：Profile link；链接：Nofollow；聚合源标记可即时通过；导入日期 2026-08-25；执行前复核当前规则
https://gifographics.co/		FALSE		聚合源标记免费；来源：大罗SEO/Infographic (L4)；类型：Infographic；链接：Unknown；导入日期 2026-08-25；执行前复核当前规则
https://gifyu.com/		FALSE		聚合源标记免费；来源：大罗SEO/High DA Profile / 大罗SEO/File Upload (L4)；类型：Profile link / File Upload；链接：Nofollow；聚合源标记可即时通过；导入日期 2026-08-25；执行前复核当前规则
https://gigablast.com/		FALSE		聚合源标记免费；来源：大罗SEO/Search Engine；类型：Search Engine；链接：Unknown；导入日期 2026-08-25；执行前复核当前规则
https://giphy.com/		FALSE		聚合源标记免费；来源：大罗SEO/High DA Profile；类型：Profile link；链接：Dofollow；聚合源标记可即时通过；导入日期 2026-08-25；执行前复核当前规则
https://gitarzysci.pl/		FALSE		聚合源标记免费；来源：大罗SEO/High DA Profile / 大罗SEO/Forums (L4)；类型：Profile link / Forums；链接：Dofollow；聚合源标记可即时通过；导入日期 2026-08-25；执行前复核当前规则
https://gitbook.com/		FALSE		聚合源标记免费；来源：大罗SEO/High DA Profile；类型：Profile link；链接：Dofollow；聚合源标记可即时通过；导入日期 2026-08-25；执行前复核当前规则
https://github.com/		FALSE		聚合源标记免费；来源：大罗SEO/High DA Profile / 大罗SEO/Social DALUOSEO.COM；类型：Profile link / Nofollow；链接：Nofollow / Y；聚合源标记可即时通过；导入日期 2026-08-25；执行前复核当前规则
https://github.com/ai-collection/ai-collection		FALSE		聚合源标记免费；来源：GitHub/csv/09-general-directories.csv+md/09-general-directories.md；类型：homepage；导入日期 2026-08-25；执行前复核当前规则
https://github.com/marcelscruz/dev-resources		FALSE		聚合源标记免费；来源：GitHub/csv/09-general-directories.csv+md/09-general-directories.md；类型：submission；导入日期 2026-08-25；执行前复核当前规则
https://github.com/marcelscruz/dev-resources/blob/main/CONTRIBUTING.md		FALSE		聚合源标记免费；来源：GitHub/csv/04-launch-websites.csv+md/04-launch-websites.md；类型：submission；导入日期 2026-08-25；执行前复核当前规则
https://github.com/thechangelog/ping		FALSE		聚合源标记免费；来源：Web.Cafe 海外产品发布渠道；类型：Product Launch；导入日期 2026-08-25；执行前复核当前规则
https://gitlab.com/		FALSE		聚合源标记免费；来源：大罗SEO/High DA Profile；类型：Profile link；链接：Nofollow；聚合源标记可即时通过；导入日期 2026-08-25；执行前复核当前规则
https://gitlab.gnome.org/		FALSE		聚合源标记免费；来源：大罗SEO/High DA Profile；类型：Profile link；链接：Nofollow；聚合源标记可即时通过；导入日期 2026-08-25；执行前复核当前规则
https://giveawayoftheday.com/forums		FALSE		聚合源标记免费；来源：大罗SEO/High DA Profile / 大罗SEO/Forums (L4)；类型：Profile link / Forums；链接：Dofollow；聚合源标记可即时通过；导入日期 2026-08-25；执行前复核当前规则
https://glassdoor.com/		FALSE		聚合源标记免费；来源：大罗SEO/Job Boards (L4)；类型：Job Boards；链接：Nofollow；聚合源标记可即时通过；导入日期 2026-08-25；执行前复核当前规则
https://glifeblog.com/		FALSE		聚合源标记免费；来源：大罗SEO/Website Builder L4；类型：Website Builder；链接：Dofollow；聚合源标记可即时通过；导入日期 2026-08-25；执行前复核当前规则
https://global-free-classified-ads.com/		FALSE		聚合源标记免费；来源：大罗SEO/Classified Ads (L4)；类型：Classified Ads；链接：Nofollow；聚合源标记可即时通过；导入日期 2026-08-25；执行前复核当前规则
https://globalclassified.net/		FALSE		聚合源标记免费；来源：大罗SEO/Classified Ads (L4)；类型：Classified Ads；链接：Dofollow；聚合源标记可即时通过；导入日期 2026-08-25；执行前复核当前规则
https://globiad.com/		FALSE		聚合源标记免费；来源：大罗SEO/High DA Profile / 大罗SEO/Classified Ads (L4)；类型：Profile link / Classified Ads；链接：Dofollow；聚合源标记可即时通过；导入日期 2026-08-25；执行前复核当前规则
https://goabroadblog.com/		FALSE		聚合源标记免费；来源：大罗SEO/Website Builder L4；类型：Website Builder；链接：Dofollow；聚合源标记可即时通过；导入日期 2026-08-25；执行前复核当前规则
https://godaddy.com/websites		FALSE		聚合源标记免费；来源：大罗SEO/Website Builder L4；类型：Website Builder；链接：Dofollow；聚合源标记可即时通过；导入日期 2026-08-25；执行前复核当前规则
https://godotengine.org/		FALSE		聚合源标记免费；来源：大罗SEO/High DA Profile；类型：Profile link；链接：Nofollow；聚合源标记可即时通过；导入日期 2026-08-25；执行前复核当前规则
https://goline.it/		FALSE		聚合源标记免费；来源：大罗SEO/Website Builder L4；类型：Website Builder；链接：Dofollow；聚合源标记可即时通过；导入日期 2026-08-25；执行前复核当前规则
https://golocal.de/		FALSE		聚合源标记免费；来源：大罗SEO/Local (L2)；类型：Local；链接：Unknown；导入日期 2026-08-25；执行前复核当前规则
https://golocal247.com/		FALSE		聚合源标记免费；来源：大罗SEO/Local (L2)；类型：Local；链接：Unknown；导入日期 2026-08-25；执行前复核当前规则
https://gonevis.com/		FALSE		聚合源标记免费；来源：大罗SEO/Website Builder L4；类型：Website Builder；链接：Dofollow；聚合源标记可即时通过；导入日期 2026-08-25；执行前复核当前规则
https://gonitro.com/		FALSE		聚合源标记免费；来源：大罗SEO/File Upload (L4)；类型：File Upload；链接：Dofollow；聚合源标记可即时通过；导入日期 2026-08-25；执行前复核当前规则
https://good-tutorials.com/		FALSE		聚合源标记免费；来源：大罗SEO/High DA Profile；类型：Profile link；链接：Nofollow；聚合源标记可即时通过；导入日期 2026-08-25；执行前复核当前规则
https://goodfirms.co/		FALSE		聚合源标记免费；来源：大罗SEO/Directory / 大罗SEO/Review Sites；类型：Directory / Review Sites；链接：Unknown；导入日期 2026-08-25；执行前复核当前规则
https://goodiebag.tv/		FALSE		聚合源标记免费；来源：大罗SEO/Directory；类型：Directory；链接：Unknown；导入日期 2026-08-25；执行前复核当前规则
https://goodnightjournal.com/		FALSE		聚合源标记免费；来源：大罗SEO/High DA Profile / 大罗SEO/Website Builder L4；类型：Profile link / Website Builder；链接：Dofollow；聚合源标记可即时通过；导入日期 2026-08-25；执行前复核当前规则
https://goodreads.com/		FALSE		聚合源标记免费；来源：大罗SEO/High DA Profile；类型：Profile link；链接：Nofollow；聚合源标记可即时通过；导入日期 2026-08-25；执行前复核当前规则
https://google.com/		FALSE		聚合源标记免费；来源：大罗SEO/Search Engine；类型：Search Engine；链接：Unknown；导入日期 2026-08-25；执行前复核当前规则
https://google.com/business		FALSE		聚合源标记免费；来源：大罗SEO/Local (L2)；类型：Local；链接：Unknown；导入日期 2026-08-25；执行前复核当前规则
https://gorillasocialwork.com/		FALSE		聚合源标记免费；来源：大罗SEO/Bookmarking；类型：Bookmarking；链接：Dofollow；聚合源标记可即时通过；导入日期 2026-08-25；执行前复核当前规则
https://gossiprocks.com/		FALSE		聚合源标记免费；来源：大罗SEO/High DA Profile；类型：Profile link；链接：Dofollow；聚合源标记可即时通过；导入日期 2026-08-25；执行前复核当前规则
https://gostartups.in/		FALSE		聚合源标记免费；来源：大罗SEO/High DA Profile；类型：Profile link；链接：Dofollow；聚合源标记可即时通过；导入日期 2026-08-25；执行前复核当前规则
https://gotartwork.com/		FALSE		聚合源标记免费；来源：大罗SEO/High DA Profile；类型：Profile link；链接：Dofollow；聚合源标记可即时通过；导入日期 2026-08-25；执行前复核当前规则
https://gotobookmarking.com/		FALSE		聚合源标记免费；来源：大罗SEO/Bookmarking；类型：Bookmarking；链接：Dofollow；聚合源标记可即时通过；导入日期 2026-08-25；执行前复核当前规则
https://goyellow.de/		FALSE		聚合源标记免费；来源：大罗SEO/Local (L2)；类型：Local；链接：Unknown；导入日期 2026-08-25；执行前复核当前规则
https://gpajobs.com/		FALSE		聚合源标记免费；来源：大罗SEO/High DA Profile / 大罗SEO/Job Boards (L4)；类型：Profile link / Job Boards；链接：Dofollow；聚合源标记可即时通过；导入日期 2026-08-25；执行前复核当前规则
https://gpt3demo.com/		FALSE		聚合源标记免费；来源：GitHub/csv/07-ai-creators-directory.csv+md/07-ai-creators-directory.md；类型：submission；导入日期 2026-08-25；执行前复核当前规则
https://gptdemo.net/		FALSE		聚合源标记免费；来源：GitHub/csv/04-launch-websites.csv+csv/07-ai-creators-directory.csv+csv/09-general-directories.csv+md/04-launch-websites.md+md/07-ai-creators-directory.md+md/09-general-directories.md；类型：homepage；导入日期 2026-08-25；执行前复核当前规则
https://gptdemo.net/gpt/add-tool		FALSE		聚合源标记免费；来源：首轮明确免费提交入口 / GitHub/csv/04-launch-websites.csv+csv/07-ai-creators-directory.csv+csv/09-general-directories.csv+md/04-launch-websites.md+md/07-ai-creators-directory.md+md/09-general-directories.md；类型：Directory / submission；导入日期 2026-08-25；执行前复核当前规则
https://gptforge.net/		FALSE		聚合源标记免费；来源：GitHub/csv/03-new-startup-directories.csv+csv/04-launch-websites.csv+csv/05-backlinks.csv+csv/09-general-directories.csv+md/03-new-startup-directories.md+md/04-launch-websites.md+md/05-backlinks.md+md/09-general-directories.md；类型：homepage；导入日期 2026-08-25；执行前复核当前规则
https://gptnocode.com/		FALSE		聚合源标记免费；来源：GitHub/csv/04-launch-websites.csv+csv/05-backlinks.csv+md/04-launch-websites.md+md/05-backlinks.md；类型：submission；导入日期 2026-08-25；执行前复核当前规则
https://gptshunter.com/		FALSE		聚合源标记免费；来源：GitHub/csv/01-startup-directories.csv+csv/04-launch-websites.csv+csv/09-general-directories.csv+md/01-startup-directories.md+md/04-launch-websites.md+md/09-general-directories.md；类型：homepage；导入日期 2026-08-25；执行前复核当前规则
https://gptshunter.com/submit-gpt		FALSE		聚合源标记免费；来源：GitHub/csv/04-launch-websites.csv+csv/09-general-directories.csv+md/04-launch-websites.md+md/09-general-directories.md；类型：submission；导入日期 2026-08-25；执行前复核当前规则
https://grabcad.com/		FALSE		聚合源标记免费；来源：大罗SEO/High DA Profile；类型：Profile link；链接：Dofollow；聚合源标记可即时通过；导入日期 2026-08-25；执行前复核当前规则
https://grabon.in/		FALSE		聚合源标记免费；来源：GitHub/csv/04-launch-websites.csv+md/04-launch-websites.md；类型：homepage；导入日期 2026-08-25；执行前复核当前规则
https://grabon.in/submit		FALSE		聚合源标记免费；来源：GitHub/csv/04-launch-websites.csv+md/04-launch-websites.md；类型：submission；导入日期 2026-08-25；执行前复核当前规则
https://gravatar.com/		FALSE		聚合源标记免费；来源：大罗SEO/High DA Profile；类型：Profile link；链接：Nofollow；聚合源标记可即时通过；导入日期 2026-08-25；执行前复核当前规则
https://greatclassified.com/		FALSE		聚合源标记免费；来源：大罗SEO/Classified Ads (L4)；类型：Classified Ads；链接：Dofollow；聚合源标记可即时通过；导入日期 2026-08-25；执行前复核当前规则
https://gretsch-talk.com/		FALSE		聚合源标记免费；来源：大罗SEO/High DA Profile / 大罗SEO/Forums (L4)；类型：Profile link / Forums；链接：Nofollow；聚合源标记可即时通过；导入日期 2026-08-25；执行前复核当前规则
https://group.ravanaaviation.com/		FALSE		聚合源标记免费；来源：大罗SEO/High DA Profile；类型：Profile link；链接：Nofollow；聚合源标记可即时通过；导入日期 2026-08-25；执行前复核当前规则
https://groupdiy.com/		FALSE		聚合源标记免费；来源：大罗SEO/High DA Profile / 大罗SEO/Forums (L4)；类型：Profile link / Forums；链接：Nofollow；聚合源标记可即时通过；导入日期 2026-08-25；执行前复核当前规则
https://groupon.com/		FALSE		聚合源标记免费；来源：大罗SEO/Deals (L3)；类型：Deals；链接：Unknown；导入日期 2026-08-25；执行前复核当前规则
https://growingpage.com/		FALSE		聚合源标记免费；来源：大罗SEO/Product Launch (L5)；类型：Produt Launch；链接：Unknown；导入日期 2026-08-25；执行前复核当前规则
https://growthhackers.com/		FALSE		聚合源标记免费；来源：大罗SEO/Communities (L4)；类型：Communities；链接：Unknown；导入日期 2026-08-25；执行前复核当前规则
https://gry-online.pl/		FALSE		聚合源标记免费；来源：大罗SEO/High DA Profile；类型：Profile link；链接：Nofollow；聚合源标记可即时通过；导入日期 2026-08-25；执行前复核当前规则
https://gsmhosting.com/		FALSE		聚合源标记免费；来源：大罗SEO/Forums (L4)；类型：Forums；链接：Unknown；导入日期 2026-08-25；执行前复核当前规则
https://gta5-mods.com/		FALSE		聚合源标记免费；来源：大罗SEO/High DA Profile；类型：Profile link；链接：Dofollow；聚合源标记可即时通过；导入日期 2026-08-25；执行前复核当前规则
https://guide.vforums.co.uk/		FALSE		聚合源标记免费；来源：大罗SEO/High DA Profile；类型：Profile link；链接：Dofollow；聚合源标记可即时通过；导入日期 2026-08-25；执行前复核当前规则
https://guides.co/		FALSE		聚合源标记免费；来源：大罗SEO/High DA Profile；类型：Profile link；链接：Dofollow；聚合源标记可即时通过；导入日期 2026-08-25；执行前复核当前规则
https://guitar-forums.co.uk/		FALSE		聚合源标记免费；来源：大罗SEO/High DA Profile / 大罗SEO/Forums (L4)；类型：Profile link / Forums；链接：Dofollow；聚合源标记可即时通过；导入日期 2026-08-25；执行前复核当前规则
https://guitarchat.co.uk/		FALSE		聚合源标记免费；来源：大罗SEO/High DA Profile / 大罗SEO/Forums (L4)；类型：Profile link / Forums；链接：Nofollow；聚合源标记可即时通过；导入日期 2026-08-25；执行前复核当前规则
https://guitarforums.com/index.php		FALSE		聚合源标记免费；来源：大罗SEO/High DA Profile / 大罗SEO/Forums (L4)；类型：Profile link / Forums；链接：Dofollow；聚合源标记可即时通过；导入日期 2026-08-25；执行前复核当前规则
https://guitars101.com/		FALSE		聚合源标记免费；来源：大罗SEO/High DA Profile / 大罗SEO/Forums (L4)；类型：Profile link / Forums；链接：Nofollow；聚合源标记可即时通过；导入日期 2026-08-25；执行前复核当前规则
https://guitarscanada.com/		FALSE		聚合源标记免费；来源：大罗SEO/High DA Profile / 大罗SEO/Forums (L4)；类型：Profile link / Forums；链接：Dofollow；聚合源标记可即时通过；导入日期 2026-08-25；执行前复核当前规则
https://gumroad.com/		FALSE		聚合源标记免费；来源：大罗SEO/High DA Profile；类型：Profile link；链接：Nofollow；聚合源标记可即时通过；导入日期 2026-08-25；执行前复核当前规则
https://guru.com/		FALSE		聚合源标记免费；来源：大罗SEO/Job Boards (L4)；类型：Job Boards；链接：Unknown；导入日期 2026-08-25；执行前复核当前规则
https://gust.com/		FALSE		聚合源标记免费；来源：大罗SEO/High DA Profile；类型：Profile link；链接：Nofollow；聚合源标记可即时通过；导入日期 2026-08-25；执行前复核当前规则
https://habr.com/		FALSE		聚合源标记免费；来源：大罗SEO/High DA Profile；类型：Profile link；链接：Nofollow；聚合源标记可即时通过；导入日期 2026-08-25；执行前复核当前规则
https://hackathon.io/		FALSE		聚合源标记免费；来源：大罗SEO/High DA Profile；类型：Profile link；链接：Dofollow；聚合源标记可即时通过；导入日期 2026-08-25；执行前复核当前规则
https://hackerearth.com/		FALSE		聚合源标记免费；来源：大罗SEO/High DA Profile / 大罗SEO/Job Boards (L4)；类型：Profile link / Job Boards；链接：Dofollow；聚合源标记可即时通过；导入日期 2026-08-25；执行前复核当前规则
https://hackernews.com/		FALSE		聚合源标记免费；来源：GitHub/csv/09-general-directories.csv+md/09-general-directories.md；类型：submission；导入日期 2026-08-25；执行前复核当前规则
https://hackerone.com/		FALSE		聚合源标记免费；来源：大罗SEO/High DA Profile；类型：Profile link；链接：Nofollow；聚合源标记可即时通过；导入日期 2026-08-25；执行前复核当前规则
https://hackerrank.com/		FALSE		聚合源标记免费；来源：大罗SEO/High DA Profile；类型：Profile link；链接：Nofollow；聚合源标记可即时通过；导入日期 2026-08-25；执行前复核当前规则
https://haggybear.com/		FALSE		聚合源标记免费；来源：大罗SEO/URL Shortener；类型：URL Shortener；链接：Dofollow；聚合源标记可即时通过；导入日期 2026-08-25；执行前复核当前规则
https://halaxy.com/search		FALSE		聚合源标记免费；来源：大罗SEO/Local (L2)；类型：Local；链接：Unknown；导入日期 2026-08-25；执行前复核当前规则
https://happycow.net/		FALSE		聚合源标记免费；来源：大罗SEO/Review Sites / 大罗SEO/Local (L2)；类型：Review Sites / Local；链接：Unknown；导入日期 2026-08-25；执行前复核当前规则
https://hardforum.com/		FALSE		聚合源标记免费；来源：大罗SEO/High DA Profile / 大罗SEO/Forums (L4)；类型：Profile link / Forums；链接：Nofollow；聚合源标记可即时通过；导入日期 2026-08-25；执行前复核当前规则
https://harmonycentral.com/		FALSE		聚合源标记免费；来源：大罗SEO/High DA Profile / 大罗SEO/Forums (L4)；类型：Profile link / Forums；链接：Dofollow；聚合源标记可即时通过；导入日期 2026-08-25；执行前复核当前规则
https://haroonchoudery499974.typeform.com/to/FpdvtLml		FALSE		聚合源标记免费；来源：GitHub/csv/04-launch-websites.csv+csv/09-general-directories.csv+md/04-launch-websites.md+md/09-general-directories.md；类型：submission；导入日期 2026-08-25；执行前复核当前规则
https://hashatit.com/		FALSE		聚合源标记免费；来源：大罗SEO/High DA Profile；类型：Profile link；链接：Dofollow；聚合源标记可即时通过；导入日期 2026-08-25；执行前复核当前规则
https://hawkee.com/		FALSE		聚合源标记免费；来源：大罗SEO/High DA Profile；类型：Profile link；链接：Nofollow；聚合源标记可即时通过；导入日期 2026-08-25；执行前复核当前规则
https://hcpdirectory.cigna.com/web/public/consumer/directory		FALSE		聚合源标记免费；来源：大罗SEO/Local (L2)；类型：Local；链接：Unknown；导入日期 2026-08-25；执行前复核当前规则
https://headwayapp.co/		FALSE		聚合源标记免费；来源：大罗SEO/High DA Profile；类型：Profile link；链接：Dofollow；聚合源标记可即时通过；导入日期 2026-08-25；执行前复核当前规则
https://healthdirect.gov.au/australian-health-services		FALSE		聚合源标记免费；来源：大罗SEO/Local (L2)；类型：Local；链接：Unknown；导入日期 2026-08-25；执行前复核当前规则
https://healthengine.com.au/		FALSE		聚合源标记免费；来源：大罗SEO/Local (L2)；类型：Local；链接：Unknown；导入日期 2026-08-25；执行前复核当前规则
https://healthshare.com.au/		FALSE		聚合源标记免费；来源：大罗SEO/Local (L2)；类型：Local；链接：Unknown；导入日期 2026-08-25；执行前复核当前规则
https://hearthis.at/		FALSE		聚合源标记免费；来源：大罗SEO/High DA Profile；类型：Profile link；链接：Nofollow；聚合源标记可即时通过；导入日期 2026-08-25；执行前复核当前规则
https://help.awardify.io/		FALSE		聚合源标记免费；来源：大罗SEO/High DA Profile；类型：Profile link；链接：Nofollow；聚合源标记可即时通过；导入日期 2026-08-25；执行前复核当前规则
https://helpforum.covenanteyes.com/		FALSE		聚合源标记免费；来源：大罗SEO/High DA Profile；类型：Profile link；链接：Dofollow；聚合源标记可即时通过；导入日期 2026-08-25；执行前复核当前规则
https://helpfulgardener.com/forum		FALSE		聚合源标记免费；来源：大罗SEO/High DA Profile / 大罗SEO/Forums (L4)；类型：Profile link / Forums；链接：Dofollow；聚合源标记可即时通过；导入日期 2026-08-25；执行前复核当前规则
https://hercampus.com/		FALSE		聚合源标记免费；来源：大罗SEO/High DA Profile / 大罗SEO/Communities (L4)；类型：Profile link / Communities；链接：Dofollow；聚合源标记可即时通过；导入日期 2026-08-25；执行前复核当前规则
https://here.com/		FALSE		聚合源标记免费；来源：大罗SEO/Local (L2)；类型：Local；链接：Unknown；导入日期 2026-08-25；执行前复核当前规则
https://herold.at/		FALSE		聚合源标记免费；来源：大罗SEO/Local (L2)；类型：Local；链接：Unknown；导入日期 2026-08-25；执行前复核当前规则
https://hey.dou.bet/		FALSE		聚合源标记免费；来源：大罗SEO/High DA Profile；类型：Profile link；链接：Dofollow；聚合源标记可即时通过；导入日期 2026-08-25；执行前复核当前规则
https://hiauthors.com/		FALSE		聚合源标记免费；来源：大罗SEO/Bookmarking；类型：Bookmarking；链接：Dofollow；聚合源标记可即时通过；导入日期 2026-08-25；执行前复核当前规则
https://highprseo.info/		FALSE		聚合源标记免费；来源：大罗SEO/Bookmarking；类型：Bookmarking；链接：Dofollow；聚合源标记可即时通过；导入日期 2026-08-25；执行前复核当前规则
https://highprsocialbookmarkingsites.xyz/		FALSE		聚合源标记免费；来源：大罗SEO/Bookmarking；类型：Bookmarking；链接：Dofollow；聚合源标记可即时通过；导入日期 2026-08-25；执行前复核当前规则
https://hightail.com/		FALSE		聚合源标记免费；来源：大罗SEO/File Upload (L4)；类型：File Upload；链接：Dofollow；聚合源标记可即时通过；导入日期 2026-08-25；执行前复核当前规则
https://hindibookmark.com/		FALSE		聚合源标记免费；来源：大罗SEO/Bookmarking；类型：Bookmarking；链接：Dofollow；聚合源标记可即时通过；导入日期 2026-08-25；执行前复核当前规则
https://hip2save.com/		FALSE		聚合源标记免费；来源：大罗SEO/Deals (L3) / 大罗SEO/Coupon (L3) DALUOSEO.COM；类型：Deals / Coupon；链接：Unknown；导入日期 2026-08-25；执行前复核当前规则
https://hireclub.com/		FALSE		聚合源标记免费；来源：大罗SEO/High DA Profile；类型：Profile link；链接：Dofollow；聚合源标记可即时通过；导入日期 2026-08-25；执行前复核当前规则
https://historum.com/		FALSE		聚合源标记免费；来源：大罗SEO/High DA Profile / 大罗SEO/Forums (L4)；类型：Profile link / Forums；链接：Dofollow；聚合源标记可即时通过；导入日期 2026-08-25；执行前复核当前规则
https://hitchtube.fr/		FALSE		聚合源标记免费；来源：大罗SEO/High DA Profile；类型：Profile link；链接：Dofollow；聚合源标记可即时通过；导入日期 2026-08-25；执行前复核当前规则
https://hitech-services.xyz/		FALSE		聚合源标记免费；来源：大罗SEO/Bookmarking；类型：Bookmarking；链接：Dofollow；聚合源标记可即时通过；导入日期 2026-08-25；执行前复核当前规则
https://hitechdigitalservices.com/		FALSE		聚合源标记免费；来源：大罗SEO/Bookmarking；类型：Bookmarking；链接：Dofollow；聚合源标记可即时通过；导入日期 2026-08-25；执行前复核当前规则
https://hitechgroup.xyz/		FALSE		聚合源标记免费；来源：大罗SEO/Bookmarking；类型：Bookmarking；链接：Dofollow；聚合源标记可即时通过；导入日期 2026-08-25；执行前复核当前规则
https://hitekservices.xyz/		FALSE		聚合源标记免费；来源：大罗SEO/Bookmarking；类型：Bookmarking；链接：Dofollow；聚合源标记可即时通过；导入日期 2026-08-25；执行前复核当前规则
https://hitta.se/		FALSE		聚合源标记免费；来源：大罗SEO/Local (L2)；类型：Local；链接：Unknown；导入日期 2026-08-25；执行前复核当前规则
https://hmailserver.com/forum		FALSE		聚合源标记免费；来源：大罗SEO/High DA Profile / 大罗SEO/Forums (L4)；类型：Profile link / Forums；链接：Dofollow；聚合源标记可即时通过；导入日期 2026-08-25；执行前复核当前规则
https://hobbytalk.com/		FALSE		聚合源标记免费；来源：大罗SEO/High DA Profile / 大罗SEO/Forums (L4)；类型：Profile link / Forums；链接：Nofollow；聚合源标记可即时通过；导入日期 2026-08-25；执行前复核当前规则
https://hockeydb.com/vb/index.php		FALSE		聚合源标记免费；来源：大罗SEO/High DA Profile；类型：Profile link；链接：Dofollow；聚合源标记可即时通过；导入日期 2026-08-25；执行前复核当前规则
https://hogwartsishere.com/		FALSE		聚合源标记免费；来源：大罗SEO/High DA Profile；类型：Profile link；链接：Dofollow；聚合源标记可即时通过；导入日期 2026-08-25；执行前复核当前规则
https://holiday.ipt.pw/		FALSE		聚合源标记免费；来源：大罗SEO/Bookmarking；类型：Bookmarking；链接：Dofollow；聚合源标记可即时通过；导入日期 2026-08-25；执行前复核当前规则
https://homedistiller.org/forum/index.php		FALSE		聚合源标记免费；来源：大罗SEO/Forums (L4)；类型：Forums；链接：Dofollow；聚合源标记可即时通过；导入日期 2026-08-25；执行前复核当前规则
https://homeone.com.au/		FALSE		聚合源标记免费；来源：大罗SEO/High DA Profile / 大罗SEO/Forums (L4)；类型：Profile link / Forums；链接：Dofollow；聚合源标记可即时通过；导入日期 2026-08-25；执行前复核当前规则
https://hometalk.com/		FALSE		聚合源标记免费；来源：大罗SEO/High DA Profile；类型：Profile link；链接：Nofollow；聚合源标记可即时通过；导入日期 2026-08-25；执行前复核当前规则
https://hometrust.sg/		FALSE		聚合源标记免费；来源：大罗SEO/High DA Profile / 大罗SEO/Forums (L4)；类型：Profile link / Forums；链接：Nofollow；聚合源标记可即时通过；导入日期 2026-08-25；执行前复核当前规则
https://homify.com/		FALSE		聚合源标记免费；来源：大罗SEO/High DA Profile；类型：Profile link；链接：Nofollow；聚合源标记可即时通过；导入日期 2026-08-25；执行前复核当前规则
https://hoobly.com/		FALSE		聚合源标记免费；来源：大罗SEO/Classified Ads (L4)；类型：Classified Ads；链接：Nofollow；聚合源标记可即时通过；导入日期 2026-08-25；执行前复核当前规则
https://hoodspot.fr/		FALSE		聚合源标记免费；来源：大罗SEO/Local (L2)；类型：Local；链接：Unknown；导入日期 2026-08-25；执行前复核当前规则
https://horairesdouverture24.fr/		FALSE		聚合源标记免费；来源：大罗SEO/Local (L2)；类型：Local；链接：Unknown；导入日期 2026-08-25；执行前复核当前规则
https://hostsearch.com/		FALSE		聚合源标记免费；来源：大罗SEO/High DA Profile / 大罗SEO/Directory / 大罗SEO/Forums (L4)；类型：Profile link / Directory / Forums；链接：Dofollow；聚合源标记可即时通过；导入日期 2026-08-25；执行前复核当前规则
https://hot-web-ads.com/		FALSE		聚合源标记免费；来源：大罗SEO/Classified Ads (L4)；类型：Classified Ads；链接：Dofollow；聚合源标记可即时通过；导入日期 2026-08-25；执行前复核当前规则
https://hotbookmarking.com/		FALSE		聚合源标记免费；来源：大罗SEO/Bookmarking；类型：Bookmarking；链接：Dofollow；聚合源标记可即时通过；导入日期 2026-08-25；执行前复核当前规则
https://hotdoorcore.com/		FALSE		聚合源标记免费；来源：大罗SEO/High DA Profile / 大罗SEO/Forums (L4)；类型：Profile link / Forums；链接：Dofollow；聚合源标记可即时通过；导入日期 2026-08-25；执行前复核当前规则
https://hotfrog.at/		FALSE		聚合源标记免费；来源：大罗SEO/Local (L2)；类型：Local；链接：Unknown；导入日期 2026-08-25；执行前复核当前规则
https://hotfrog.ca/		FALSE		聚合源标记免费；来源：大罗SEO/Local (L2)；类型：Local；链接：Unknown；导入日期 2026-08-25；执行前复核当前规则
https://hotfrog.ch/		FALSE		聚合源标记免费；来源：大罗SEO/Local (L2)；类型：Local；链接：Unknown；导入日期 2026-08-25；执行前复核当前规则
https://hotfrog.cl/		FALSE		聚合源标记免费；来源：大罗SEO/Local (L2)；类型：Local；链接：Unknown；导入日期 2026-08-25；执行前复核当前规则
https://hotfrog.co.nz/		FALSE		聚合源标记免费；来源：大罗SEO/Local (L2)；类型：Local；链接：Unknown；导入日期 2026-08-25；执行前复核当前规则
https://hotfrog.co.uk/		FALSE		聚合源标记免费；来源：大罗SEO/Local (L2)；类型：Local；链接：Unknown；导入日期 2026-08-25；执行前复核当前规则
https://hotfrog.co.za/		FALSE		聚合源标记免费；来源：大罗SEO/Local (L2)；类型：Local；链接：Unknown；导入日期 2026-08-25；执行前复核当前规则
https://hotfrog.com/		FALSE		聚合源标记免费；来源：大罗SEO/Local (L2)；类型：Local；链接：Unknown；导入日期 2026-08-25；执行前复核当前规则
https://hotfrog.com.au/		FALSE		聚合源标记免费；来源：大罗SEO/Local (L2)；类型：Local；链接：Unknown；导入日期 2026-08-25；执行前复核当前规则
https://hotfrog.com.br/		FALSE		聚合源标记免费；来源：大罗SEO/Local (L2)；类型：Local；链接：Unknown；导入日期 2026-08-25；执行前复核当前规则
https://hotfrog.com.mx/		FALSE		聚合源标记免费；来源：大罗SEO/Local (L2)；类型：Local；链接：Unknown；导入日期 2026-08-25；执行前复核当前规则
https://hotfrog.de/		FALSE		聚合源标记免费；来源：大罗SEO/Local (L2)；类型：Local；链接：Unknown；导入日期 2026-08-25；执行前复核当前规则
https://hotfrog.dk/		FALSE		聚合源标记免费；来源：大罗SEO/Local (L2)；类型：Local；链接：Unknown；导入日期 2026-08-25；执行前复核当前规则
https://hotfrog.es/		FALSE		聚合源标记免费；来源：大罗SEO/Local (L2)；类型：Local；链接：Unknown；导入日期 2026-08-25；执行前复核当前规则
https://hotfrog.fr/		FALSE		聚合源标记免费；来源：大罗SEO/Local (L2)；类型：Local；链接：Unknown；导入日期 2026-08-25；执行前复核当前规则
https://hotfrog.in/		FALSE		聚合源标记免费；来源：大罗SEO/Local (L2)；类型：Local；链接：Unknown；导入日期 2026-08-25；执行前复核当前规则
https://hotfrog.it/		FALSE		聚合源标记免费；来源：大罗SEO/Local (L2)；类型：Local；链接：Unknown；导入日期 2026-08-25；执行前复核当前规则
https://hotfrog.nl/		FALSE		聚合源标记免费；来源：大罗SEO/Local (L2)；类型：Local；链接：Unknown；导入日期 2026-08-25；执行前复核当前规则
https://hotfrog.no/		FALSE		聚合源标记免费；来源：大罗SEO/Local (L2)；类型：Local；链接：Unknown；导入日期 2026-08-25；执行前复核当前规则
https://hotfrog.pl/		FALSE		聚合源标记免费；来源：大罗SEO/Local (L2)；类型：Local；链接：Unknown；导入日期 2026-08-25；执行前复核当前规则
https://hotfrog.pt/		FALSE		聚合源标记免费；来源：大罗SEO/Local (L2)；类型：Local；链接：Unknown；导入日期 2026-08-25；执行前复核当前规则
https://hotfrogse.se/		FALSE		聚合源标记免费；来源：大罗SEO/Local (L2)；类型：Local；链接：Unknown；导入日期 2026-08-25；执行前复核当前规则
https://hotvsnot.com/		FALSE		聚合源标记免费；来源：大罗SEO/Directory；类型：Directory；链接：Dofollow；聚合源标记可即时通过；导入日期 2026-08-25；执行前复核当前规则
https://houserepairtalk.com/		FALSE		聚合源标记免费；来源：大罗SEO/High DA Profile / 大罗SEO/Forums (L4)；类型：Profile link / Forums；链接：Nofollow；聚合源标记可即时通过；导入日期 2026-08-25；执行前复核当前规则
https://houzz.com/		FALSE		聚合源标记免费；来源：大罗SEO/High DA Profile；类型：Profile link；链接：Nofollow；聚合源标记可即时通过；导入日期 2026-08-25；执行前复核当前规则
https://howeweb.com/		FALSE		聚合源标记免费；来源：大罗SEO/Website Builder L4；类型：Website Builder；链接：Dofollow；聚合源标记可即时通过；导入日期 2026-08-25；执行前复核当前规则
https://howlongtobeat.com/		FALSE		聚合源标记免费；来源：大罗SEO/High DA Profile / 大罗SEO/Communities (L4) / 大罗SEO/Forums (L4)；类型：Profile link / Communities / Forums；链接：Nofollow；聚合源标记可即时通过；导入日期 2026-08-25；执行前复核当前规则
https://hr.ucsb.edu/benefits/employee-discounts		FALSE		聚合源标记免费；来源：大罗SEO/Coupon (L3) DALUOSEO.COM；类型：Coupon；链接：Unknown；导入日期 2026-08-25；执行前复核当前规则
https://hrcypher.com/		FALSE		聚合源标记免费；来源：大罗SEO/High DA Profile；类型：Profile link；链接：Nofollow；聚合源标记可即时通过；导入日期 2026-08-25；执行前复核当前规则
https://hub.biz/		FALSE		聚合源标记免费；来源：大罗SEO/Local (L2)；类型：Local；链接：Unknown / Nofollow；聚合源标记可即时通过；导入日期 2026-08-25；执行前复核当前规则
https://hub.docker.com/		FALSE		聚合源标记免费；来源：大罗SEO/High DA Profile；类型：Profile link；链接：Nofollow；聚合源标记可即时通过；导入日期 2026-08-25；执行前复核当前规则
https://hub.safe.com/		FALSE		聚合源标记免费；来源：大罗SEO/High DA Profile；类型：Profile link；链接：Dofollow；聚合源标记可即时通过；导入日期 2026-08-25；执行前复核当前规则
https://hubpages.com/		FALSE		聚合源标记免费；来源：大罗SEO/High DA Profile；类型：Profile link；链接：Nofollow；聚合源标记可即时通过；导入日期 2026-08-25；执行前复核当前规则
https://humanalternative.com/		FALSE		聚合源标记免费；来源：GitHub/csv/04-launch-websites.csv+md/04-launch-websites.md；类型：homepage；导入日期 2026-08-25；执行前复核当前规则
https://humanornot.ai/		FALSE		聚合源标记免费；来源：GitHub/csv/02-ai-tools-directory.csv+md/02-ai-tools-directory.md；类型：homepage；导入日期 2026-08-25；执行前复核当前规则
https://humanornot.co/		FALSE		聚合源标记免费；来源：Notion 100+ DIR/FREE / GitHub/csv/09-general-directories.csv+md/09-general-directories.md；类型：Product Launch / homepage；导入日期 2026-08-25；执行前复核当前规则
https://humanornot.co/submit-tool		FALSE		聚合源标记免费；来源：Notion 100+ DIR/FREE / 首轮明确免费提交入口 / GitHub/csv/09-general-directories.csv+md/09-general-directories.md；类型：Product Launch / Directory / submission；导入日期 2026-08-25；执行前复核当前规则
https://humor-blog.com/		FALSE		聚合源标记免费；来源：大罗SEO/Website Builder L4；类型：Website Builder；链接：Dofollow；聚合源标记可即时通过；导入日期 2026-08-25；执行前复核当前规则
https://hungryonion.org/		FALSE		聚合源标记免费；来源：大罗SEO/High DA Profile / 大罗SEO/Forums (L4)；类型：Profile link / Forums；链接：Nofollow；聚合源标记可即时通过；导入日期 2026-08-25；执行前复核当前规则
https://huntingnet.com/		FALSE		聚合源标记免费；来源：大罗SEO/High DA Profile / 大罗SEO/Forums (L4)；类型：Profile link / Forums；链接：Nofollow；聚合源标记可即时通过；导入日期 2026-08-25；执行前复核当前规则
https://huzzaz.com/		FALSE		聚合源标记免费；来源：大罗SEO/High DA Profile；类型：Profile link；链接：Dofollow；聚合源标记可即时通过；导入日期 2026-08-25；执行前复核当前规则
https://hyipstalk.com/		FALSE		聚合源标记免费；来源：大罗SEO/High DA Profile / 大罗SEO/Forums (L4)；类型：Profile link / Forums；链接：Nofollow；聚合源标记可即时通过；导入日期 2026-08-25；执行前复核当前规则
https://ibuildapp.com/		FALSE		聚合源标记免费；来源：大罗SEO/High DA Profile；类型：Profile link；链接：Nofollow；聚合源标记可即时通过；导入日期 2026-08-25；执行前复核当前规则
https://icheckmovies.com/		FALSE		聚合源标记免费；来源：大罗SEO/High DA Profile；类型：Profile link；链接：Dofollow；聚合源标记可即时通过；导入日期 2026-08-25；执行前复核当前规则
https://idblogmaker.com/		FALSE		聚合源标记免费；来源：大罗SEO/Website Builder L4；类型：Website Builder；链接：Dofollow；聚合源标记可即时通过；导入日期 2026-08-25；执行前复核当前规则
https://idblogz.com/		FALSE		聚合源标记免费；来源：大罗SEO/Website Builder L4；类型：Website Builder；链接：Dofollow；聚合源标记可即时通过；导入日期 2026-08-25；执行前复核当前规则
https://ifish.net/		FALSE		聚合源标记免费；来源：大罗SEO/High DA Profile / 大罗SEO/Forums (L4)；类型：Profile link / Forums；链接：Dofollow；聚合源标记可即时通过；导入日期 2026-08-25；执行前复核当前规则
https://iglobal.co/		FALSE		聚合源标记免费；来源：大罗SEO/Local (L2)；类型：Local；链接：Unknown；导入日期 2026-08-25；执行前复核当前规则
https://ignboards.com/		FALSE		聚合源标记免费；来源：大罗SEO/Forums (L4)；类型：Forums；链接：Unknown；导入日期 2026-08-25；执行前复核当前规则
https://igniter.ai/tools		FALSE		聚合源标记免费；来源：GitHub/csv/04-launch-websites.csv+md/04-launch-websites.md；类型：homepage；导入日期 2026-08-25；执行前复核当前规则
https://ihaan.org/		FALSE		聚合源标记免费；来源：大罗SEO/Bookmarking；类型：Bookmarking；链接：Nofollow；聚合源标记可即时通过；导入日期 2026-08-25；执行前复核当前规则
https://ihubbub.com/		FALSE		聚合源标记免费；来源：大罗SEO/High DA Profile / 大罗SEO/Classified Ads (L4)；类型：Profile link / Classified Ads；链接：Dofollow；聚合源标记可即时通过；导入日期 2026-08-25；执行前复核当前规则
https://iidb.org/		FALSE		聚合源标记免费；来源：大罗SEO/High DA Profile / 大罗SEO/Forums (L4)；类型：Profile link / Forums；链接：Nofollow；聚合源标记可即时通过；导入日期 2026-08-25；执行前复核当前规则
https://il-truciolo.it/node/2		FALSE		聚合源标记免费；来源：大罗SEO/Forums (L4)；类型：Forums；链接：Unknown；导入日期 2026-08-25；执行前复核当前规则
https://ilib.com/		FALSE		聚合源标记免费；来源：GitHub/csv/01-startup-directories.csv+csv/04-launch-websites.csv+md/01-startup-directories.md+md/04-launch-websites.md；类型：homepage；导入日期 2026-08-25；执行前复核当前规则
https://ilib.com/dashboard/submissions/new		FALSE		聚合源标记免费；来源：GitHub/csv/04-launch-websites.csv+md/04-launch-websites.md；类型：submission；导入日期 2026-08-25；执行前复核当前规则
https://illustratedfaith.com/		FALSE		聚合源标记免费；来源：大罗SEO/High DA Profile；类型：Profile link；链接：Nofollow；聚合源标记可即时通过；导入日期 2026-08-25；执行前复核当前规则
https://iloggo.com/		FALSE		聚合源标记免费；来源：大罗SEO/Bookmarking；类型：Bookmarking；链接：Dofollow；聚合源标记可即时通过；导入日期 2026-08-25；执行前复核当前规则
https://ilsitodelfaidate.it/FDTForum/index.php		FALSE		聚合源标记免费；来源：大罗SEO/Forums (L4)；类型：Forums；链接：Unknown；导入日期 2026-08-25；执行前复核当前规则
https://imageevent.com/		FALSE		聚合源标记免费；来源：大罗SEO/High DA Profile / 大罗SEO/File Upload (L4)；类型：Profile link / File Upload；链接：Dofollow；聚合源标记可即时通过；导入日期 2026-08-25；执行前复核当前规则
https://imblogs.net/		FALSE		聚合源标记免费；来源：大罗SEO/Website Builder L4；类型：Website Builder；链接：Dofollow；聚合源标记可即时通过；导入日期 2026-08-25；执行前复核当前规则
https://imcreator.com/		FALSE		聚合源标记免费；来源：大罗SEO/Website Builder L4；类型：Website Builder；链接：Dofollow；聚合源标记可即时通过；导入日期 2026-08-25；执行前复核当前规则
https://imdb.com/		FALSE		聚合源标记免费；来源：大罗SEO/High DA Profile；类型：Profile link；链接：Dofollow；聚合源标记可即时通过；导入日期 2026-08-25；执行前复核当前规则
https://imgur.com/		FALSE		聚合源标记免费；来源：大罗SEO/High DA Profile；类型：Profile link；链接：Dofollow；聚合源标记可即时通过；导入日期 2026-08-25；执行前复核当前规则
https://immobilio.it/		FALSE		聚合源标记免费；来源：大罗SEO/Forums (L4)；类型：Forums；链接：Unknown；导入日期 2026-08-25；执行前复核当前规则
https://inc42.com/startup-submission		FALSE		聚合源标记免费；来源：Web.Cafe 海外产品发布渠道；类型：Product Launch；导入日期 2026-08-25；执行前复核当前规则
https://indeed.com/		FALSE		聚合源标记免费；来源：大罗SEO/Job Boards (L4)；类型：Job Boards；链接：Unknown；导入日期 2026-08-25；执行前复核当前规则
https://index.co/		FALSE		聚合源标记免费；来源：大罗SEO/Directory；类型：Directory；链接：Unknown；导入日期 2026-08-25；执行前复核当前规则
https://index.co/startup		FALSE		聚合源标记免费；来源：Web.Cafe 海外产品发布渠道；类型：Product Launch；导入日期 2026-08-25；执行前复核当前规则
https://indexa.fr/		FALSE		聚合源标记免费；来源：大罗SEO/Directory / 大罗SEO/Local (L2)；类型：Directory / Local；链接：Unknown；导入日期 2026-08-25；执行前复核当前规则
https://indiaforums.com/		FALSE		聚合源标记免费；来源：大罗SEO/High DA Profile / 大罗SEO/Forums (L4)；类型：Profile link / Forums；链接：Nofollow；聚合源标记可即时通过；导入日期 2026-08-25；执行前复核当前规则
https://indiamart.com/		FALSE		聚合源标记免费；来源：大罗SEO/Local (L2)；类型：Local；链接：Unknown；导入日期 2026-08-25；执行前复核当前规则
https://indieai.co/		FALSE		聚合源标记免费；来源：GitHub/csv/04-launch-websites.csv+md/04-launch-websites.md；类型：homepage；导入日期 2026-08-25；执行前复核当前规则
https://indieai.co/add-tool		FALSE		聚合源标记免费；来源：GitHub/csv/04-launch-websites.csv+csv/05-backlinks.csv+md/04-launch-websites.md+md/05-backlinks.md；类型：submission；导入日期 2026-08-25；执行前复核当前规则
https://indiegogo.com/		FALSE		聚合源标记免费；来源：大罗SEO/High DA Profile / 大罗SEO/Crowdfunding (L5)；类型：Profile link / Crowdfunding；链接：Nofollow；聚合源标记可即时通过；导入日期 2026-08-25；执行前复核当前规则
https://indiehackers.com/		FALSE		聚合源标记免费；来源：大罗SEO/Communities (L4) / Web.Cafe 海外产品发布渠道 / GitHub/csv/01-startup-directories.csv+csv/03-new-startup-directories.csv+csv/06-startup-launch-ways.csv+csv/07-ai-creators-directory.csv+md/01-startup-directories.md+md/03-new-startup-directories.md+md/06-startup-launch-ways.md+md/07-ai-creators-directory.md；类型：Communities / Product Launch / homepage；链接：Unknown；导入日期 2026-08-25；执行前复核当前规则
https://indiehackers.com/sign-up		FALSE		聚合源标记免费；来源：GitHub/csv/07-ai-creators-directory.csv+md/07-ai-creators-directory.md；类型：submission；导入日期 2026-08-25；执行前复核当前规则
https://industrybookmarks.com/		FALSE		聚合源标记免费；来源：大罗SEO/Bookmarking；类型：Bookmarking；链接：Dofollow；聚合源标记可即时通过；导入日期 2026-08-25；执行前复核当前规则
https://infobel.com/		FALSE		聚合源标记免费；来源：大罗SEO/Local (L2)；类型：Local；链接：Unknown；导入日期 2026-08-25；执行前复核当前规则
https://infographicbee.com/		FALSE		聚合源标记免费；来源：大罗SEO/Infographic (L4)；类型：Infographic；链接：Unknown；导入日期 2026-08-25；执行前复核当前规则
https://infographicjournal.com/		FALSE		聚合源标记免费；来源：大罗SEO/Infographic (L4)；类型：Infographic；链接：Unknown；导入日期 2026-08-25；执行前复核当前规则
https://infographicreviews.com/		FALSE		聚合源标记免费；来源：大罗SEO/Infographic (L4)；类型：Infographic；链接：Unknown；导入日期 2026-08-25；执行前复核当前规则
https://infographicsarchive.com/		FALSE		聚合源标记免费；来源：大罗SEO/Infographic (L4)；类型：Infographic；链接：Unknown；导入日期 2026-08-25；执行前复核当前规则
https://informatik-forum.net/		FALSE		聚合源标记免费；来源：大罗SEO/High DA Profile / 大罗SEO/Forums (L4)；类型：Profile link / Forums；链接：Nofollow；聚合源标记可即时通过；导入日期 2026-08-25；执行前复核当前规则
https://informationweek.com/		FALSE		聚合源标记免费；来源：大罗SEO/High DA Profile；类型：Profile link；链接：Dofollow；聚合源标记可即时通过；导入日期 2026-08-25；执行前复核当前规则
https://inforum.in/		FALSE		聚合源标记免费；来源：大罗SEO/High DA Profile / 大罗SEO/Forums (L4)；类型：Profile link / Forums；链接：Dofollow；聚合源标记可即时通过；导入日期 2026-08-25；执行前复核当前规则
https://ingforum.it/		FALSE		聚合源标记免费；来源：大罗SEO/Forums (L4)；类型：Forums；链接：Unknown；导入日期 2026-08-25；执行前复核当前规则
https://inkshares.com/		FALSE		聚合源标记免费；来源：大罗SEO/High DA Profile；类型：Profile link；链接：Nofollow；聚合源标记可即时通过；导入日期 2026-08-25；执行前复核当前规则
https://innetads.com/		FALSE		聚合源标记免费；来源：大罗SEO/Classified Ads (L4)；类型：Classified Ads；链接：Dofollow；聚合源标记可即时通过；导入日期 2026-08-25；执行前复核当前规则
https://innmind.com/		FALSE		聚合源标记免费；来源：大罗SEO/Directory；类型：Directory；链接：Unknown；导入日期 2026-08-25；执行前复核当前规则
https://insanelycooltools.com/		FALSE		聚合源标记免费；来源：GitHub/csv/04-launch-websites.csv+csv/07-ai-creators-directory.csv+md/04-launch-websites.md+md/07-ai-creators-directory.md；类型：submission；导入日期 2026-08-25；执行前复核当前规则
https://insanelycooltools.com/submit-tool		FALSE		聚合源标记免费；来源：GitHub/csv/04-launch-websites.csv+md/04-launch-websites.md；类型：submission；导入日期 2026-08-25；执行前复核当前规则
https://insanelymac.com/		FALSE		聚合源标记免费；来源：大罗SEO/High DA Profile / 大罗SEO/Forums (L4)；类型：Profile link / Forums；链接：Dofollow；聚合源标记可即时通过；导入日期 2026-08-25；执行前复核当前规则
https://insertarticles.info/		FALSE		聚合源标记免费；来源：大罗SEO/Bookmarking；类型：Bookmarking；链接：Dofollow；聚合源标记可即时通过；导入日期 2026-08-25；执行前复核当前规则
https://inside.com/		FALSE		聚合源标记免费；来源：大罗SEO/High DA Profile；类型：Profile link；链接：Dofollow；聚合源标记可即时通过；导入日期 2026-08-25；执行前复核当前规则
https://insiderpages.com/		FALSE		聚合源标记免费；来源：大罗SEO/Local (L2)；类型：Local；链接：Unknown；导入日期 2026-08-25；执行前复核当前规则
https://insidr.ai/		FALSE		聚合源标记免费；来源：GitHub/csv/02-ai-tools-directory.csv+csv/05-backlinks.csv+csv/09-general-directories.csv+md/02-ai-tools-directory.md+md/05-backlinks.md+md/09-general-directories.md；类型：homepage；导入日期 2026-08-25；执行前复核当前规则
https://insidr.ai/ai-tools		FALSE		聚合源标记免费；来源：GitHub/csv/04-launch-websites.csv+csv/07-ai-creators-directory.csv+md/04-launch-websites.md+md/07-ai-creators-directory.md；类型：homepage；导入日期 2026-08-25；执行前复核当前规则
https://insidr.ai/submit-tools		FALSE		聚合源标记免费；来源：首轮明确免费提交入口 / GitHub/csv/04-launch-websites.csv+csv/07-ai-creators-directory.csv+csv/09-general-directories.csv+md/04-launch-websites.md+md/07-ai-creators-directory.md+md/09-general-directories.md；类型：Directory / submission；导入日期 2026-08-25；执行前复核当前规则
https://instagram.com/		FALSE		聚合源标记免费；来源：大罗SEO/High DA Profile / 大罗SEO/Social DALUOSEO.COM；类型：Profile link / Nofollow；链接：nofollow / Y；聚合源标记可即时通过；导入日期 2026-08-25；执行前复核当前规则
https://instantbookmarks.com/		FALSE		聚合源标记免费；来源：大罗SEO/Bookmarking；类型：Bookmarking；链接：Dofollow；聚合源标记可即时通过；导入日期 2026-08-25；执行前复核当前规则
https://instantlinks.online/		FALSE		聚合源标记免费；来源：大罗SEO/Bookmarking；类型：Bookmarking；链接：Dofollow；聚合源标记可即时通过；导入日期 2026-08-25；执行前复核当前规则
https://instapaper.com/		FALSE		聚合源标记免费；来源：大罗SEO/Bookmarking；类型：Bookmarking；链接：Dofollow；聚合源标记可即时通过；导入日期 2026-08-25；执行前复核当前规则
https://instructables.com/		FALSE		聚合源标记免费；来源：大罗SEO/High DA Profile；类型：Profile link；链接：Nofollow；聚合源标记可即时通过；导入日期 2026-08-25；执行前复核当前规则
https://intensedebate.com/		FALSE		聚合源标记免费；来源：大罗SEO/High DA Profile；类型：Profile link；链接：Dofollow；聚合源标记可即时通过；导入日期 2026-08-25；执行前复核当前规则
https://intersys.ai/		FALSE		聚合源标记免费；来源：Notion 100+ DIR/FREE / GitHub/csv/09-general-directories.csv+md/09-general-directories.md；类型：Product Launch / homepage；导入日期 2026-08-25；执行前复核当前规则
https://intersys.ai/submit		FALSE		聚合源标记免费；来源：Notion 100+ DIR/FREE / 首轮明确免费提交入口 / GitHub/csv/09-general-directories.csv+md/09-general-directories.md；类型：Product Launch / Directory / submission；导入日期 2026-08-25；执行前复核当前规则
https://inventlist.com/		FALSE		聚合源标记免费；来源：Notion 100+ DIR/FREE / GitHub/csv/01-startup-directories.csv+csv/09-general-directories.csv+md/01-startup-directories.md+md/09-general-directories.md；类型：Product Launch / homepage；导入日期 2026-08-25；执行前复核当前规则
https://inventlist.com/sites/new		FALSE		聚合源标记免费；来源：Notion 100+ DIR/FREE / 首轮明确免费提交入口 / GitHub/csv/09-general-directories.csv+md/09-general-directories.md；类型：Product Launch / Directory / submission；导入日期 2026-08-25；执行前复核当前规则
https://ipernity.com/		FALSE		聚合源标记免费；来源：大罗SEO/File Upload (L4)；类型：File Upload；链接：Nofollow；聚合源标记可即时通过；导入日期 2026-08-25；执行前复核当前规则
https://iprogrammatori.it/forum-programmazione		FALSE		聚合源标记免费；来源：大罗SEO/Forums (L4)；类型：Forums；链接：Unknown；导入日期 2026-08-25；执行前复核当前规则
https://irishgamers.ie/		FALSE		聚合源标记免费；来源：大罗SEO/High DA Profile / 大罗SEO/Forums (L4)；类型：Profile link / Forums；链接：Nofollow；聚合源标记可即时通过；导入日期 2026-08-25；执行前复核当前规则
https://is-blog.com/		FALSE		聚合源标记免费；来源：大罗SEO/Website Builder L4；类型：Website Builder；链接：Dofollow；聚合源标记可即时通过；导入日期 2026-08-25；执行前复核当前规则
https://is.gd/		FALSE		聚合源标记免费；来源：大罗SEO/URL Shortener；类型：URL Shortener；链接：Dofollow；聚合源标记可即时通过；导入日期 2026-08-25；执行前复核当前规则
https://isblog.net/		FALSE		聚合源标记免费；来源：大罗SEO/Website Builder L4；类型：Website Builder；链接：Dofollow；聚合源标记可即时通过；导入日期 2026-08-25；执行前复核当前规则
https://ismailblogger.com/submit-tools		FALSE		聚合源标记免费；来源：首轮明确免费提交入口 / GitHub/csv/09-general-directories.csv+md/09-general-directories.md；类型：Directory / submission；导入日期 2026-08-25；执行前复核当前规则
https://issuhub.com/		FALSE		聚合源标记免费；来源：大罗SEO/High DA Profile；类型：Profile link；链接：Dofollow；聚合源标记可即时通过；导入日期 2026-08-25；执行前复核当前规则
https://issuu.com/		FALSE		聚合源标记免费；来源：大罗SEO/High DA Profile / 大罗SEO/Communities (L4)；类型：Profile link / Communities；链接：Dofollow；聚合源标记可即时通过；导入日期 2026-08-25；执行前复核当前规则
https://it.ign.com/forum		FALSE		聚合源标记免费；来源：大罗SEO/Forums (L4)；类型：Forums；链接：Dofollow；聚合源标记可即时通过；导入日期 2026-08-25；执行前复核当前规则
https://italcoholicmocktest.in/		FALSE		聚合源标记免费；来源：大罗SEO/High DA Profile / 大罗SEO/Forums (L4)；类型：Profile link / Forums；链接：Nofollow；聚合源标记可即时通过；导入日期 2026-08-25；执行前复核当前规则
https://itcentralstation.com/		FALSE		聚合源标记免费；来源：大罗SEO/High DA Profile / 大罗SEO/Review Sites；类型：Profile link / Review Sites；链接：Nofollow；聚合源标记可即时通过；导入日期 2026-08-25；执行前复核当前规则
https://itemfix.com/		FALSE		聚合源标记免费；来源：大罗SEO/High DA Profile / 大罗SEO/File Upload (L4)；类型：Profile link / File Upload；链接：Nofollow；聚合源标记可即时通过；导入日期 2026-08-25；执行前复核当前规则
https://itsmyurls.com/		FALSE		聚合源标记免费；来源：大罗SEO/High DA Profile；类型：Profile link；链接：Dofollow；聚合源标记可即时通过；导入日期 2026-08-25；执行前复核当前规则
https://itworldcanada.com/ai		FALSE		聚合源标记免费；来源：GitHub/csv/07-ai-creators-directory.csv+md/07-ai-creators-directory.md；类型：homepage；导入日期 2026-08-25；执行前复核当前规则
https://itworldcanada.com/ai/submit-listing		FALSE		聚合源标记免费；来源：GitHub/csv/07-ai-creators-directory.csv+md/07-ai-creators-directory.md；类型：submission；导入日期 2026-08-25；执行前复核当前规则
https://ity.im/		FALSE		聚合源标记免费；来源：大罗SEO/URL Shortener；类型：URL Shortener；链接：Dofollow；聚合源标记可即时通过；导入日期 2026-08-25；执行前复核当前规则
https://ivasdesign.com/		FALSE		聚合源标记免费；来源：大罗SEO/Website Builder L4；类型：Website Builder；链接：Dofollow；聚合源标记可即时通过；导入日期 2026-08-25；执行前复核当前规则
https://izrablog.com/		FALSE		聚合源标记免费；来源：大罗SEO/Website Builder L4；类型：Website Builder；链接：Dofollow；聚合源标记可即时通过；导入日期 2026-08-25；执行前复核当前规则
https://jaiblogs.com/		FALSE		聚合源标记免费；来源：大罗SEO/Website Builder L4；类型：Website Builder；链接：Dofollow；聚合源标记可即时通过；导入日期 2026-08-25；执行前复核当前规则
https://jambase.com/		FALSE		聚合源标记免费；来源：大罗SEO/High DA Profile；类型：Profile link；链接：Dofollow；聚合源标记可即时通过；导入日期 2026-08-25；执行前复核当前规则
https://jamosapien.com/		FALSE		聚合源标记免费；来源：大罗SEO/High DA Profile / 大罗SEO/Forums (L4)；类型：Profile link / Forums；链接：Nofollow；聚合源标记可即时通过；导入日期 2026-08-25；执行前复核当前规则
https://jasminedirectory.com/		FALSE		聚合源标记免费；来源：大罗SEO/Directory；类型：Directory；链接：Unknown；导入日期 2026-08-25；执行前复核当前规则
https://jayde.com/		FALSE		聚合源标记免费；来源：大罗SEO/Directory；类型：Directory；链接：Unknown；导入日期 2026-08-25；执行前复核当前规则
https://jazzguitar.be/forum		FALSE		聚合源标记免费；来源：大罗SEO/High DA Profile / 大罗SEO/Forums (L4)；类型：Profile link / Forums；链接：Dofollow；聚合源标记可即时通过；导入日期 2026-08-25；执行前复核当前规则
https://jcfonline.com/		FALSE		聚合源标记免费；来源：大罗SEO/High DA Profile / 大罗SEO/Forums (L4)；类型：Profile link / Forums；链接：Nofollow；聚合源标记可即时通过；导入日期 2026-08-25；执行前复核当前规则
https://jeeolists.com/		FALSE		聚合源标记免费；来源：大罗SEO/High DA Profile / 大罗SEO/Classified Ads (L4)；类型：Profile link / Classified Ads；链接：Dofollow；聚合源标记可即时通过；导入日期 2026-08-25；执行前复核当前规则
https://jeparticipe.ville-montlouis-loire.fr/		FALSE		聚合源标记免费；来源：大罗SEO/High DA Profile；类型：Profile link；链接：Dofollow；聚合源标记可即时通过；导入日期 2026-08-25；执行前复核当前规则
https://jetphotos.com/		FALSE		聚合源标记免费；来源：大罗SEO/High DA Profile / 大罗SEO/Forums (L4)；类型：Profile link / Forums；链接：Dofollow；聚合源标记可即时通过；导入日期 2026-08-25；执行前复核当前规则
https://jigsy.com/		FALSE		聚合源标记免费；来源：大罗SEO/Website Builder L4；类型：Website Builder；链接：Dofollow；聚合源标记可即时通过；导入日期 2026-08-25；执行前复核当前规则
https://jimdo.com/		FALSE		聚合源标记免费；来源：大罗SEO/Website Builder L4；类型：Website Builder；链接：Dofollow；聚合源标记可即时通过；导入日期 2026-08-25；执行前复核当前规则
https://jjmehta.com/forum/index.php		FALSE		聚合源标记免费；来源：大罗SEO/High DA Profile / 大罗SEO/Forums (L4)；类型：Profile link / Forums；链接：Dofollow；聚合源标记可即时通过；导入日期 2026-08-25；执行前复核当前规则
https://jobs.asoprs.org/		FALSE		聚合源标记免费；来源：大罗SEO/Job Boards (L4)；类型：Job Boards；链接：Dofollow；聚合源标记可即时通过；导入日期 2026-08-25；执行前复核当前规则
https://jobs.blooloop.com/		FALSE		聚合源标记免费；来源：大罗SEO/High DA Profile；类型：Profile link；链接：Dofollow；聚合源标记可即时通过；导入日期 2026-08-25；执行前复核当前规则
https://jobs.calgeo.org/		FALSE		聚合源标记免费；来源：大罗SEO/High DA Profile / 大罗SEO/Job Boards (L4)；类型：Profile link / Job Boards；链接：Dofollow；聚合源标记可即时通过；导入日期 2026-08-25；执行前复核当前规则
https://jobs.caribbeanemployment.com/		FALSE		聚合源标记免费；来源：大罗SEO/Job Boards (L4)；类型：Job Boards；链接：Dofollow；聚合源标记可即时通过；导入日期 2026-08-25；执行前复核当前规则
https://jobs.citylimits.org/		FALSE		聚合源标记免费；来源：大罗SEO/High DA Profile / 大罗SEO/Job Boards (L4)；类型：Profile link / Job Boards；链接：Dofollow；聚合源标记可即时通过；导入日期 2026-08-25；执行前复核当前规则
https://jobs.cncf.io/		FALSE		聚合源标记免费；来源：大罗SEO/High DA Profile / 大罗SEO/Job Boards (L4)；类型：Profile link / Job Boards；链接：Dofollow；聚合源标记可即时通过；导入日期 2026-08-25；执行前复核当前规则
https://jobs.culct.coop/		FALSE		聚合源标记免费；来源：大罗SEO/Job Boards (L4)；类型：Job Boards；链接：Dofollow；聚合源标记可即时通过；导入日期 2026-08-25；执行前复核当前规则
https://jobs.fpsa.org/		FALSE		聚合源标记免费；来源：大罗SEO/High DA Profile / 大罗SEO/Job Boards (L4)；类型：Profile link / Job Boards；链接：Nofollow；聚合源标记可即时通过；导入日期 2026-08-25；执行前复核当前规则
https://jobs.girlsintech.org/		FALSE		聚合源标记免费；来源：大罗SEO/High DA Profile / 大罗SEO/Job Boards (L4)；类型：Profile link / Job Boards；链接：Dofollow；聚合源标记可即时通过；导入日期 2026-08-25；执行前复核当前规则
https://jobs.iia.org.uk/		FALSE		聚合源标记免费；来源：大罗SEO/High DA Profile / 大罗SEO/Job Boards (L4)；类型：Profile link / Job Boards；链接：Dofollow；聚合源标记可即时通过；导入日期 2026-08-25；执行前复核当前规则
https://jobs.meinestadt.de/		FALSE		聚合源标记免费；来源：大罗SEO/Job Boards (L4)；类型：Job Boards；链接：Unknown；导入日期 2026-08-25；执行前复核当前规则
https://jobs.michigandental.org/		FALSE		聚合源标记免费；来源：大罗SEO/Job Boards (L4)；类型：Job Boards；链接：Dofollow；聚合源标记可即时通过；导入日期 2026-08-25；执行前复核当前规则
https://jobs.nefeshinternational.org/		FALSE		聚合源标记免费；来源：大罗SEO/High DA Profile / 大罗SEO/Job Boards (L4)；类型：Profile link / Job Boards；链接：Dofollow；聚合源标记可即时通过；导入日期 2026-08-25；执行前复核当前规则
https://jobs.newtimes.co.rw/		FALSE		聚合源标记免费；来源：大罗SEO/High DA Profile / 大罗SEO/Job Boards (L4)；类型：Profile link / Job Boards；链接：Dofollow；聚合源标记可即时通过；导入日期 2026-08-25；执行前复核当前规则
https://jobs.njota.org/		FALSE		聚合源标记免费；来源：大罗SEO/High DA Profile / 大罗SEO/Job Boards (L4)；类型：Profile link / Job Boards；链接：Dofollow；聚合源标记可即时通过；导入日期 2026-08-25；执行前复核当前规则
https://jobs.postandbim.com/		FALSE		聚合源标记免费；来源：大罗SEO/High DA Profile / 大罗SEO/Job Boards (L4)；类型：Profile link / Job Boards；链接：Dofollow；聚合源标记可即时通过；导入日期 2026-08-25；执行前复核当前规则
https://jobs.siliconflorist.com/		FALSE		聚合源标记免费；来源：大罗SEO/Job Boards (L4)；类型：Job Boards；链接：Dofollow；聚合源标记可即时通过；导入日期 2026-08-25；执行前复核当前规则
https://jobs.strategicresumes.com/		FALSE		聚合源标记免费；来源：大罗SEO/High DA Profile / 大罗SEO/Job Boards (L4)；类型：Profile link / Job Boards；链接：Dofollow；聚合源标记可即时通过；导入日期 2026-08-25；执行前复核当前规则
https://jobs.techdirt.com/		FALSE		聚合源标记免费；来源：大罗SEO/High DA Profile / 大罗SEO/Job Boards (L4)；类型：Profile link / Job Boards；链接：Nofollow；聚合源标记可即时通过；导入日期 2026-08-25；执行前复核当前规则
https://jobs.thebridgework.com/		FALSE		聚合源标记免费；来源：大罗SEO/Job Boards (L4)；类型：Job Boards；链接：Dofollow；聚合源标记可即时通过；导入日期 2026-08-25；执行前复核当前规则
https://jobs.thetab.com/		FALSE		聚合源标记免费；来源：大罗SEO/High DA Profile / 大罗SEO/Job Boards (L4)；类型：Profile link / Job Boards；链接：Dofollow；聚合源标记可即时通过；导入日期 2026-08-25；执行前复核当前规则
https://jobs.windomnews.com/		FALSE		聚合源标记免费；来源：大罗SEO/High DA Profile / 大罗SEO/Job Boards (L4)；类型：Profile link / Job Boards；链接：Dofollow；聚合源标记可即时通过；导入日期 2026-08-25；执行前复核当前规则
https://jobsmotive.com/		FALSE		聚合源标记免费；来源：大罗SEO/Bookmarking；类型：Bookmarking；链接：Dofollow；聚合源标记可即时通过；导入日期 2026-08-25；执行前复核当前规则
https://jobsrail.com/		FALSE		聚合源标记免费；来源：大罗SEO/Bookmarking；类型：Bookmarking；链接：Dofollow；聚合源标记可即时通过；导入日期 2026-08-25；执行前复核当前规则
https://jodohkita.info/		FALSE		聚合源标记免费；来源：大罗SEO/Bookmarking；类型：Bookmarking；链接：Nofollow；聚合源标记可即时通过；导入日期 2026-08-25；执行前复核当前规则
https://joemonster.org/		FALSE		聚合源标记免费；来源：大罗SEO/High DA Profile；类型：Profile link；链接：Dofollow；聚合源标记可即时通过；导入日期 2026-08-25；执行前复核当前规则
https://joinly.xyz/		FALSE		聚合源标记免费；来源：GitHub/csv/01-startup-directories.csv+csv/03-new-startup-directories.csv+csv/04-launch-websites.csv+md/01-startup-directories.md+md/03-new-startup-directories.md+md/04-launch-websites.md；类型：submission；导入日期 2026-08-25；执行前复核当前规则
https://joinsecret.com/		FALSE		聚合源标记免费；来源：GitHub/csv/04-launch-websites.csv+md/04-launch-websites.md；类型：homepage；导入日期 2026-08-25；执行前复核当前规则
https://joinsecret.com/saas-partnerships		FALSE		聚合源标记免费；来源：GitHub/csv/04-launch-websites.csv+md/04-launch-websites.md；类型：submission；导入日期 2026-08-25；执行前复核当前规则
https://joomag.com/		FALSE		聚合源标记免费；来源：大罗SEO/High DA Profile；类型：Profile link；链接：Dofollow；聚合源标记可即时通过；导入日期 2026-08-25；执行前复核当前规则
https://journoportfolio.com/		FALSE		聚合源标记免费；来源：大罗SEO/High DA Profile；类型：Profile link；链接：Dofollow；聚合源标记可即时通过；导入日期 2026-08-25；执行前复核当前规则
https://jovoto.com/		FALSE		聚合源标记免费；来源：大罗SEO/High DA Profile；类型：Profile link；链接：Dofollow；聚合源标记可即时通过；导入日期 2026-08-25；执行前复核当前规则
https://joyfreak.com/		FALSE		聚合源标记免费；来源：大罗SEO/High DA Profile / 大罗SEO/Forums (L4)；类型：Profile link / Forums；链接：Nofollow；聚合源标记可即时通过；导入日期 2026-08-25；执行前复核当前规则
https://jozoo.co.uk/		FALSE		聚合源标记免费；来源：大罗SEO/Job Boards (L4)；类型：Job Boards；链接：Unknown；导入日期 2026-08-25；执行前复核当前规则
https://jozoo.de/		FALSE		聚合源标记免费；来源：大罗SEO/Job Boards (L4)；类型：Job Boards；链接：Unknown；导入日期 2026-08-25；执行前复核当前规则
https://justacote.com/		FALSE		聚合源标记免费；来源：大罗SEO/Local (L2)；类型：Local；链接：Unknown；导入日期 2026-08-25；执行前复核当前规则
https://justlanded.com/		FALSE		聚合源标记免费；来源：大罗SEO/Directory / 大罗SEO/Job Boards (L4) / 大罗SEO/Classified Ads (L4)；类型：Directory / Job Boards / Classified Ads；链接：Dofollow；聚合源标记可即时通过；导入日期 2026-08-25；执行前复核当前规则
https://justpaste.it/		FALSE		聚合源标记免费；来源：大罗SEO/High DA Profile；类型：Profile link；链接：Nofollow；聚合源标记可即时通过；导入日期 2026-08-25；执行前复核当前规则
https://justpep.com/		FALSE		聚合源标记免费；来源：大罗SEO/Bookmarking；类型：Bookmarking；链接：Dofollow；聚合源标记可即时通过；导入日期 2026-08-25；执行前复核当前规则
https://ka-blogs.com/		FALSE		聚合源标记免费；来源：大罗SEO/Website Builder L4；类型：Website Builder；链接：Dofollow；聚合源标记可即时通过；导入日期 2026-08-25；执行前复核当前规则
https://kboards.com/		FALSE		聚合源标记免费；来源：大罗SEO/High DA Profile / 大罗SEO/Forums (L4)；类型：Profile link / Forums；链接：Nofollow；聚合源标记可即时通过；导入日期 2026-08-25；执行前复核当前规则
https://kdpcommunity.com/s		FALSE		聚合源标记免费；来源：大罗SEO/High DA Profile；类型：Profile link；链接：Dofollow；聚合源标记可即时通过；导入日期 2026-08-25；执行前复核当前规则
https://keepcalms.com/		FALSE		聚合源标记免费；来源：大罗SEO/High DA Profile；类型：Profile link；链接：Nofollow；聚合源标记可即时通过；导入日期 2026-08-25；执行前复核当前规则
https://kennstdueinen.de/		FALSE		聚合源标记免费；来源：大罗SEO/Local (L2)；类型：Local；链接：Unknown；导入日期 2026-08-25；执行前复核当前规则
https://keymander.iogear.com/		FALSE		聚合源标记免费；来源：大罗SEO/High DA Profile / 大罗SEO/Forums (L4)；类型：Profile link / Forums；链接：Dofollow；聚合源标记可即时通过；导入日期 2026-08-25；执行前复核当前规则
https://keywordspace.com/		FALSE		聚合源标记免费；来源：大罗SEO/Bookmarking；类型：Bookmarking；链接：Dofollow；聚合源标记可即时通过；导入日期 2026-08-25；执行前复核当前规则
https://kickstarter.com/		FALSE		聚合源标记免费；来源：大罗SEO/High DA Profile / 大罗SEO/Crowdfunding (L5)；类型：Profile link / Crowdfunding；链接：Unknown；导入日期 2026-08-25；执行前复核当前规则
https://kiklist.com/		FALSE		聚合源标记免费；来源：大罗SEO/High DA Profile / 大罗SEO/Classified Ads (L4)；类型：Profile link / Classified Ads；链接：Dofollow；聚合源标记可即时通过；导入日期 2026-08-25；执行前复核当前规则
https://killerstartups.com/submit-startup		FALSE		聚合源标记免费；来源：Web.Cafe 海外产品发布渠道；类型：Product Launch；导入日期 2026-08-25；执行前复核当前规则
https://kiripo.com/forum/index.php		FALSE		聚合源标记免费；来源：大罗SEO/High DA Profile / 大罗SEO/Forums (L4)；类型：Profile link / Forums；链接：Dofollow；聚合源标记可即时通过；导入日期 2026-08-25；执行前复核当前规则
https://kissankings.com/		FALSE		聚合源标记免费；来源：大罗SEO/High DA Profile / 大罗SEO/Classified Ads (L4)；类型：Profile link / Classified Ads；链接：Dofollow；聚合源标记可即时通过；导入日期 2026-08-25；执行前复核当前规则
https://kitploit.com/p/submit-tool.html		FALSE		聚合源标记免费；来源：GitHub/csv/09-general-directories.csv+md/09-general-directories.md；类型：submission；导入日期 2026-08-25；执行前复核当前规则
https://klub.tworcowsztuki.pl/index.php		FALSE		聚合源标记免费；来源：大罗SEO/High DA Profile / 大罗SEO/Forums (L4)；类型：Profile link / Forums；链接：Dofollow；聚合源标记可即时通过；导入日期 2026-08-25；执行前复核当前规则
https://knowem.com/		FALSE		聚合源标记免费；来源：大罗SEO/High DA Profile；类型：Profile link；链接：Unknow；导入日期 2026-08-25；执行前复核当前规则
https://knowyourmeme.com/		FALSE		聚合源标记免费；来源：大罗SEO/High DA Profile；类型：Profile link；链接：Nofollow；聚合源标记可即时通过；导入日期 2026-08-25；执行前复核当前规则
https://ko-fi.com/		FALSE		聚合源标记免费；来源：大罗SEO/High DA Profile；类型：Profile link；链接：Nofollow；聚合源标记可即时通过；导入日期 2026-08-25；执行前复核当前规则
https://kochipattanam.com/		FALSE		聚合源标记免费；来源：大罗SEO/Local (L2)；类型：Local；链接：Dofollow；聚合源标记可即时通过；导入日期 2026-08-25；执行前复核当前规则
https://kompass.com/		FALSE		聚合源标记免费；来源：大罗SEO/Local (L2)；类型：Local；链接：Unknown；导入日期 2026-08-25；执行前复核当前规则
https://kooapp.com/		FALSE		聚合源标记免费；来源：大罗SEO/Social DALUOSEO.COM；类型：Dofollow；链接：Y；导入日期 2026-08-25；执行前复核当前规则
https://krachelart.com/		FALSE		聚合源标记免费；来源：大罗SEO/High DA Profile；类型：Profile link；链接：Nofollow；聚合源标记可即时通过；导入日期 2026-08-25；执行前复核当前规则
https://kramerforumz.com/index.php		FALSE		聚合源标记免费；来源：大罗SEO/High DA Profile / 大罗SEO/Forums (L4)；类型：Profile link / Forums；链接：Dofollow；聚合源标记可即时通过；导入日期 2026-08-25；执行前复核当前规则
https://kreavi.com/		FALSE		聚合源标记免费；来源：大罗SEO/High DA Profile；类型：Profile link；链接：Nofollow；聚合源标记可即时通过；导入日期 2026-08-25；执行前复核当前规则
https://krita-artists.org/		FALSE		聚合源标记免费；来源：大罗SEO/High DA Profile / 大罗SEO/Forums (L4)；类型：Profile link / Forums；链接：Nofollow；聚合源标记可即时通过；导入日期 2026-08-25；执行前复核当前规则
https://kucomradesforum.com/		FALSE		聚合源标记免费；来源：大罗SEO/High DA Profile；类型：Profile link；链接：Dofollow；聚合源标记可即时通过；导入日期 2026-08-25；执行前复核当前规则
https://kutt.it/		FALSE		聚合源标记免费；来源：大罗SEO/URL Shortener；类型：URL Shortener；链接：Dofollow；聚合源标记可即时通过；导入日期 2026-08-25；执行前复核当前规则
https://kvraudio.com/forum		FALSE		聚合源标记免费；来源：大罗SEO/High DA Profile / 大罗SEO/Forums (L4)；类型：Profile link / Forums；链接：Dofollow；聚合源标记可即时通过；导入日期 2026-08-25；执行前复核当前规则
https://kylieblog.com/		FALSE		聚合源标记免费；来源：大罗SEO/Website Builder L4；类型：Website Builder；链接：Dofollow；聚合源标记可即时通过；导入日期 2026-08-25；执行前复核当前规则
https://l-camera-forum.com/index.php		FALSE		聚合源标记免费；来源：大罗SEO/High DA Profile / 大罗SEO/Forums (L4)；类型：Profile link / Forums；链接：Nofollow；聚合源标记可即时通过；导入日期 2026-08-25；执行前复核当前规则
https://lacartes.com/		FALSE		聚合源标记免费；来源：大罗SEO/Local (L2)；类型：Local；链接：Unknown；导入日期 2026-08-25；执行前复核当前规则
https://lamborghini-talk.com/		FALSE		聚合源标记免费；来源：大罗SEO/High DA Profile / 大罗SEO/Forums (L4)；类型：Profile link / Forums；链接：Nofollow；聚合源标记可即时通过；导入日期 2026-08-25；执行前复核当前规则
https://land-book.com/		FALSE		聚合源标记免费；来源：大罗SEO/Directory / GitHub/csv/01-startup-directories.csv+csv/03-new-startup-directories.csv+csv/07-ai-creators-directory.csv+md/01-startup-directories.md+md/03-new-startup-directories.md+md/07-ai-creators-directory.md；类型：Directory / homepage；链接：Unknown；导入日期 2026-08-25；执行前复核当前规则
https://land-book.com/guidelines		FALSE		聚合源标记免费；来源：Web.Cafe 海外产品发布渠道；类型：Product Launch；导入日期 2026-08-25；执行前复核当前规则
https://land-book.com/websites/new		FALSE		聚合源标记免费；来源：GitHub/csv/07-ai-creators-directory.csv+md/07-ai-creators-directory.md；类型：submission；导入日期 2026-08-25；执行前复核当前规则
https://landing.mycloudmedia.co.uk/apps-and-websites-submit-ai-or-saas-tool/new-submission.html		FALSE		聚合源标记免费；来源：首轮明确免费提交入口 / GitHub/csv/04-launch-websites.csv+csv/09-general-directories.csv+md/04-launch-websites.md+md/09-general-directories.md；类型：Directory / submission；导入日期 2026-08-25；执行前复核当前规则
https://landingfolio.com/		FALSE		聚合源标记免费；来源：大罗SEO/Directory；类型：Directory；链接：Unknown；导入日期 2026-08-25；执行前复核当前规则
https://landings.dev/		FALSE		聚合源标记免费；来源：GitHub/csv/07-ai-creators-directory.csv+md/07-ai-creators-directory.md；类型：submission；导入日期 2026-08-25；执行前复核当前规则
https://last.fm/		FALSE		聚合源标记免费；来源：大罗SEO/High DA Profile；类型：Profile link；链接：Unknown；导入日期 2026-08-25；执行前复核当前规则
https://launch.chat/		FALSE		聚合源标记免费；来源：Web.Cafe 海外产品发布渠道；类型：Product Launch；导入日期 2026-08-25；执行前复核当前规则
https://launched.io/		FALSE		聚合源标记免费；来源：大罗SEO/Product Launch (L5) / GitHub/csv/01-startup-directories.csv+csv/03-new-startup-directories.csv+csv/04-launch-websites.csv+csv/06-startup-launch-ways.csv+csv/07-ai-creators-directory.csv+csv/09-general-directories.csv+md/01-startup-directories.md+md/03-new-startup-directories.md+md/04-launch-websites.md+md/06-startup-launch-ways.md+md/07-ai-creators-directory.md+md/09-general-directories.md；类型：Produt Launch / homepage；链接：Unknown；导入日期 2026-08-25；执行前复核当前规则
https://launched.io/newsubmission		FALSE		聚合源标记免费；来源：GitHub/csv/06-startup-launch-ways.csv+csv/07-ai-creators-directory.csv+md/06-startup-launch-ways.md+md/07-ai-creators-directory.md；类型：submission；导入日期 2026-08-25；执行前复核当前规则
https://launched.io/SubmitStartup		FALSE		聚合源标记免费；来源：Web.Cafe 海外产品发布渠道 / 首轮明确免费提交入口 / GitHub/csv/04-launch-websites.csv+csv/05-backlinks.csv+csv/09-general-directories.csv+md/04-launch-websites.md+md/05-backlinks.md+md/09-general-directories.md；类型：Product Launch / Directory / submission；导入日期 2026-08-25；执行前复核当前规则
https://launchin.co/unavailable		FALSE		聚合源标记免费；来源：GitHub/csv/04-launch-websites.csv+md/04-launch-websites.md；类型：submission；导入日期 2026-08-25；执行前复核当前规则
https://launchin.co/www.sitelike.org		FALSE		聚合源标记免费；来源：GitHub/csv/04-launch-websites.csv+md/04-launch-websites.md；类型：homepage；导入日期 2026-08-25；执行前复核当前规则
https://launchingnext.com/		FALSE		聚合源标记免费；来源：大罗SEO/Product Launch (L5) / GitHub/csv/03-new-startup-directories.csv+csv/04-launch-websites.csv+csv/06-startup-launch-ways.csv+md/03-new-startup-directories.md+md/04-launch-websites.md+md/06-startup-launch-ways.md；类型：Produt Launch / homepage；链接：Unknown；导入日期 2026-08-25；执行前复核当前规则
https://launchingnext.com/submit		FALSE		聚合源标记免费；来源：Web.Cafe 海外产品发布渠道 / GitHub/csv/04-launch-websites.csv+csv/05-backlinks.csv+csv/06-startup-launch-ways.csv+csv/09-general-directories.csv+md/04-launch-websites.md+md/05-backlinks.md+md/06-startup-launch-ways.md+md/09-general-directories.md；类型：Product Launch / submission；导入日期 2026-08-25；执行前复核当前规则
https://launchlister.com/submit-startup		FALSE		聚合源标记免费；来源：Web.Cafe 海外产品发布渠道；类型：Product Launch；导入日期 2026-08-25；执行前复核当前规则
https://launchora.com/		FALSE		聚合源标记免费；来源：大罗SEO/Article Submission L4；类型：Article Submission；链接：Dofollow；聚合源标记可即时通过；导入日期 2026-08-25；执行前复核当前规则
https://lavorincasa.it/		FALSE		聚合源标记免费；来源：大罗SEO/Directory；类型：Directory；链接：Unknown；导入日期 2026-08-25；执行前复核当前规则
https://lawnsite.com/		FALSE		聚合源标记免费；来源：大罗SEO/High DA Profile / 大罗SEO/Forums (L4)；类型：Profile link / Forums；链接：Nofollow；聚合源标记可即时通过；导入日期 2026-08-25；执行前复核当前规则
https://leapin.com.au/provider-network-directory		FALSE		聚合源标记免费；来源：大罗SEO/Local (L2)；类型：Local；链接：Unknown；导入日期 2026-08-25；执行前复核当前规则
https://leetcode.com/		FALSE		聚合源标记免费；来源：大罗SEO/High DA Profile；类型：Profile link；链接：Dofollow；聚合源标记可即时通过；导入日期 2026-08-25；执行前复核当前规则
https://legnofilia.it/forum.php		FALSE		聚合源标记免费；来源：大罗SEO/Forums (L4)；类型：Forums；链接：Unknown；导入日期 2026-08-25；执行前复核当前规则
https://lemon-directory.com/		FALSE		聚合源标记免费；来源：大罗SEO/Directory；类型：Directory；链接：Unknown；导入日期 2026-08-25；执行前复核当前规则
https://leslieclassified.com/		FALSE		聚合源标记免费；来源：大罗SEO/High DA Profile / 大罗SEO/Classified Ads (L4)；类型：Profile link / Classified Ads；链接：Dofollow；聚合源标记可即时通过；导入日期 2026-08-25；执行前复核当前规则
https://letbookmarking.site/		FALSE		聚合源标记免费；来源：大罗SEO/Bookmarking；类型：Bookmarking；链接：Dofollow；聚合源标记可即时通过；导入日期 2026-08-25；执行前复核当前规则
https://letsdiskuss.com/		FALSE		聚合源标记免费；来源：大罗SEO/High DA Profile；类型：Profile link；链接：Nofollow；聚合源标记可即时通过；导入日期 2026-08-25；执行前复核当前规则
https://letsdobookmark.com/		FALSE		聚合源标记免费；来源：大罗SEO/Bookmarking；类型：Bookmarking；链接：Dofollow；聚合源标记可即时通过；导入日期 2026-08-25；执行前复核当前规则
https://letspostfree.com/		FALSE		聚合源标记免费；来源：大罗SEO/Classified Ads (L4)；类型：Classified Ads；链接：Dofollow；聚合源标记可即时通过；导入日期 2026-08-25；执行前复核当前规则
https://letterboxd.com/		FALSE		聚合源标记免费；来源：大罗SEO/High DA Profile / 大罗SEO/Social DALUOSEO.COM；类型：Profile link / Nofollow；链接：Nofollow / Y；聚合源标记可即时通过；导入日期 2026-08-25；执行前复核当前规则
https://letusbookmark.com/		FALSE		聚合源标记免费；来源：大罗SEO/Bookmarking；类型：Bookmarking；链接：Dofollow；聚合源标记可即时通过；导入日期 2026-08-25；执行前复核当前规则
https://letzdeal.com/		FALSE		聚合源标记免费；来源：大罗SEO/High DA Profile / 大罗SEO/Classified Ads (L4)；类型：Profile link / Classified Ads；链接：Dofollow；聚合源标记可即时通过；导入日期 2026-08-25；执行前复核当前规则
https://library.phygital.plus/		FALSE		聚合源标记免费；来源：GitHub/csv/03-new-startup-directories.csv+csv/04-launch-websites.csv+csv/07-ai-creators-directory.csv+csv/09-general-directories.csv+md/03-new-startup-directories.md+md/04-launch-websites.md+md/07-ai-creators-directory.md+md/09-general-directories.md；类型：homepage；导入日期 2026-08-25；执行前复核当前规则
https://library.phygital.plus/tool-submission		FALSE		聚合源标记免费；来源：首轮明确免费提交入口 / GitHub/csv/04-launch-websites.csv+csv/05-backlinks.csv+csv/07-ai-creators-directory.csv+csv/09-general-directories.csv+md/04-launch-websites.md+md/05-backlinks.md+md/07-ai-creators-directory.md+md/09-general-directories.md；类型：Directory / submission；导入日期 2026-08-25；执行前复核当前规则
https://librarything.com/		FALSE		聚合源标记免费；来源：大罗SEO/High DA Profile；类型：Profile link；链接：Nofollow；聚合源标记可即时通过；导入日期 2026-08-25；执行前复核当前规则
https://light-bike.com/forum/index.php		FALSE		聚合源标记免费；来源：大罗SEO/High DA Profile / 大罗SEO/Forums (L4)；类型：Profile link / Forums；链接：Nofollow；聚合源标记可即时通过；导入日期 2026-08-25；执行前复核当前规则
https://linkarena.com/		FALSE		聚合源标记免费；来源：大罗SEO/Bookmarking；类型：Bookmarking；链接：Dofollow；聚合源标记可即时通过；导入日期 2026-08-25；执行前复核当前规则
https://linkbooklet.com/		FALSE		聚合源标记免费；来源：大罗SEO/Bookmarking；类型：Bookmarking；链接：Nofollow；聚合源标记可即时通过；导入日期 2026-08-25；执行前复核当前规则
https://linkedin.com/		FALSE		聚合源标记免费；来源：大罗SEO/Social DALUOSEO.COM；类型：Unknown；导入日期 2026-08-25；执行前复核当前规则
https://linkgeanie.com/		FALSE		聚合源标记免费；来源：大罗SEO/High DA Profile；类型：Profile link；链接：Dofollow；聚合源标记可即时通过；导入日期 2026-08-25；执行前复核当前规则
https://linklyhq.com/		FALSE		聚合源标记免费；来源：大罗SEO/URL Shortener；类型：URL Shortener；链接：Dofollow；聚合源标记可即时通过；导入日期 2026-08-25；执行前复核当前规则
https://linkorado.com/		FALSE		聚合源标记免费；来源：大罗SEO/Directory；类型：Directory；链接：Dofollow；聚合源标记可即时通过；导入日期 2026-08-25；执行前复核当前规则
https://linksbeat.updatesee.com/		FALSE		聚合源标记免费；来源：大罗SEO/Bookmarking；类型：Bookmarking；链接：Dofollow；聚合源标记可即时通过；导入日期 2026-08-25；执行前复核当前规则
https://linksplit.io/		FALSE		聚合源标记免费；来源：大罗SEO/URL Shortener；类型：URL Shortener；链接：Dofollow；聚合源标记可即时通过；导入日期 2026-08-25；执行前复核当前规则
https://linktr.ee/		FALSE		聚合源标记免费；来源：大罗SEO/High DA Profile；类型：Profile link；链接：Dofollow；聚合源标记可即时通过；导入日期 2026-08-25；执行前复核当前规则
https://linqto.me/		FALSE		聚合源标记免费；来源：大罗SEO/Bookmarking；类型：Bookmarking；链接：Dofollow；聚合源标记可即时通过；导入日期 2026-08-25；执行前复核当前规则
https://list.ly/		FALSE		聚合源标记免费；来源：大罗SEO/High DA Profile；类型：Profile link；链接：Nofollow；聚合源标记可即时通过；导入日期 2026-08-25；执行前复核当前规则
https://listbookmarking.com/		FALSE		聚合源标记免费；来源：大罗SEO/Bookmarking；类型：Bookmarking；链接：Dofollow；聚合源标记可即时通过；导入日期 2026-08-25；执行前复核当前规则
https://listingsof.com/		FALSE		聚合源标记免费；来源：大罗SEO/Directory / 大罗SEO/Local (L2)；类型：Directory / Local；链接：Nofollow / Unknown；聚合源标记可即时通过；导入日期 2026-08-25；执行前复核当前规则
https://listography.com/		FALSE		聚合源标记免费；来源：大罗SEO/High DA Profile；类型：Profile link；链接：Dofollow；聚合源标记可即时通过；导入日期 2026-08-25；执行前复核当前规则
https://liveapps.ai/		FALSE		聚合源标记免费；来源：GitHub/csv/03-new-startup-directories.csv+csv/04-launch-websites.csv+csv/09-general-directories.csv+md/03-new-startup-directories.md+md/04-launch-websites.md+md/09-general-directories.md；类型：homepage；导入日期 2026-08-25；执行前复核当前规则
https://liveapps.ai/become-a-partner		FALSE		聚合源标记免费；来源：首轮明确免费提交入口 / GitHub/csv/04-launch-websites.csv+csv/09-general-directories.csv+md/04-launch-websites.md+md/09-general-directories.md；类型：Directory / submission；导入日期 2026-08-25；执行前复核当前规则
https://livebloggs.com/		FALSE		聚合源标记免费；来源：大罗SEO/Website Builder L4；类型：Website Builder；链接：Dofollow；聚合源标记可即时通过；导入日期 2026-08-25；执行前复核当前规则
https://liveinternet.ru/		FALSE		聚合源标记免费；来源：大罗SEO/High DA Profile；类型：Profile link；链接：Dofollow；聚合源标记可即时通过；导入日期 2026-08-25；执行前复核当前规则
https://livejournal.com/		FALSE		聚合源标记免费；来源：大罗SEO/High DA Profile；类型：Profile link；链接：Nofollow；聚合源标记可即时通过；导入日期 2026-08-25；执行前复核当前规则
https://livewebmarks.com/		FALSE		聚合源标记免费；来源：大罗SEO/Bookmarking；类型：Bookmarking；链接：Dofollow；聚合源标记可即时通过；导入日期 2026-08-25；执行前复核当前规则
https://lnnkin.com/		FALSE		聚合源标记免费；来源：大罗SEO/URL Shortener；类型：URL Shortener；链接：Dofollow；聚合源标记可即时通过；导入日期 2026-08-25；执行前复核当前规则
https://lobste.rs/		FALSE		聚合源标记免费；来源：Web.Cafe 海外产品发布渠道；类型：Product Launch；导入日期 2026-08-25；执行前复核当前规则
https://local.botw.org/		FALSE		聚合源标记免费；来源：大罗SEO/Local (L2)；类型：Local；链接：Unknown；导入日期 2026-08-25；执行前复核当前规则
https://local.ch/		FALSE		聚合源标记免费；来源：大罗SEO/Local (L2)；类型：Local；链接：Unknown；导入日期 2026-08-25；执行前复核当前规则
https://local.com/		FALSE		聚合源标记免费；来源：大罗SEO/Local (L2)；类型：Local；链接：Unknown；导入日期 2026-08-25；执行前复核当前规则
https://localendar.com/		FALSE		聚合源标记免费；来源：大罗SEO/High DA Profile；类型：Profile link；链接：Dofollow；聚合源标记可即时通过；导入日期 2026-08-25；执行前复核当前规则
https://localmote.com/		FALSE		聚合源标记免费；来源：大罗SEO/Directory；类型：Directory；链接：Unknown；导入日期 2026-08-25；执行前复核当前规则
https://localsearch.com.au/		FALSE		聚合源标记免费；来源：大罗SEO/Review Sites / 大罗SEO/Local (L2)；类型：Review Sites / Local；链接：Unknown；导入日期 2026-08-25；执行前复核当前规则
https://localsites.ca/		FALSE		聚合源标记免费；来源：大罗SEO/Local (L2)；类型：Local；链接：Unknown；导入日期 2026-08-25；执行前复核当前规则
https://localspots.pl/		FALSE		聚合源标记免费；来源：大罗SEO/Local (L2)；类型：Local；链接：Unknown；导入日期 2026-08-25；执行前复核当前规则
https://logopond.com/		FALSE		聚合源标记免费；来源：大罗SEO/High DA Profile；类型：Profile link；链接：Nofollow；聚合源标记可即时通过；导入日期 2026-08-25；执行前复核当前规则
https://lomography.com/		FALSE		聚合源标记免费；来源：大罗SEO/High DA Profile；类型：Profile link；链接：Dofollow；聚合源标记可即时通过；导入日期 2026-08-25；执行前复核当前规则
https://london8.net/		FALSE		聚合源标记免费；来源：大罗SEO/Bookmarking；类型：Bookmarking；链接：Nofollow；聚合源标记可即时通过；导入日期 2026-08-25；执行前复核当前规则
https://look4blog.com/		FALSE		聚合源标记免费；来源：大罗SEO/Website Builder L4；类型：Website Builder；链接：Dofollow；聚合源标记可即时通过；导入日期 2026-08-25；执行前复核当前规则
https://lookaitools.com/		FALSE		聚合源标记免费；来源：Notion 100+ DIR/FREE / GitHub/csv/04-launch-websites.csv+csv/09-general-directories.csv+md/04-launch-websites.md+md/09-general-directories.md；类型：Product Launch / homepage；导入日期 2026-08-25；执行前复核当前规则
https://lookaitools.com/submission-service		FALSE		聚合源标记免费；来源：Notion 100+ DIR/FREE / 首轮明确免费提交入口 / GitHub/csv/09-general-directories.csv+md/09-general-directories.md；类型：Product Launch / Directory / submission；导入日期 2026-08-25；执行前复核当前规则
https://lookaitools.com/submit-listing/details		FALSE		聚合源标记免费；来源：GitHub/csv/04-launch-websites.csv+md/04-launch-websites.md；类型：submission；导入日期 2026-08-25；执行前复核当前规则
https://lookbook.nu/		FALSE		聚合源标记免费；来源：大罗SEO/High DA Profile；类型：Profile link；链接：Nofollow；聚合源标记可即时通过；导入日期 2026-08-25；执行前复核当前规则
https://loop.frontiersin.org/		FALSE		聚合源标记免费；来源：大罗SEO/High DA Profile；类型：Profile link；链接：Dofollow；聚合源标记可即时通过；导入日期 2026-08-25；执行前复核当前规则
https://lorem.club/		FALSE		聚合源标记免费；来源：大罗SEO/High DA Profile；类型：Profile link；链接：Dofollow；聚合源标记可即时通过；导入日期 2026-08-25；执行前复核当前规则
https://lowcygier.pl/forum		FALSE		聚合源标记免费；来源：大罗SEO/High DA Profile / 大罗SEO/Forums (L4)；类型：Profile link / Forums；链接：Nofollow；聚合源标记可即时通过；导入日期 2026-08-25；执行前复核当前规则
https://lucidhutt.updatesee.com/		FALSE		聚合源标记免费；来源：大罗SEO/Bookmarking；类型：Bookmarking；链接：Dofollow；聚合源标记可即时通过；导入日期 2026-08-25；执行前复核当前规则
https://luwebs.com/		FALSE		聚合源标记免费；来源：大罗SEO/Website Builder L4；类型：Website Builder；链接：Dofollow；聚合源标记可即时通过；导入日期 2026-08-25；执行前复核当前规则
https://lymelightwebs.net/		FALSE		聚合源标记免费；来源：大罗SEO/Bookmarking；类型：Bookmarking；链接：Nofollow；聚合源标记可即时通过；导入日期 2026-08-25；执行前复核当前规则
https://mable.com.au/		FALSE		聚合源标记免费；来源：大罗SEO/Local (L2)；类型：Local；链接：Unknown；导入日期 2026-08-25；执行前复核当前规则
https://mac-forums.com/		FALSE		聚合源标记免费；来源：大罗SEO/High DA Profile / 大罗SEO/Forums (L4)；类型：Profile link / Forums；链接：Nofollow；聚合源标记可即时通过；导入日期 2026-08-25；执行前复核当前规则
https://mafemediaworks.com/		FALSE		聚合源标记免费；来源：大罗SEO/High DA Profile；类型：Profile link；链接：Nofollow；聚合源标记可即时通过；导入日期 2026-08-25；执行前复核当前规则
https://magcloud.com/		FALSE		聚合源标记免费；来源：大罗SEO/High DA Profile；类型：Profile link；链接：Dofollow；聚合源标记可即时通过；导入日期 2026-08-25；执行前复核当前规则
https://magnitt.com/		FALSE		聚合源标记免费；来源：大罗SEO/Directory；类型：Directory；链接：Dofollow；聚合源标记可即时通过；导入日期 2026-08-25；执行前复核当前规则
https://mahara.phil.hhu.de/		FALSE		聚合源标记免费；来源：大罗SEO/High DA Profile；类型：Profile link；链接：Dofollow；聚合源标记可即时通过；导入日期 2026-08-25；执行前复核当前规则
https://mailchi.mp/caea48b0c7ac/saasworthy-product-listing		FALSE		聚合源标记免费；来源：GitHub/csv/04-launch-websites.csv+csv/06-startup-launch-ways.csv+csv/07-ai-creators-directory.csv+md/04-launch-websites.md+md/06-startup-launch-ways.md+md/07-ai-creators-directory.md；类型：submission；导入日期 2026-08-25；执行前复核当前规则
https://makeagif.com/		FALSE		聚合源标记免费；来源：大罗SEO/High DA Profile；类型：Profile link；链接：Nofollow；聚合源标记可即时通过；导入日期 2026-08-25；执行前复核当前规则
https://makeprojects.com/		FALSE		聚合源标记免费；来源：大罗SEO/High DA Profile；类型：Profile link；链接：Dofollow；聚合源标记可即时通过；导入日期 2026-08-25；执行前复核当前规则
https://maker.rocks/		FALSE		聚合源标记免费；来源：大罗SEO/High DA Profile；类型：Profile link；链接：Dofollow；聚合源标记可即时通过；导入日期 2026-08-25；执行前复核当前规则
https://makeuseof.com/about		FALSE		聚合源标记免费；来源：Web.Cafe 海外产品发布渠道；类型：Product Launch；导入日期 2026-08-25；执行前复核当前规则
https://manta.com/		FALSE		聚合源标记免费；来源：大罗SEO/Local (L2)；类型：Local；链接：Unknown；导入日期 2026-08-25；执行前复核当前规则
https://mapleprimes.com/		FALSE		聚合源标记免费；来源：大罗SEO/High DA Profile / 大罗SEO/Forums (L4)；类型：Profile link / Forums；链接：Dofollow；聚合源标记可即时通过；导入日期 2026-08-25；执行前复核当前规则
https://mappery.com/		FALSE		聚合源标记免费；来源：大罗SEO/High DA Profile；类型：Profile link；链接：Dofollow；聚合源标记可即时通过；导入日期 2026-08-25；执行前复核当前规则
https://mapsconnect.apple.com/		FALSE		聚合源标记免费；来源：大罗SEO/Local (L2)；类型：Local；链接：Unknown；导入日期 2026-08-25；执行前复核当前规则
https://marketinginternetdirectory.com/submit.php		FALSE		聚合源标记免费；来源：首轮明确免费提交入口 / GitHub/csv/09-general-directories.csv+md/09-general-directories.md；类型：Directory / submission；导入日期 2026-08-25；执行前复核当前规则
https://marketplace.visualstudio.com/		FALSE		聚合源标记免费；来源：大罗SEO/High DA Profile；类型：Profile link；链接：Nofollow；聚合源标记可即时通过；导入日期 2026-08-25；执行前复核当前规则
https://marketplace.whmcs.com/		FALSE		聚合源标记免费；来源：大罗SEO/High DA Profile；类型：Profile link；链接：Dofollow；聚合源标记可即时通过；导入日期 2026-08-25；执行前复核当前规则
https://marktplatz-mittelstand.de/		FALSE		聚合源标记免费；来源：大罗SEO/Local (L2)；类型：Local；链接：Unknown；导入日期 2026-08-25；执行前复核当前规则
https://marsx.dev/ai-startups		FALSE		聚合源标记免费；来源：GitHub/csv/04-launch-websites.csv+csv/05-backlinks.csv+csv/07-ai-creators-directory.csv+csv/09-general-directories.csv+md/04-launch-websites.md+md/05-backlinks.md+md/07-ai-creators-directory.md+md/09-general-directories.md；类型：submission；导入日期 2026-08-25；执行前复核当前规则
https://martialtalk.com/		FALSE		聚合源标记免费；来源：大罗SEO/High DA Profile / 大罗SEO/Forums (L4)；类型：Profile link / Forums；链接：Nofollow；聚合源标记可即时通过；导入日期 2026-08-25；执行前复核当前规则
https://master-land.net/		FALSE		聚合源标记免费；来源：大罗SEO/High DA Profile / 大罗SEO/Forums (L4)；类型：Profile link / Forums；链接：Nofollow；聚合源标记可即时通过；导入日期 2026-08-25；执行前复核当前规则
https://mastermoz.com/		FALSE		聚合源标记免费；来源：大罗SEO/Directory；类型：Directory；链接：Unknown；导入日期 2026-08-25；执行前复核当前规则
https://matchstickpro.com/		FALSE		聚合源标记免费；来源：大罗SEO/High DA Profile；类型：Profile link；链接：Nofollow；聚合源标记可即时通过；导入日期 2026-08-25；执行前复核当前规则
https://math10.com/forum		FALSE		聚合源标记免费；来源：大罗SEO/High DA Profile / 大罗SEO/Forums (L4)；类型：Profile link / Forums；链接：Nofollow；聚合源标记可即时通过；导入日期 2026-08-25；执行前复核当前规则
https://mathforums.com/		FALSE		聚合源标记免费；来源：大罗SEO/High DA Profile / 大罗SEO/Forums (L4)；类型：Profile link / Forums；链接：Nofollow；聚合源标记可即时通过；导入日期 2026-08-25；执行前复核当前规则
https://mathhelpforum.com/		FALSE		聚合源标记免费；来源：大罗SEO/High DA Profile；类型：Profile link；链接：Dofollow；聚合源标记可即时通过；导入日期 2026-08-25；执行前复核当前规则
https://mathisfunforum.com/index.php		FALSE		聚合源标记免费；来源：大罗SEO/High DA Profile / 大罗SEO/Forums (L4)；类型：Profile link / Forums；链接：Dofollow；聚合源标记可即时通过；导入日期 2026-08-25；执行前复核当前规则
https://mathoverflow.net/		FALSE		聚合源标记免费；来源：大罗SEO/High DA Profile / 大罗SEO/Forums (L4)；类型：Profile link / Forums；链接：Nofollow；聚合源标记可即时通过；导入日期 2026-08-25；执行前复核当前规则
https://mathworks.com/		FALSE		聚合源标记免费；来源：大罗SEO/High DA Profile；类型：Profile link；链接：Nofollow；聚合源标记可即时通过；导入日期 2026-08-25；执行前复核当前规则
https://max3d.pl/		FALSE		聚合源标记免费；来源：大罗SEO/High DA Profile / 大罗SEO/Forums (L4)；类型：Profile link / Forums；链接：Dofollow；聚合源标记可即时通过；导入日期 2026-08-25；执行前复核当前规则
https://maxfinding.com/		FALSE		聚合源标记免费；来源：大罗SEO/High DA Profile / 大罗SEO/Job Boards (L4)；类型：Profile link / Job Boards；链接：Dofollow；聚合源标记可即时通过；导入日期 2026-08-25；执行前复核当前规则
https://maxforlive.com/		FALSE		聚合源标记免费；来源：大罗SEO/High DA Profile / 大罗SEO/Communities (L4)；类型：Profile link / Communities；链接：Dofollow；聚合源标记可即时通过；导入日期 2026-08-25；执行前复核当前规则
https://maxuplife.com/		FALSE		聚合源标记免费；来源：大罗SEO/High DA Profile；类型：Profile link；链接：Nofollow；聚合源标记可即时通过；导入日期 2026-08-25；执行前复核当前规则
https://mbacklink.updatesee.com/		FALSE		聚合源标记免费；来源：大罗SEO/Bookmarking；类型：Bookmarking；链接：Dofollow；聚合源标记可即时通过；导入日期 2026-08-25；执行前复核当前规则
https://mbookmarking.com/		FALSE		聚合源标记免费；来源：大罗SEO/Bookmarking；类型：Bookmarking；链接：Dofollow；聚合源标记可即时通过；导入日期 2026-08-25；执行前复核当前规则
https://mcdonaldauto.ning.com/		FALSE		聚合源标记免费；来源：大罗SEO/High DA Profile；类型：Profile link；链接：Dofollow；聚合源标记可即时通过；导入日期 2026-08-25；执行前复核当前规则
https://mdkblog.com/		FALSE		聚合源标记免费；来源：大罗SEO/Website Builder L4；类型：Website Builder；链接：Dofollow；聚合源标记可即时通过；导入日期 2026-08-25；执行前复核当前规则
https://meadd.com/		FALSE		聚合源标记免费；来源：大罗SEO/Bookmarking；类型：Bookmarking；链接：Nofollow；聚合源标记可即时通过；导入日期 2026-08-25；执行前复核当前规则
https://media.discovery-japan.me/		FALSE		聚合源标记免费；来源：大罗SEO/High DA Profile；类型：Profile link；链接：Dofollow；聚合源标记可即时通过；导入日期 2026-08-25；执行前复核当前规则
https://mediajx.com/		FALSE		聚合源标记免费；来源：大罗SEO/High DA Profile；类型：Profile link；链接：Dofollow；聚合源标记可即时通过；导入日期 2026-08-25；执行前复核当前规则
https://mediapost.com/		FALSE		聚合源标记免费；来源：大罗SEO/High DA Profile；类型：Profile link；链接：Dofollow；聚合源标记可即时通过；导入日期 2026-08-25；执行前复核当前规则
https://medium.com/		FALSE		聚合源标记免费；来源：大罗SEO/High DA Profile；类型：Profile link；链接：Nofollow；聚合源标记可即时通过；导入日期 2026-08-25；执行前复核当前规则
https://meetup.com/		FALSE		聚合源标记免费；来源：大罗SEO/High DA Profile / 大罗SEO/Communities (L4)；类型：Profile link / Communities；链接：Unknown；导入日期 2026-08-25；执行前复核当前规则
https://mehfeel.net/		FALSE		聚合源标记免费；来源：大罗SEO/High DA Profile；类型：Profile link；链接：Nofollow；聚合源标记可即时通过；导入日期 2026-08-25；执行前复核当前规则
https://mei.ngo/		FALSE		聚合源标记免费；来源：大罗SEO/High DA Profile；类型：Profile link；链接：Dofollow；聚合源标记可即时通过；导入日期 2026-08-25；执行前复核当前规则
https://meinestadt.de/		FALSE		聚合源标记免费；来源：大罗SEO/Local (L2)；类型：Local；链接：Unknown；导入日期 2026-08-25；执行前复核当前规则
https://meliuz.com.br/		FALSE		聚合源标记免费；来源：大罗SEO/Coupon (L3) DALUOSEO.COM；类型：Coupon；链接：Unknown；导入日期 2026-08-25；执行前复核当前规则
https://members.cnu.org/		FALSE		聚合源标记免费；来源：大罗SEO/High DA Profile；类型：Profile link；链接：Dofollow；聚合源标记可即时通过；导入日期 2026-08-25；执行前复核当前规则
https://memecenter.com/		FALSE		聚合源标记免费；来源：大罗SEO/High DA Profile；类型：Profile link；链接：Nofollow；聚合源标记可即时通过；导入日期 2026-08-25；执行前复核当前规则
https://meneame.net/		FALSE		聚合源标记免费；来源：大罗SEO/Communities (L4)；类型：Communities；链接：Unknown；导入日期 2026-08-25；执行前复核当前规则
https://meoai.net/		FALSE		聚合源标记免费；来源：GitHub/csv/02-ai-tools-directory.csv+md/02-ai-tools-directory.md；类型：homepage；导入日期 2026-08-25；执行前复核当前规则
https://merchantcircle.com/		FALSE		聚合源标记免费；来源：大罗SEO/Local (L2)；类型：Local；链接：Unknown；导入日期 2026-08-25；执行前复核当前规则
https://metafilter.com/		FALSE		聚合源标记免费；来源：大罗SEO/Communities (L4)；类型：Communities；链接：Unknown；导入日期 2026-08-25；执行前复核当前规则
https://metal-archives.com/		FALSE		聚合源标记免费；来源：大罗SEO/High DA Profile；类型：Profile link；链接：Dofollow；聚合源标记可即时通过；导入日期 2026-08-25；执行前复核当前规则
https://metalstorm.net/		FALSE		聚合源标记免费；来源：大罗SEO/High DA Profile；类型：Profile link；链接：Nofollow；聚合源标记可即时通过；导入日期 2026-08-25；执行前复核当前规则
https://miarroba.com/		FALSE		聚合源标记免费；来源：大罗SEO/High DA Profile；类型：Profile link；链接：Dofollow；聚合源标记可即时通过；导入日期 2026-08-25；执行前复核当前规则
https://miastogier.pl/		FALSE		聚合源标记免费；来源：大罗SEO/High DA Profile / 大罗SEO/Forums (L4)；类型：Profile link / Forums；链接：Nofollow；聚合源标记可即时通过；导入日期 2026-08-25；执行前复核当前规则
https://microlaunch.net/		FALSE		聚合源标记免费；来源：GitHub/csv/03-new-startup-directories.csv+csv/04-launch-websites.csv+csv/05-backlinks.csv+csv/09-general-directories.csv+md/03-new-startup-directories.md+md/04-launch-websites.md+md/05-backlinks.md+md/09-general-directories.md；类型：homepage；导入日期 2026-08-25；执行前复核当前规则
https://microstartups.co/		FALSE		聚合源标记免费；来源：Notion 100+ DIR/FREE / GitHub/csv/01-startup-directories.csv+csv/09-general-directories.csv+md/01-startup-directories.md+md/09-general-directories.md；类型：Product Launch / homepage；导入日期 2026-08-25；执行前复核当前规则
https://microstartups.co/list-your-startup		FALSE		聚合源标记免费；来源：Notion 100+ DIR/FREE / 首轮明确免费提交入口 / GitHub/csv/09-general-directories.csv+md/09-general-directories.md；类型：Product Launch / Directory / submission；导入日期 2026-08-25；执行前复核当前规则
https://mifare.net/		FALSE		聚合源标记免费；来源：大罗SEO/High DA Profile；类型：Profile link；链接：Dofollow；聚合源标记可即时通过；导入日期 2026-08-25；执行前复核当前规则
https://mightydeals.com/		FALSE		聚合源标记免费；来源：大罗SEO/Deals (L3)；类型：Deals；链接：Unknown；导入日期 2026-08-25；执行前复核当前规则
https://militarytimes.com/		FALSE		聚合源标记免费；来源：大罗SEO/High DA Profile / 大罗SEO/Job Boards (L4)；类型：Profile link / Job Boards；链接：Dofollow；聚合源标记可即时通过；导入日期 2026-08-25；执行前复核当前规则
https://milkyway.cs.rpi.edu/		FALSE		聚合源标记免费；来源：大罗SEO/High DA Profile；类型：Profile link；链接：Dofollow；聚合源标记可即时通过；导入日期 2026-08-25；执行前复核当前规则
https://millionairex3.ning.com/		FALSE		聚合源标记免费；来源：大罗SEO/High DA Profile；类型：Profile link；链接：Dofollow；聚合源标记可即时通过；导入日期 2026-08-25；执行前复核当前规则
https://minds.com/		FALSE		聚合源标记免费；来源：大罗SEO/High DA Profile / 大罗SEO/Social DALUOSEO.COM；类型：Profile link / Dofollow；链接：Dofollow / Y；聚合源标记可即时通过；导入日期 2026-08-25；执行前复核当前规则
https://minecraftforum.net/		FALSE		聚合源标记免费；来源：大罗SEO/High DA Profile / 大罗SEO/Forums (L4)；类型：Profile link / Forums；链接：Nofollow；聚合源标记可即时通过；导入日期 2026-08-25；执行前复核当前规则
https://mioola.com/		FALSE		聚合源标记免费；来源：大罗SEO/High DA Profile；类型：Profile link；链接：Nofollow；聚合源标记可即时通过；导入日期 2026-08-25；执行前复核当前规则
https://misterwhat-au.com/		FALSE		聚合源标记免费；来源：大罗SEO/Local (L2)；类型：Local；链接：Unknown；导入日期 2026-08-25；执行前复核当前规则
https://misterwhat.co.uk/		FALSE		聚合源标记免费；来源：大罗SEO/Local (L2)；类型：Local；链接：Unknown；导入日期 2026-08-25；执行前复核当前规则
https://misterwhat.com/		FALSE		聚合源标记免费；来源：大罗SEO/Local (L2)；类型：Local；链接：Unknown；导入日期 2026-08-25；执行前复核当前规则
https://misterwhat.com.ar/		FALSE		聚合源标记免费；来源：大罗SEO/Local (L2)；类型：Local；链接：Unknown；导入日期 2026-08-25；执行前复核当前规则
https://misterwhat.com.br/		FALSE		聚合源标记免费；来源：大罗SEO/Local (L2)；类型：Local；链接：Unknown；导入日期 2026-08-25；执行前复核当前规则
https://misterwhat.de/		FALSE		聚合源标记免费；来源：大罗SEO/Local (L2)；类型：Local；链接：Unknown；导入日期 2026-08-25；执行前复核当前规则
https://misterwhat.dk/		FALSE		聚合源标记免费；来源：大罗SEO/Local (L2)；类型：Local；链接：Unknown；导入日期 2026-08-25；执行前复核当前规则
https://misterwhat.fr/		FALSE		聚合源标记免费；来源：大罗SEO/Local (L2)；类型：Local；链接：Unknown；导入日期 2026-08-25；执行前复核当前规则
https://misterwhat.nl/		FALSE		聚合源标记免费；来源：大罗SEO/Local (L2)；类型：Local；链接：Unknown；导入日期 2026-08-25；执行前复核当前规则
https://misterwhat.pl/		FALSE		聚合源标记免费；来源：大罗SEO/Local (L2)；类型：Local；链接：Nofollow；聚合源标记可即时通过；导入日期 2026-08-25；执行前复核当前规则
https://misterwhat.pt/		FALSE		聚合源标记免费；来源：大罗SEO/Local (L2)；类型：Local；链接：Unknown；导入日期 2026-08-25；执行前复核当前规则
https://mityurl.com/		FALSE		聚合源标记免费；来源：大罗SEO/URL Shortener；类型：URL Shortener；链接：Dofollow；聚合源标记可即时通过；导入日期 2026-08-25；执行前复核当前规则
https://mix.com/		FALSE		聚合源标记免费；来源：大罗SEO/High DA Profile；类型：Profile link；链接：Dofollow；聚合源标记可即时通过；导入日期 2026-08-25；执行前复核当前规则
https://mixcloud.com/		FALSE		聚合源标记免费；来源：大罗SEO/High DA Profile / 大罗SEO/Social DALUOSEO.COM；类型：Profile link / Nofollow；链接：Nofollow / Y；聚合源标记可即时通过；导入日期 2026-08-25；执行前复核当前规则
https://mixwebup.com/		FALSE		聚合源标记免费；来源：大罗SEO/High DA Profile；类型：Profile link；链接：Nofollow；聚合源标记可即时通过；导入日期 2026-08-25；执行前复核当前规则
https://mmorpg.org.pl/		FALSE		聚合源标记免费；来源：大罗SEO/High DA Profile；类型：Profile link；链接：Nofollow；聚合源标记可即时通过；导入日期 2026-08-25；执行前复核当前规则
https://mobissue.com/		FALSE		聚合源标记免费；来源：大罗SEO/High DA Profile / 大罗SEO/File Upload (L4)；类型：Profile link / File Upload；链接：Nofollow；聚合源标记可即时通过；导入日期 2026-08-25；执行前复核当前规则
https://moblog.net/		FALSE		聚合源标记免费；来源：大罗SEO/High DA Profile；类型：Profile link；链接：Dofollow；聚合源标记可即时通过；导入日期 2026-08-25；执行前复核当前规则
https://mobypicture.com/		FALSE		聚合源标记免费；来源：大罗SEO/High DA Profile；类型：Profile link；链接：Nofollow；聚合源标记可即时通过；导入日期 2026-08-25；执行前复核当前规则
https://modelcarsmag.com/forums		FALSE		聚合源标记免费；来源：大罗SEO/High DA Profile / 大罗SEO/Forums (L4)；类型：Profile link / Forums；链接：Dofollow；聚合源标记可即时通过；导入日期 2026-08-25；执行前复核当前规则
https://modelmayhem.com/forums		FALSE		聚合源标记免费；来源：大罗SEO/High DA Profile / 大罗SEO/Forums (L4)；类型：Profile link / Forums；链接：Nofollow；聚合源标记可即时通过；导入日期 2026-08-25；执行前复核当前规则
https://modwiggler.com/forum		FALSE		聚合源标记免费；来源：大罗SEO/High DA Profile / 大罗SEO/Forums (L4)；类型：Profile link / Forums；链接：Dofollow；聚合源标记可即时通过；导入日期 2026-08-25；执行前复核当前规则
https://money-central.net/		FALSE		聚合源标记免费；来源：大罗SEO/Bookmarking；类型：Bookmarking；链接：Nofollow；聚合源标记可即时通过；导入日期 2026-08-25；执行前复核当前规则
https://moneymakerdiscussion.com/		FALSE		聚合源标记免费；来源：大罗SEO/High DA Profile / 大罗SEO/Forums (L4)；类型：Profile link / Forums；链接：Nofollow；聚合源标记可即时通过；导入日期 2026-08-25；执行前复核当前规则
https://monster.com/		FALSE		聚合源标记免费；来源：大罗SEO/Job Boards (L4)；类型：Job Boards；链接：Unknown；导入日期 2026-08-25；执行前复核当前规则
https://moonfruit.com/		FALSE		聚合源标记免费；来源：大罗SEO/Website Builder L4；类型：Website Builder；链接：Dofollow；聚合源标记可即时通过；导入日期 2026-08-25；执行前复核当前规则
https://mootin.com/		FALSE		聚合源标记免费；来源：大罗SEO/Bookmarking；类型：Bookmarking；链接：Dofollow；聚合源标记可即时通过；导入日期 2026-08-25；执行前复核当前规则
https://moovlink.com/		FALSE		聚合源标记免费；来源：大罗SEO/Bookmarking；类型：Bookmarking；链接：Dofollow；聚合源标记可即时通过；导入日期 2026-08-25；执行前复核当前规则
https://morguefile.com/		FALSE		聚合源标记免费；来源：大罗SEO/High DA Profile；类型：Profile link；链接：Dofollow；聚合源标记可即时通过；导入日期 2026-08-25；执行前复核当前规则
https://mouthshut.com/		FALSE		聚合源标记免费；来源：大罗SEO/High DA Profile / 大罗SEO/Review Sites；类型：Profile link / Review Sites；链接：Nofollow；聚合源标记可即时通过；导入日期 2026-08-25；执行前复核当前规则
https://moviestorm.co.uk/forums		FALSE		聚合源标记免费；来源：大罗SEO/High DA Profile / 大罗SEO/Forums (L4)；类型：Profile link / Forums；链接：Dofollow；聚合源标记可即时通过；导入日期 2026-08-25；执行前复核当前规则
https://mowertuneupcentennial.com/		FALSE		聚合源标记免费；来源：大罗SEO/High DA Profile / 大罗SEO/Classified Ads (L4)；类型：Profile link / Classified Ads；链接：Nofollow；聚合源标记可即时通过；导入日期 2026-08-25；执行前复核当前规则
https://moz.com/		FALSE		聚合源标记免费；来源：大罗SEO/High DA Profile；类型：Profile link；链接：Unknown；导入日期 2026-08-25；执行前复核当前规则
https://mozylinks.updatesee.com/		FALSE		聚合源标记免费；来源：大罗SEO/Bookmarking；类型：Bookmarking；链接：Dofollow；聚合源标记可即时通过；导入日期 2026-08-25；执行前复核当前规则
https://mpeblog.com/		FALSE		聚合源标记免费；来源：大罗SEO/Website Builder L4；类型：Website Builder；链接：Dofollow；聚合源标记可即时通过；导入日期 2026-08-25；执行前复核当前规则
https://mrleffsclass.com/forum/member.php		FALSE		聚合源标记免费；来源：大罗SEO/High DA Profile；类型：Profile link；链接：Dofollow；聚合源标记可即时通过；导入日期 2026-08-25；执行前复核当前规则
https://mru.org/		FALSE		聚合源标记免费；来源：大罗SEO/High DA Profile；类型：Profile link；链接：Dofollow；聚合源标记可即时通过；导入日期 2026-08-25；执行前复核当前规则
https://mtbr.com/		FALSE		聚合源标记免费；来源：大罗SEO/High DA Profile / 大罗SEO/Forums (L4)；类型：Profile link / Forums；链接：Nofollow；聚合源标记可即时通过；导入日期 2026-08-25；执行前复核当前规则
https://musicbanter.com/		FALSE		聚合源标记免费；来源：大罗SEO/High DA Profile / 大罗SEO/Forums (L4)；类型：Profile link / Forums；链接：Dofollow；聚合源标记可即时通过；导入日期 2026-08-25；执行前复核当前规则
https://musicbrainz.org/		FALSE		聚合源标记免费；来源：大罗SEO/High DA Profile；类型：Profile link；链接：Nofollow；聚合源标记可即时通过；导入日期 2026-08-25；执行前复核当前规则
https://musiker-board.de/forum		FALSE		聚合源标记免费；来源：大罗SEO/High DA Profile / 大罗SEO/Forums (L4)；类型：Profile link / Forums；链接：Nofollow；聚合源标记可即时通过；导入日期 2026-08-25；执行前复核当前规则
https://muzaffarnagarbn.com/		FALSE		聚合源标记免费；来源：大罗SEO/High DA Profile / 大罗SEO/Classified Ads (L4)；类型：Profile link / Classified Ads；链接：Dofollow；聚合源标记可即时通过；导入日期 2026-08-25；执行前复核当前规则
https://mx3.ch/		FALSE		聚合源标记免费；来源：大罗SEO/High DA Profile；类型：Profile link；链接：Dofollow；聚合源标记可即时通过；导入日期 2026-08-25；执行前复核当前规则
https://my.archdaily.com/		FALSE		聚合源标记免费；来源：大罗SEO/High DA Profile；类型：Profile link；链接：Dofollow；聚合源标记可即时通过；导入日期 2026-08-25；执行前复核当前规则
https://my.yalwa.asia/		FALSE		聚合源标记免费；来源：大罗SEO/Local (L2)；类型：Local；链接：Unknown；导入日期 2026-08-25；执行前复核当前规则
https://myaajkal.xyz/		FALSE		聚合源标记免费；来源：大罗SEO/Bookmarking；类型：Bookmarking；链接：Dofollow；聚合源标记可即时通过；导入日期 2026-08-25；执行前复核当前规则
https://myanimelist.net/		FALSE		聚合源标记免费；来源：大罗SEO/High DA Profile / 大罗SEO/Forums (L4)；类型：Profile link / Forums；链接：Dofollow；聚合源标记可即时通过；导入日期 2026-08-25；执行前复核当前规则
https://mybloglicious.com/		FALSE		聚合源标记免费；来源：大罗SEO/Website Builder L4；类型：Website Builder；链接：Dofollow；聚合源标记可即时通过；导入日期 2026-08-25；执行前复核当前规则
https://myblogu.com/		FALSE		聚合源标记免费；来源：大罗SEO/High DA Profile；类型：Profile link；链接：Dofollow；聚合源标记可即时通过；导入日期 2026-08-25；执行前复核当前规则
https://mycarforum.com/forums		FALSE		聚合源标记免费；来源：大罗SEO/High DA Profile / 大罗SEO/Forums (L4)；类型：Profile link / Forums；链接：Nofollow；聚合源标记可即时通过；导入日期 2026-08-25；执行前复核当前规则
https://mycoupons.com/		FALSE		聚合源标记免费；来源：大罗SEO/Coupon (L3) DALUOSEO.COM；类型：Coupon；链接：Unknown；导入日期 2026-08-25；执行前复核当前规则
https://myfreelancerbook.com/		FALSE		聚合源标记免费；来源：大罗SEO/Bookmarking；类型：Bookmarking；链接：Dofollow；聚合源标记可即时通过；导入日期 2026-08-25；执行前复核当前规则
https://myhq.com/		FALSE		聚合源标记免费；来源：大罗SEO/Bookmarking；类型：Bookmarking；链接：Dofollow；聚合源标记可即时通过；导入日期 2026-08-25；执行前复核当前规则
https://mylot.com/		FALSE		聚合源标记免费；来源：大罗SEO/High DA Profile；类型：Profile link；链接：Nofollow；聚合源标记可即时通过；导入日期 2026-08-25；执行前复核当前规则
https://myopportunity.com/		FALSE		聚合源标记免费；来源：大罗SEO/High DA Profile；类型：Profile link；链接：Dofollow；聚合源标记可即时通过；导入日期 2026-08-25；执行前复核当前规则
https://myparisblog.com/		FALSE		聚合源标记免费；来源：大罗SEO/Website Builder L4；类型：Website Builder；链接：Dofollow；聚合源标记可即时通过；导入日期 2026-08-25；执行前复核当前规则
https://mypr.bg/		FALSE		聚合源标记免费；来源：大罗SEO/Press Release (L4)；类型：Press Release；链接：Unknown；导入日期 2026-08-25；执行前复核当前规则
https://myproviderdirectory.com.au/		FALSE		聚合源标记免费；来源：大罗SEO/Local (L2)；类型：Local；链接：Unknown；导入日期 2026-08-25；执行前复核当前规则
https://myspace.com/		FALSE		聚合源标记免费；来源：大罗SEO/High DA Profile / 大罗SEO/Social DALUOSEO.COM；类型：Profile link / Dofollow；链接：Dofollow / Y；聚合源标记可即时通过；导入日期 2026-08-25；执行前复核当前规则
https://mytechlogy.com/		FALSE		聚合源标记免费；来源：大罗SEO/High DA Profile / 大罗SEO/Job Boards (L4)；类型：Profile link / Job Boards；链接：Nofollow；聚合源标记可即时通过；导入日期 2026-08-25；执行前复核当前规则
https://mytradezone.com/		FALSE		聚合源标记免费；来源：大罗SEO/High DA Profile；类型：Profile link；链接：Dofollow；聚合源标记可即时通过；导入日期 2026-08-25；执行前复核当前规则
https://mytripjournal.com/		FALSE		聚合源标记免费；来源：大罗SEO/Website Builder L4；类型：Website Builder；链接：Dofollow；聚合源标记可即时通过；导入日期 2026-08-25；执行前复核当前规则
https://myvidster.com/		FALSE		聚合源标记免费；来源：大罗SEO/Bookmarking；类型：Bookmarking；链接：Dofollow；聚合源标记可即时通过；导入日期 2026-08-25；执行前复核当前规则
https://n9.cl/		FALSE		聚合源标记免费；来源：大罗SEO/URL Shortener；类型：URL Shortener；链接：Dofollow；聚合源标记可即时通过；导入日期 2026-08-25；执行前复核当前规则
https://namepros.com/		FALSE		聚合源标记免费；来源：大罗SEO/High DA Profile / 大罗SEO/Forums (L4)；类型：Profile link / Forums；链接：Nofollow；聚合源标记可即时通过；导入日期 2026-08-25；执行前复核当前规则
https://nameslot.com/		FALSE		聚合源标记免费；来源：大罗SEO/High DA Profile / 大罗SEO/Forums (L4)；类型：Profile link / Forums；链接：Nofollow；聚合源标记可即时通过；导入日期 2026-08-25；执行前复核当前规则
https://nanai.tools/		FALSE		聚合源标记免费；来源：GitHub/csv/04-launch-websites.csv+md/04-launch-websites.md；类型：homepage；导入日期 2026-08-25；执行前复核当前规则
https://nanai.tools/google/redirect		FALSE		聚合源标记免费；来源：GitHub/csv/04-launch-websites.csv+md/04-launch-websites.md；类型：submission；导入日期 2026-08-25；执行前复核当前规则
https://ndis-providerfinder.com/		FALSE		聚合源标记免费；来源：大罗SEO/Local (L2)；类型：Local；链接：Unknown；导入日期 2026-08-25；执行前复核当前规则
https://ndis.gov.au/participants/working-providers/find-registered-provider/provider-finder		FALSE		聚合源标记免费；来源：大罗SEO/Local (L2)；类型：Local；链接：Unknown；导入日期 2026-08-25；执行前复核当前规则
https://ndis.registeredprovider.com.au/		FALSE		聚合源标记免费；来源：大罗SEO/Local (L2)；类型：Local；链接：Dofollow；聚合源标记可即时通过；导入日期 2026-08-25；执行前复核当前规则
https://ndsp.com.au/disability-service-providers		FALSE		聚合源标记免费；来源：大罗SEO/Local (L2)；类型：Local；链接：Unknown；导入日期 2026-08-25；执行前复核当前规则
https://nearbuy.com.ng/		FALSE		聚合源标记免费；来源：大罗SEO/High DA Profile / 大罗SEO/Classified Ads (L4)；类型：Profile link / Classified Ads；链接：Nofollow；聚合源标记可即时通过；导入日期 2026-08-25；执行前复核当前规则
https://neogaf.com/		FALSE		聚合源标记免费；来源：大罗SEO/High DA Profile / 大罗SEO/Forums (L4)；类型：Profile link / Forums；链接：Dofollow；聚合源标记可即时通过；导入日期 2026-08-25；执行前复核当前规则
https://neowin.net/forum		FALSE		聚合源标记免费；来源：大罗SEO/High DA Profile / 大罗SEO/Forums (L4)；类型：Profile link / Forums；链接：Nofollow；聚合源标记可即时通过；导入日期 2026-08-25；执行前复核当前规则
https://netboard.me/		FALSE		聚合源标记免费；来源：大罗SEO/High DA Profile / 大罗SEO/File Upload (L4)；类型：Profile link / File Upload；链接：Nofollow；聚合源标记可即时通过；导入日期 2026-08-25；执行前复核当前规则
https://netcookingtalk.com/forums		FALSE		聚合源标记免费；来源：大罗SEO/High DA Profile / 大罗SEO/Forums (L4)；类型：Profile link / Forums；链接：Nofollow；聚合源标记可即时通过；导入日期 2026-08-25；执行前复核当前规则
https://netted.net/contact-us		FALSE		聚合源标记免费；来源：Web.Cafe 海外产品发布渠道；类型：Product Launch；导入日期 2026-08-25；执行前复核当前规则
https://netvibes.com/		FALSE		聚合源标记免费；来源：大罗SEO/High DA Profile；类型：Profile link；链接：Dofollow；聚合源标记可即时通过；导入日期 2026-08-25；执行前复核当前规则
https://network-30.mn.co/		FALSE		聚合源标记免费；来源：大罗SEO/High DA Profile；类型：Profile link；链接：Dofollow；聚合源标记可即时通过；导入日期 2026-08-25；执行前复核当前规则
https://neuvoo.com/		FALSE		聚合源标记免费；来源：大罗SEO/Job Boards (L4)；类型：Job Boards；链接：Unknown；导入日期 2026-08-25；执行前复核当前规则
https://new.edmodo.com/		FALSE		聚合源标记免费；来源：大罗SEO/High DA Profile；类型：Profile link；链接：Dofollow；聚合源标记可即时通过；导入日期 2026-08-25；执行前复核当前规则
https://newbookmarkingsite.com/		FALSE		聚合源标记免费；来源：大罗SEO/Bookmarking；类型：Bookmarking；链接：Dofollow；聚合源标记可即时通过；导入日期 2026-08-25；执行前复核当前规则
https://newgrounds.com/		FALSE		聚合源标记免费；来源：大罗SEO/High DA Profile；类型：Profile link；链接：Nofollow；聚合源标记可即时通过；导入日期 2026-08-25；执行前复核当前规则
https://news.bensbites.com/submit		FALSE		聚合源标记免费；来源：首轮明确免费提交入口 / GitHub/csv/09-general-directories.csv+md/09-general-directories.md；类型：Directory / submission；导入日期 2026-08-25；执行前复核当前规则
https://news.ycombinator.com/		FALSE		聚合源标记免费；来源：大罗SEO/Communities (L4) / 大罗SEO/Forums (L4) / 大罗SEO/Product Launch (L5) / Web.Cafe 海外产品发布渠道；类型：Communities / Forums / Produt Launch / Product Launch；链接：Unknown / Nofollow；聚合源标记可即时通过；导入日期 2026-08-25；执行前复核当前规则
https://news.ycombinator.com/showhn.html		FALSE		聚合源标记免费；来源：Web.Cafe 海外产品发布渠道；类型：Product Launch；导入日期 2026-08-25；执行前复核当前规则
https://newsbloger.com/		FALSE		聚合源标记免费；来源：大罗SEO/Website Builder L4；类型：Website Builder；链接：Dofollow；聚合源标记可即时通过；导入日期 2026-08-25；执行前复核当前规则
https://newsciti.com/		FALSE		聚合源标记免费；来源：大罗SEO/Bookmarking；类型：Bookmarking；链接：Dofollow；聚合源标记可即时通过；导入日期 2026-08-25；执行前复核当前规则
https://newsocialbookmarkingsite.com/		FALSE		聚合源标记免费；来源：大罗SEO/Bookmarking；类型：Bookmarking；链接：Dofollow；聚合源标记可即时通过；导入日期 2026-08-25；执行前复核当前规则
https://newswire.com/		FALSE		聚合源标记免费；来源：大罗SEO/Press Release (L4)；类型：Press Release；链接：Unknown；导入日期 2026-08-25；执行前复核当前规则
https://nextbigproduct.net/product-submission		FALSE		聚合源标记免费；来源：Web.Cafe 海外产品发布渠道；类型：Product Launch；导入日期 2026-08-25；执行前复核当前规则
https://nextbigwhat.com/		FALSE		聚合源标记免费；来源：Web.Cafe 海外产品发布渠道；类型：Product Launch；导入日期 2026-08-25；执行前复核当前规则
https://nextbizthing.com/		FALSE		聚合源标记免费；来源：大罗SEO/Directory / 大罗SEO/Local (L2)；类型：Directory / Local；链接：Dofollow；聚合源标记可即时通过；导入日期 2026-08-25；执行前复核当前规则
https://nextfreeads.com/		FALSE		聚合源标记免费；来源：大罗SEO/Classified Ads (L4)；类型：Classified Ads；链接：Dofollow；聚合源标记可即时通过；导入日期 2026-08-25；执行前复核当前规则
https://nextgentool.io/		FALSE		聚合源标记免费；来源：GitHub/csv/04-launch-websites.csv+md/04-launch-websites.md；类型：homepage；导入日期 2026-08-25；执行前复核当前规则
https://nextgentool.io/submit		FALSE		聚合源标记免费；来源：首轮明确免费提交入口 / GitHub/csv/04-launch-websites.csv+csv/05-backlinks.csv+csv/09-general-directories.csv+md/04-launch-websites.md+md/05-backlinks.md+md/09-general-directories.md；类型：Directory / submission；导入日期 2026-08-25；执行前复核当前规则
https://nextgentools.eu/		FALSE		聚合源标记免费；来源：GitHub/csv/02-ai-tools-directory.csv+md/02-ai-tools-directory.md；类型：homepage；导入日期 2026-08-25；执行前复核当前规则
https://nextgentools.me/		FALSE		聚合源标记免费；来源：GitHub/csv/04-launch-websites.csv+csv/09-general-directories.csv+md/04-launch-websites.md+md/09-general-directories.md；类型：homepage；导入日期 2026-08-25；执行前复核当前规则
https://nextgentools.me/submit-your-tool		FALSE		聚合源标记免费；来源：首轮明确免费提交入口 / GitHub/csv/04-launch-websites.csv+csv/09-general-directories.csv+md/04-launch-websites.md+md/09-general-directories.md；类型：Directory / submission；导入日期 2026-08-25；执行前复核当前规则
https://nextool.ai/		FALSE		聚合源标记免费；来源：GitHub/csv/02-ai-tools-directory.csv+md/02-ai-tools-directory.md；类型：homepage；导入日期 2026-08-25；执行前复核当前规则
https://nextpedia.io/submit-tool		FALSE		聚合源标记免费；来源：首轮明确免费提交入口 / GitHub/csv/09-general-directories.csv+md/09-general-directories.md；类型：Directory / submission；导入日期 2026-08-25；执行前复核当前规则
https://nintendoforums.com/		FALSE		聚合源标记免费；来源：大罗SEO/High DA Profile / 大罗SEO/Forums (L4)；类型：Profile link / Forums；链接：Nofollow；聚合源标记可即时通过；导入日期 2026-08-25；执行前复核当前规则
https://nisus.com/forum		FALSE		聚合源标记免费；来源：大罗SEO/High DA Profile / 大罗SEO/Forums (L4)；类型：Profile link / Forums；链接：Dofollow；聚合源标记可即时通过；导入日期 2026-08-25；执行前复核当前规则
https://nocodefamily.com/submit-tool		FALSE		聚合源标记免费；来源：GitHub/csv/07-ai-creators-directory.csv+md/07-ai-creators-directory.md；类型：submission；导入日期 2026-08-25；执行前复核当前规则
https://nocodefamily.com/tools		FALSE		聚合源标记免费；来源：GitHub/csv/07-ai-creators-directory.csv+md/07-ai-creators-directory.md；类型：homepage；导入日期 2026-08-25；执行前复核当前规则
https://nocodelist.co/		FALSE		聚合源标记免费；来源：GitHub/csv/01-startup-directories.csv+csv/04-launch-websites.csv+md/01-startup-directories.md+md/04-launch-websites.md；类型：homepage；导入日期 2026-08-25；执行前复核当前规则
https://nocodelist.co/submit		FALSE		聚合源标记免费；来源：GitHub/csv/03-new-startup-directories.csv+csv/04-launch-websites.csv+md/03-new-startup-directories.md+md/04-launch-websites.md；类型：submission；导入日期 2026-08-25；执行前复核当前规则
https://nodesign.dev/		FALSE		聚合源标记免费；来源：Web.Cafe 海外产品发布渠道；类型：Product Launch；导入日期 2026-08-25；执行前复核当前规则
https://nofilmschool.com/		FALSE		聚合源标记免费；来源：大罗SEO/High DA Profile；类型：Profile link；链接：Nofollow；聚合源标记可即时通过；导入日期 2026-08-25；执行前复核当前规则
https://nomadlist.com/		FALSE		聚合源标记免费；来源：大罗SEO/Social DALUOSEO.COM；类型：Unknown；导入日期 2026-08-25；执行前复核当前规则
https://nootheme.com/		FALSE		聚合源标记免费；来源：大罗SEO/High DA Profile；类型：Profile link；链接：Nofollow；聚合源标记可即时通过；导入日期 2026-08-25；执行前复核当前规则
https://noti.st/		FALSE		聚合源标记免费；来源：大罗SEO/High DA Profile / 大罗SEO/File Upload (L4)；类型：Profile link / File Upload；链接：Dofollow；聚合源标记可即时通过；导入日期 2026-08-25；执行前复核当前规则
https://nowshenzhen.com/		FALSE		聚合源标记免费；来源：大罗SEO/Local (L2) / 大罗SEO/Classified Ads (L4)；类型：Local / Classified Ads；链接：Nofollow；聚合源标记可即时通过；导入日期 2026-08-25；执行前复核当前规则
https://nulled.to/		FALSE		聚合源标记免费；来源：大罗SEO/Forums (L4)；类型：Forums；链接：Nofollow；聚合源标记可即时通过；导入日期 2026-08-25；执行前复核当前规则
https://nybass.com/		FALSE		聚合源标记免费；来源：大罗SEO/High DA Profile / 大罗SEO/Forums (L4)；类型：Profile link / Forums；链接：Dofollow；聚合源标记可即时通过；导入日期 2026-08-25；执行前复核当前规则
https://nybookmark.com/		FALSE		聚合源标记免费；来源：大罗SEO/Bookmarking；类型：Bookmarking；链接：Dofollow；聚合源标记可即时通过；导入日期 2026-08-25；执行前复核当前规则
https://nygunforum.com/		FALSE		聚合源标记免费；来源：大罗SEO/High DA Profile / 大罗SEO/Communities (L4) / 大罗SEO/Forums (L4)；类型：Profile link / Communities / Forums；链接：Nofollow；聚合源标记可即时通过；导入日期 2026-08-25；执行前复核当前规则
https://obsproject.com/		FALSE		聚合源标记免费；来源：大罗SEO/High DA Profile / 大罗SEO/Forums (L4)；类型：Profile link / Forums；链接：Dofollow；聚合源标记可即时通过；导入日期 2026-08-25；执行前复核当前规则
https://ocjobs.com/		FALSE		聚合源标记免费；来源：大罗SEO/High DA Profile / 大罗SEO/Job Boards (L4)；类型：Profile link / Job Boards；链接：Dofollow；聚合源标记可即时通过；导入日期 2026-08-25；执行前复核当前规则
https://oercommons.org/		FALSE		聚合源标记免费；来源：大罗SEO/High DA Profile；类型：Profile link；链接：Nofollow；聚合源标记可即时通过；导入日期 2026-08-25；执行前复核当前规则
https://offsetguitars.com/forums/index.php		FALSE		聚合源标记免费；来源：大罗SEO/High DA Profile / 大罗SEO/Forums (L4)；类型：Profile link / Forums；链接：Dofollow；聚合源标记可即时通过；导入日期 2026-08-25；执行前复核当前规则
https://offtopic.com/		FALSE		聚合源标记免费；来源：大罗SEO/Forums (L4)；类型：Forums；链接：Unknown；导入日期 2026-08-25；执行前复核当前规则
https://ondashboard.com/		FALSE		聚合源标记免费；来源：大罗SEO/Bookmarking；类型：Bookmarking；链接：Nofollow；聚合源标记可即时通过；导入日期 2026-08-25；执行前复核当前规则
https://oneflare.com.au/		FALSE		聚合源标记免费；来源：大罗SEO/Local (L2)；类型：Local；链接：Unknown；导入日期 2026-08-25；执行前复核当前规则
https://onemilliondirectory.com/		FALSE		聚合源标记免费；来源：大罗SEO/Directory；类型：Directory；链接：Unknown；导入日期 2026-08-25；执行前复核当前规则
https://onepagelove.com/		FALSE		聚合源标记免费；来源：大罗SEO/Directory；类型：Directory；链接：Unknown；导入日期 2026-08-25；执行前复核当前规则
https://onesmablog.com/		FALSE		聚合源标记免费；来源：大罗SEO/Website Builder L4；类型：Website Builder；链接：Dofollow；聚合源标记可即时通过；导入日期 2026-08-25；执行前复核当前规则
https://onfeetnation.com/		FALSE		聚合源标记免费；来源：大罗SEO/High DA Profile；类型：Profile link；链接：Nofollow；聚合源标记可即时通过；导入日期 2026-08-25；执行前复核当前规则
https://onlineprnews.com/		FALSE		聚合源标记免费；来源：大罗SEO/Press Release (L4)；类型：Press Release；链接：Unknown；导入日期 2026-08-25；执行前复核当前规则
https://onlinestreet.de/		FALSE		聚合源标记免费；来源：大罗SEO/Local (L2)；类型：Local；链接：Unknown；导入日期 2026-08-25；执行前复核当前规则
https://onlinewebmarks.com/		FALSE		聚合源标记免费；来源：大罗SEO/High DA Profile；类型：Profile link；链接：Dofollow；聚合源标记可即时通过；导入日期 2026-08-25；执行前复核当前规则
https://onlybass.com/		FALSE		聚合源标记免费；来源：大罗SEO/High DA Profile / 大罗SEO/Forums (L4)；类型：Profile link / Forums；链接：Dofollow；聚合源标记可即时通过；导入日期 2026-08-25；执行前复核当前规则
https://onmogul.com/		FALSE		聚合源标记免费；来源：大罗SEO/High DA Profile；类型：Profile link；链接：Dofollow；聚合源标记可即时通过；导入日期 2026-08-25；执行前复核当前规则
https://onrpg.com/		FALSE		聚合源标记免费；来源：大罗SEO/High DA Profile / 大罗SEO/Forums (L4)；类型：Profile link / Forums；链接：Dofollow；聚合源标记可即时通过；导入日期 2026-08-25；执行前复核当前规则
https://ontoplist.com/		FALSE		聚合源标记免费；来源：大罗SEO/Directory；类型：Directory；链接：Unknown；导入日期 2026-08-25；执行前复核当前规则
https://opendiary.com/		FALSE		聚合源标记免费；来源：大罗SEO/High DA Profile / 大罗SEO/Social DALUOSEO.COM；类型：Profile link / Dofollow；链接：Dofollow / Y；聚合源标记可即时通过；导入日期 2026-08-25；执行前复核当前规则
https://openfaves.com/		FALSE		聚合源标记免费；来源：大罗SEO/Bookmarking；类型：Bookmarking；链接：Dofollow；聚合源标记可即时通过；导入日期 2026-08-25；执行前复核当前规则
https://openfuture.ai/		FALSE		聚合源标记免费；来源：GitHub/csv/04-launch-websites.csv+csv/05-backlinks.csv+csv/07-ai-creators-directory.csv+csv/09-general-directories.csv+md/04-launch-websites.md+md/05-backlinks.md+md/07-ai-creators-directory.md+md/09-general-directories.md；类型：homepage；导入日期 2026-08-25；执行前复核当前规则
https://openfuture.ai/submit-tool		FALSE		聚合源标记免费；来源：首轮明确免费提交入口 / GitHub/csv/04-launch-websites.csv+csv/07-ai-creators-directory.csv+csv/09-general-directories.csv+md/04-launch-websites.md+md/07-ai-creators-directory.md+md/09-general-directories.md；类型：Directory / submission；导入日期 2026-08-25；执行前复核当前规则
https://opengameart.org/		FALSE		聚合源标记免费；来源：大罗SEO/High DA Profile / 大罗SEO/Forums (L4)；类型：Profile link / Forums；链接：Nofollow；聚合源标记可即时通过；导入日期 2026-08-25；执行前复核当前规则
https://openideo.com/		FALSE		聚合源标记免费；来源：大罗SEO/High DA Profile；类型：Profile link；链接：Dofollow；聚合源标记可即时通过；导入日期 2026-08-25；执行前复核当前规则
https://openphotographyforums.com/forums		FALSE		聚合源标记免费；来源：大罗SEO/High DA Profile / 大罗SEO/Forums (L4)；类型：Profile link / Forums；链接：Nofollow；聚合源标记可即时通过；导入日期 2026-08-25；执行前复核当前规则
https://openpr.com/		FALSE		聚合源标记免费；来源：大罗SEO/Press Release (L4)；类型：Press Release；链接：Unknown；导入日期 2026-08-25；执行前复核当前规则
https://openpr.de/		FALSE		聚合源标记免费；来源：大罗SEO/Press Release (L4)；类型：Press Release；链接：Unknown；导入日期 2026-08-25；执行前复核当前规则
https://opensocialfactory.com/		FALSE		聚合源标记免费；来源：大罗SEO/Bookmarking；类型：Bookmarking；链接：Dofollow；聚合源标记可即时通过；导入日期 2026-08-25；执行前复核当前规则
https://openstreetmap.org/		FALSE		聚合源标记免费；来源：大罗SEO/High DA Profile / 大罗SEO/Local (L2)；类型：Profile link / Local；链接：Nofollow；聚合源标记可即时通过；导入日期 2026-08-25；执行前复核当前规则
https://orbic.ai/		FALSE		聚合源标记免费；来源：Notion 100+ DIR/FREE / GitHub/csv/09-general-directories.csv+md/09-general-directories.md；类型：Product Launch / homepage；导入日期 2026-08-25；执行前复核当前规则
https://orbic.ai/login?callbackUrl=https://orbic.ai/submit/tools		FALSE		聚合源标记免费；来源：Notion 100+ DIR/FREE / 首轮明确免费提交入口 / GitHub/csv/09-general-directories.csv+md/09-general-directories.md；类型：Product Launch / Directory / submission；导入日期 2026-08-25；执行前复核当前规则
https://orcid.org/		FALSE		聚合源标记免费；来源：大罗SEO/High DA Profile；类型：Profile link；链接：Nofollow；聚合源标记可即时通过；导入日期 2026-08-25；执行前复核当前规则
https://osnabruecker.com/		FALSE		聚合源标记免费；来源：大罗SEO/High DA Profile；类型：Profile link；链接：Dofollow；聚合源标记可即时通过；导入日期 2026-08-25；执行前复核当前规则
https://ourreptileforum.com/community		FALSE		聚合源标记免费；来源：大罗SEO/High DA Profile；类型：Profile link；链接：Nofollow；聚合源标记可即时通过；导入日期 2026-08-25；执行前复核当前规则
https://outdoorproject.com/		FALSE		聚合源标记免费；来源：大罗SEO/High DA Profile；类型：Profile link；链接：Dofollow；聚合源标记可即时通过；导入日期 2026-08-25；执行前复核当前规则
https://over-blog.com/		FALSE		聚合源标记免费；来源：大罗SEO/Website Builder L4；类型：Website Builder；链接：Dofollow；聚合源标记可即时通过；导入日期 2026-08-25；执行前复核当前规则
https://overclock.net/		FALSE		聚合源标记免费；来源：大罗SEO/High DA Profile / 大罗SEO/Forums (L4)；类型：Profile link / Forums；链接：Nofollow；聚合源标记可即时通过；导入日期 2026-08-25；执行前复核当前规则
https://overclockers.com/forums		FALSE		聚合源标记免费；来源：大罗SEO/High DA Profile / 大罗SEO/Forums (L4)；类型：Profile link / Forums；链接：Nofollow；聚合源标记可即时通过；导入日期 2026-08-25；执行前复核当前规则
https://own-free-website.com/		FALSE		聚合源标记免费；来源：大罗SEO/Website Builder L4；类型：Website Builder；链接：Dofollow；聚合源标记可即时通过；导入日期 2026-08-25；执行前复核当前规则
https://ownedcore.com/forums		FALSE		聚合源标记免费；来源：大罗SEO/High DA Profile / 大罗SEO/Forums (L4)；类型：Profile link / Forums；链接：Nofollow / Dofollow；聚合源标记可即时通过；导入日期 2026-08-25；执行前复核当前规则
https://owwly.com/		FALSE		聚合源标记免费；来源：大罗SEO/Product Launch (L5)；类型：Produt Launch；链接：Unknown；导入日期 2026-08-25；执行前复核当前规则
https://ozbassforum.com/index.php		FALSE		聚合源标记免费；来源：大罗SEO/High DA Profile / 大罗SEO/Forums (L4)；类型：Profile link / Forums；链接：Dofollow；聚合源标记可即时通过；导入日期 2026-08-25；执行前复核当前规则
https://ozbusiness.com.au/		FALSE		聚合源标记免费；来源：大罗SEO/Local (L2)；类型：Local；链接：Unknown；导入日期 2026-08-25；执行前复核当前规则
https://p-tweets.com/		FALSE		聚合源标记免费；来源：大罗SEO/High DA Profile；类型：Profile link；链接：Dofollow；聚合源标记可即时通过；导入日期 2026-08-25；执行前复核当前规则
https://p2ptv.ru/		FALSE		聚合源标记免费；来源：大罗SEO/High DA Profile / 大罗SEO/File Upload (L4)；类型：Profile link / File Upload；链接：Dofollow；聚合源标记可即时通过；导入日期 2026-08-25；执行前复核当前规则
https://packersmovers.activeboard.com/		FALSE		聚合源标记免费；来源：大罗SEO/High DA Profile / 大罗SEO/Forums (L4)；类型：Profile link / Forums；链接：Dofollow；聚合源标记可即时通过；导入日期 2026-08-25；执行前复核当前规则
https://padlet.com/		FALSE		聚合源标记免费；来源：大罗SEO/File Upload (L4)；类型：File Upload；链接：Dofollow；聚合源标记可即时通过；导入日期 2026-08-25；执行前复核当前规则
https://pages10.com/		FALSE		聚合源标记免费；来源：大罗SEO/Website Builder L4；类型：Website Builder；链接：Dofollow；聚合源标记可即时通过；导入日期 2026-08-25；执行前复核当前规则
https://pagesjaunes.fr/		FALSE		聚合源标记免费；来源：大罗SEO/Local (L2)；类型：Local；链接：Unknown；导入日期 2026-08-25；执行前复核当前规则
https://paggu.com/submit-your-startup		FALSE		聚合源标记免费；来源：Web.Cafe 海外产品发布渠道 / 首轮明确免费提交入口 / GitHub/csv/06-startup-launch-ways.csv+csv/09-general-directories.csv+md/06-startup-launch-ways.md+md/09-general-directories.md；类型：Product Launch / Directory / submission；导入日期 2026-08-25；执行前复核当前规则
https://paginebianche.it/		FALSE		聚合源标记免费；来源：大罗SEO/Directory；类型：Directory；链接：Unknown；导入日期 2026-08-25；执行前复核当前规则
https://paginegialle.it/		FALSE		聚合源标记免费；来源：大罗SEO/Directory；类型：Directory；链接：Unknown；导入日期 2026-08-25；执行前复核当前规则
https://paginemail.it/		FALSE		聚合源标记免费；来源：大罗SEO/Directory；类型：Directory；链接：Unknown；导入日期 2026-08-25；执行前复核当前规则
https://painterfactory.com/		FALSE		聚合源标记免费；来源：大罗SEO/High DA Profile / 大罗SEO/Communities (L4)；类型：Profile link / Communities；链接：Dofollow；聚合源标记可即时通过；导入日期 2026-08-25；执行前复核当前规则
https://painttalk.com/		FALSE		聚合源标记免费；来源：大罗SEO/High DA Profile / 大罗SEO/Forums (L4)；类型：Profile link / Forums；链接：Dofollow；聚合源标记可即时通过；导入日期 2026-08-25；执行前复核当前规则
https://panoramafirm.pl/		FALSE		聚合源标记免费；来源：大罗SEO/Local (L2)；类型：Local；链接：Unknown；导入日期 2026-08-25；执行前复核当前规则
https://pantip.com/		FALSE		聚合源标记免费；来源：大罗SEO/High DA Profile；类型：Profile link；链接：Dofollow；聚合源标记可即时通过；导入日期 2026-08-25；执行前复核当前规则
https://paradisi-fiscali.com/forum		FALSE		聚合源标记免费；来源：大罗SEO/Forums (L4)；类型：Forums；链接：Unknown；导入日期 2026-08-25；执行前复核当前规则
https://paraglidingforum.com/index.php		FALSE		聚合源标记免费；来源：大罗SEO/High DA Profile / 大罗SEO/Forums (L4)；类型：Profile link / Forums；链接：Dofollow；聚合源标记可即时通过；导入日期 2026-08-25；执行前复核当前规则
https://parentscollective.uable.com/		FALSE		聚合源标记免费；来源：大罗SEO/High DA Profile；类型：Profile link；链接：Nofollow；聚合源标记可即时通过；导入日期 2026-08-25；执行前复核当前规则
https://patch.com/		FALSE		聚合源标记免费；来源：大罗SEO/Local (L2)；类型：Local；链接：Unknown；导入日期 2026-08-25；执行前复核当前规则
https://patreon.com/		FALSE		聚合源标记免费；来源：大罗SEO/High DA Profile；类型：Profile link；链接：Nofollow；聚合源标记可即时通过；导入日期 2026-08-25；执行前复核当前规则
https://payoncealternatives.com/submit		FALSE		聚合源标记免费；来源：首轮明确免费提交入口 / GitHub/csv/09-general-directories.csv+md/09-general-directories.md；类型：Directory / submission；导入日期 2026-08-25；执行前复核当前规则
https://payonceapps.com/add-your-app		FALSE		聚合源标记免费；来源：首轮明确免费提交入口 / GitHub/csv/09-general-directories.csv+md/09-general-directories.md；类型：Directory / submission；导入日期 2026-08-25；执行前复核当前规则
https://pbase.com/		FALSE		聚合源标记免费；来源：大罗SEO/High DA Profile；类型：Profile link；链接：Dofollow；聚合源标记可即时通过；导入日期 2026-08-25；执行前复核当前规则
https://pbookmarking.com/		FALSE		聚合源标记免费；来源：大罗SEO/Bookmarking；类型：Bookmarking；链接：Dofollow；聚合源标记可即时通过；导入日期 2026-08-25；执行前复核当前规则
https://pbworks.com/		FALSE		聚合源标记免费；来源：大罗SEO/High DA Profile；类型：Profile link；链接：Nofollow；聚合源标记可即时通过；导入日期 2026-08-25；执行前复核当前规则
https://pcgameforum.com/		FALSE		聚合源标记免费；来源：大罗SEO/High DA Profile / 大罗SEO/Forums (L4)；类型：Profile link / Forums；链接：Nofollow；聚合源标记可即时通过；导入日期 2026-08-25；执行前复核当前规则
https://pchelpforum.net/		FALSE		聚合源标记免费；来源：大罗SEO/High DA Profile / 大罗SEO/Forums (L4)；类型：Profile link / Forums；链接：Nofollow；聚合源标记可即时通过；导入日期 2026-08-25；执行前复核当前规则
https://pcspecialist.co.uk/forums		FALSE		聚合源标记免费；来源：大罗SEO/High DA Profile / 大罗SEO/Forums (L4)；类型：Profile link / Forums；链接：Nofollow；聚合源标记可即时通过；导入日期 2026-08-25；执行前复核当前规则
https://pctechforum.net/		FALSE		聚合源标记免费；来源：大罗SEO/High DA Profile / 大罗SEO/Forums (L4)；类型：Profile link / Forums；链接：Dofollow；聚合源标记可即时通过；导入日期 2026-08-25；执行前复核当前规则
https://pdfslide.us/		FALSE		聚合源标记免费；来源：大罗SEO/File Upload (L4)；类型：File Upload；链接：Dofollow；聚合源标记可即时通过；导入日期 2026-08-25；执行前复核当前规则
https://pearltrees.com/		FALSE		聚合源标记免费；来源：大罗SEO/High DA Profile；类型：Profile link；链接：Dofollow；聚合源标记可即时通过；导入日期 2026-08-25；执行前复核当前规则
https://peatix.com/		FALSE		聚合源标记免费；来源：大罗SEO/High DA Profile；类型：Profile link；链接：Dofollow；聚合源标记可即时通过；导入日期 2026-08-25；执行前复核当前规则
https://pedelecforum.de/forum/index.php		FALSE		聚合源标记免费；来源：大罗SEO/High DA Profile / 大罗SEO/Forums (L4)；类型：Profile link / Forums；链接：Nofollow；聚合源标记可即时通过；导入日期 2026-08-25；执行前复核当前规则
https://peertube.b38.rural-it.org/		FALSE		聚合源标记免费；来源：大罗SEO/High DA Profile；类型：Profile link；链接：Dofollow；聚合源标记可即时通过；导入日期 2026-08-25；执行前复核当前规则
https://peertube.ch/		FALSE		聚合源标记免费；来源：大罗SEO/High DA Profile / 大罗SEO/File Upload (L4)；类型：Profile link / File Upload；链接：Dofollow；聚合源标记可即时通过；导入日期 2026-08-25；执行前复核当前规则
https://peertube.pontostroy.gq/		FALSE		聚合源标记免费；来源：大罗SEO/High DA Profile；类型：Profile link；链接：Dofollow；聚合源标记可即时通过；导入日期 2026-08-25；执行前复核当前规则
https://peertube.ventresmous.fr/		FALSE		聚合源标记免费；来源：大罗SEO/High DA Profile；类型：Profile link；链接：Dofollow；聚合源标记可即时通过；导入日期 2026-08-25；执行前复核当前规则
https://peervideo.ru/		FALSE		聚合源标记免费；来源：大罗SEO/High DA Profile / 大罗SEO/File Upload (L4)；类型：Profile link / File Upload；链接：Dofollow；聚合源标记可即时通过；导入日期 2026-08-25；执行前复核当前规则
https://penzu.com/		FALSE		聚合源标记免费；来源：大罗SEO/Website Builder L4；类型：Website Builder；链接：Dofollow；聚合源标记可即时通过；导入日期 2026-08-25；执行前复核当前规则
https://peoplebookmarks.com/		FALSE		聚合源标记免费；来源：大罗SEO/Bookmarking；类型：Bookmarking；链接：Dofollow；聚合源标记可即时通过；导入日期 2026-08-25；执行前复核当前规则
https://permaculturenews.org/		FALSE		聚合源标记免费；来源：大罗SEO/High DA Profile / 大罗SEO/Forums (L4)；类型：Profile link / Forums；链接：Nofollow；聚合源标记可即时通过；导入日期 2026-08-25；执行前复核当前规则
https://petforums.co.uk/		FALSE		聚合源标记免费；来源：大罗SEO/High DA Profile / 大罗SEO/Forums (L4)；类型：Profile link / Forums；链接：Nofollow；聚合源标记可即时通过；导入日期 2026-08-25；执行前复核当前规则
https://peugeotforums.com/		FALSE		聚合源标记免费；来源：大罗SEO/High DA Profile / 大罗SEO/Forums (L4)；类型：Profile link / Forums；链接：Nofollow；聚合源标记可即时通过；导入日期 2026-08-25；执行前复核当前规则
https://pexels.com/		FALSE		聚合源标记免费；来源：大罗SEO/High DA Profile；类型：Profile link；链接：Nofollow；聚合源标记可即时通过；导入日期 2026-08-25；执行前复核当前规则
https://pfind.com/submit		FALSE		聚合源标记免费；来源：Web.Cafe 海外产品发布渠道；类型：Product Launch；导入日期 2026-08-25；执行前复核当前规则
https://pfmrc.eu/		FALSE		聚合源标记免费；来源：大罗SEO/High DA Profile / 大罗SEO/Forums (L4)；类型：Profile link / Forums；链接：Nofollow；聚合源标记可即时通过；导入日期 2026-08-25；执行前复核当前规则
https://photo.net/		FALSE		聚合源标记免费；来源：大罗SEO/High DA Profile / 大罗SEO/Forums (L4)；类型：Profile link / Forums；链接：Nofollow；聚合源标记可即时通过；导入日期 2026-08-25；执行前复核当前规则
https://photography.ca/Forums		FALSE		聚合源标记免费；来源：大罗SEO/High DA Profile / 大罗SEO/Forums (L4)；类型：Profile link / Forums；链接：Dofollow；聚合源标记可即时通过；导入日期 2026-08-25；执行前复核当前规则
https://photographytalk.com/		FALSE		聚合源标记免费；来源：大罗SEO/High DA Profile / 大罗SEO/Forums (L4)；类型：Profile link / Forums；链接：Nofollow；聚合源标记可即时通过；导入日期 2026-08-25；执行前复核当前规则
https://photopeach.com/		FALSE		聚合源标记免费；来源：大罗SEO/High DA Profile / 大罗SEO/File Upload (L4)；类型：Profile link / File Upload；链接：Nofollow；聚合源标记可即时通过；导入日期 2026-08-25；执行前复核当前规则
https://phpbb.com/		FALSE		聚合源标记免费；来源：大罗SEO/High DA Profile / 大罗SEO/Forums (L4)；类型：Profile link / Forums；链接：Dofollow；聚合源标记可即时通过；导入日期 2026-08-25；执行前复核当前规则
https://physicsforums.com/		FALSE		聚合源标记免费；来源：大罗SEO/High DA Profile / 大罗SEO/Forums (L4)；类型：Profile link / Forums；链接：Nofollow；聚合源标记可即时通过；导入日期 2026-08-25；执行前复核当前规则
https://picsee.co/		FALSE		聚合源标记免费；来源：大罗SEO/URL Shortener；类型：URL Shortener；链接：Dofollow；聚合源标记可即时通过；导入日期 2026-08-25；执行前复核当前规则
https://picturepush.com/		FALSE		聚合源标记免费；来源：大罗SEO/File Upload (L4)；类型：File Upload；链接：Nofollow；聚合源标记可即时通过；导入日期 2026-08-25；执行前复核当前规则
https://picturewars.net/forum/index.php		FALSE		聚合源标记免费；来源：大罗SEO/High DA Profile；类型：Profile link；链接：Dofollow；聚合源标记可即时通过；导入日期 2026-08-25；执行前复核当前规则
https://pink-jobs.com/		FALSE		聚合源标记免费；来源：大罗SEO/High DA Profile / 大罗SEO/Job Boards (L4)；类型：Profile link / Job Boards；链接：Dofollow；聚合源标记可即时通过；导入日期 2026-08-25；执行前复核当前规则
https://pinkpages.com.au/		FALSE		聚合源标记免费；来源：大罗SEO/Local (L2)；类型：Local；链接：Unknown；导入日期 2026-08-25；执行前复核当前规则
https://pinoygamer.ph/		FALSE		聚合源标记免费；来源：大罗SEO/High DA Profile / 大罗SEO/Forums (L4)；类型：Profile link / Forums；链接：Nofollow；聚合源标记可即时通过；导入日期 2026-08-25；执行前复核当前规则
https://pinshape.com/		FALSE		聚合源标记免费；来源：大罗SEO/High DA Profile；类型：Profile link；链接：Dofollow；聚合源标记可即时通过；导入日期 2026-08-25；执行前复核当前规则
https://pinterest.com/		FALSE		聚合源标记免费；来源：大罗SEO/Social DALUOSEO.COM；类型：Unknown；导入日期 2026-08-25；执行前复核当前规则
https://pissedconsumer.com/		FALSE		聚合源标记免费；来源：大罗SEO/Review Sites；类型：Review Sites；链接：Unknown；导入日期 2026-08-25；执行前复核当前规则
https://pitbike.com.pl/		FALSE		聚合源标记免费；来源：大罗SEO/High DA Profile / 大罗SEO/Forums (L4)；类型：Profile link / Forums；链接：Dofollow；聚合源标记可即时通过；导入日期 2026-08-25；执行前复核当前规则
https://pitchground.com/		FALSE		聚合源标记免费；来源：大罗SEO/Deals (L3)；类型：Deals；链接：Unknown；导入日期 2026-08-25；执行前复核当前规则
https://pitchwall.co/		FALSE		聚合源标记免费；来源：GitHub/csv/07-ai-creators-directory.csv+md/07-ai-creators-directory.md；类型：homepage；导入日期 2026-08-25；执行前复核当前规则
https://pitchwall.co/login		FALSE		聚合源标记免费；来源：GitHub/csv/07-ai-creators-directory.csv+md/07-ai-creators-directory.md；类型：submission；导入日期 2026-08-25；执行前复核当前规则
https://pitchwall.co/product/submit		FALSE		聚合源标记免费；来源：GitHub/csv/09-general-directories.csv+md/09-general-directories.md；类型：submission；导入日期 2026-08-25；执行前复核当前规则
https://piweb.it/		FALSE		聚合源标记免费；来源：大罗SEO/Directory；类型：Directory；链接：Unknown；导入日期 2026-08-25；执行前复核当前规则
https://pixabay.com/		FALSE		聚合源标记免费；来源：大罗SEO/High DA Profile；类型：Profile link；链接：Nofollow；聚合源标记可即时通过；导入日期 2026-08-25；执行前复核当前规则
https://pixelation.org/		FALSE		聚合源标记免费；来源：大罗SEO/High DA Profile / 大罗SEO/Communities (L4)；类型：Profile link / Communities；链接：Dofollow；聚合源标记可即时通过；导入日期 2026-08-25；执行前复核当前规则
https://pkt.pl/		FALSE		聚合源标记免费；来源：大罗SEO/Local (L2)；类型：Local；链接：Unknown；导入日期 2026-08-25；执行前复核当前规则
https://place123.net/		FALSE		聚合源标记免费；来源：大罗SEO/Local (L2)；类型：Local；链接：Nofollow；聚合源标记可即时通过；导入日期 2026-08-25；执行前复核当前规则
https://planetanintendo.pl/		FALSE		聚合源标记免费；来源：大罗SEO/High DA Profile / 大罗SEO/Forums (L4)；类型：Profile link / Forums；链接：Dofollow；聚合源标记可即时通过；导入日期 2026-08-25；执行前复核当前规则
https://plasterersforum.com/		FALSE		聚合源标记免费；来源：大罗SEO/High DA Profile / 大罗SEO/Forums (L4)；类型：Profile link / Forums；链接：Nofollow；聚合源标记可即时通过；导入日期 2026-08-25；执行前复核当前规则
https://play.eslgaming.com/		FALSE		聚合源标记免费；来源：大罗SEO/High DA Profile；类型：Profile link；链接：Nofollow；聚合源标记可即时通过；导入日期 2026-08-25；执行前复核当前规则
https://pligglist.com/		FALSE		聚合源标记免费；来源：大罗SEO/Bookmarking；类型：Bookmarking；链接：Nofollow；聚合源标记可即时通过；导入日期 2026-08-25；执行前复核当前规则
https://plowsite.com/		FALSE		聚合源标记免费；来源：大罗SEO/High DA Profile / 大罗SEO/Forums (L4)；类型：Profile link / Forums；链接：Nofollow；聚合源标记可即时通过；导入日期 2026-08-25；执行前复核当前规则
https://plurk.com/		FALSE		聚合源标记免费；来源：大罗SEO/High DA Profile / 大罗SEO/Social DALUOSEO.COM；类型：Profile link / Nofollow；链接：Nofollow / Y；聚合源标记可即时通过；导入日期 2026-08-25；执行前复核当前规则
https://pnut.co/		FALSE		聚合源标记免费；来源：大罗SEO/URL Shortener；类型：URL Shortener；链接：Dofollow；聚合源标记可即时通过；导入日期 2026-08-25；执行前复核当前规则
https://podbean.com/		FALSE		聚合源标记免费；来源：大罗SEO/Directory；类型：Directory；链接：Unknown；导入日期 2026-08-25；执行前复核当前规则
https://podomatic.com/		FALSE		聚合源标记免费；来源：大罗SEO/High DA Profile；类型：Profile link；链接：Nofollow；聚合源标记可即时通过；导入日期 2026-08-25；执行前复核当前规则
https://podrozerowerowe.info/index.php		FALSE		聚合源标记免费；来源：大罗SEO/High DA Profile / 大罗SEO/Forums (L4)；类型：Profile link / Forums；链接：Dofollow；聚合源标记可即时通过；导入日期 2026-08-25；执行前复核当前规则
https://pointblog.net/		FALSE		聚合源标记免费；来源：大罗SEO/Website Builder L4；类型：Website Builder；链接：Dofollow；聚合源标记可即时通过；导入日期 2026-08-25；执行前复核当前规则
https://pokecommunity.com/index.php		FALSE		聚合源标记免费；来源：大罗SEO/High DA Profile / 大罗SEO/Forums (L4)；类型：Profile link / Forums；链接：Dofollow；聚合源标记可即时通过；导入日期 2026-08-25；执行前复核当前规则
https://pokemon-go-forum.de/		FALSE		聚合源标记免费；来源：大罗SEO/High DA Profile / 大罗SEO/Forums (L4)；类型：Profile link / Forums；链接：Nofollow；聚合源标记可即时通过；导入日期 2026-08-25；执行前复核当前规则
https://polygon.com/		FALSE		聚合源标记免费；来源：大罗SEO/High DA Profile；类型：Profile link；链接：Nofollow；聚合源标记可即时通过；导入日期 2026-08-25；执行前复核当前规则
https://portal.10words.io/submissions/submit		FALSE		聚合源标记免费；来源：GitHub/csv/05-backlinks.csv+csv/07-ai-creators-directory.csv+md/05-backlinks.md+md/07-ai-creators-directory.md；类型：submission；导入日期 2026-08-25；执行前复核当前规则
https://portal.jesstopia.org/		FALSE		聚合源标记免费；来源：大罗SEO/High DA Profile；类型：Profile link；链接：Nofollow；聚合源标记可即时通过；导入日期 2026-08-25；执行前复核当前规则
https://portfoliobox.net/		FALSE		聚合源标记免费；来源：大罗SEO/Website Builder L4；类型：Website Builder；链接：Dofollow；聚合源标记可即时通过；导入日期 2026-08-25；执行前复核当前规则
https://portfoliopen.com/		FALSE		聚合源标记免费；来源：大罗SEO/High DA Profile；类型：Profile link；链接：Nofollow；聚合源标记可即时通过；导入日期 2026-08-25；执行前复核当前规则
https://post-blogs.com/		FALSE		聚合源标记免费；来源：大罗SEO/Website Builder L4；类型：Website Builder；链接：Dofollow；聚合源标记可即时通过；导入日期 2026-08-25；执行前复核当前规则
https://post.postjobsnow.com/		FALSE		聚合源标记免费；来源：大罗SEO/High DA Profile / 大罗SEO/Job Boards (L4)；类型：Profile link / Job Boards；链接：Dofollow；聚合源标记可即时通过；导入日期 2026-08-25；执行前复核当前规则
https://postach.io/		FALSE		聚合源标记免费；来源：大罗SEO/Website Builder L4；类型：Website Builder；链接：Dofollow；聚合源标记可即时通过；导入日期 2026-08-25；执行前复核当前规则
https://postarticlenow.com/		FALSE		聚合源标记免费；来源：大罗SEO/Bookmarking；类型：Bookmarking；链接：Dofollow；聚合源标记可即时通过；导入日期 2026-08-25；执行前复核当前规则
https://posteezy.com/		FALSE		聚合源标记免费；来源：大罗SEO/Website Builder L4；类型：Website Builder；链接：Dofollow；聚合源标记可即时通过；导入日期 2026-08-25；执行前复核当前规则
https://posthereads.com/		FALSE		聚合源标记免费；来源：大罗SEO/Classified Ads (L4)；类型：Classified Ads；链接：Dofollow；聚合源标记可即时通过；导入日期 2026-08-25；执行前复核当前规则
https://postkarlo.com/		FALSE		聚合源标记免费；来源：大罗SEO/High DA Profile / 大罗SEO/Classified Ads (L4)；类型：Profile link / Classified Ads；链接：Dofollow；聚合源标记可即时通过；导入日期 2026-08-25；执行前复核当前规则
https://postmake.io/submit		FALSE		聚合源标记免费；来源：Web.Cafe 海外产品发布渠道；类型：Product Launch；导入日期 2026-08-25；执行前复核当前规则
https://postzoo.com/		FALSE		聚合源标记免费；来源：大罗SEO/High DA Profile / 大罗SEO/Classified Ads (L4)；类型：Profile link / Classified Ads；链接：Dofollow；聚合源标记可即时通过；导入日期 2026-08-25；执行前复核当前规则
https://poweredbyai.app/		FALSE		聚合源标记免费；来源：GitHub/csv/02-ai-tools-directory.csv+csv/03-new-startup-directories.csv+csv/04-launch-websites.csv+md/02-ai-tools-directory.md+md/03-new-startup-directories.md+md/04-launch-websites.md；类型：homepage；导入日期 2026-08-25；执行前复核当前规则
https://poweredbyai.app/submit-tool		FALSE		聚合源标记免费；来源：GitHub/csv/04-launch-websites.csv+md/04-launch-websites.md；类型：submission；导入日期 2026-08-25；执行前复核当前规则
https://powershow.com/		FALSE		聚合源标记免费；来源：大罗SEO/File Upload (L4)；类型：File Upload；链接：Nofollow；聚合源标记可即时通过；导入日期 2026-08-25；执行前复核当前规则
https://pr.com/		FALSE		聚合源标记免费；来源：大罗SEO/Press Release (L4)；类型：Press Release；链接：Unknown；导入日期 2026-08-25；执行前复核当前规则
https://pr3-articles.com/		FALSE		聚合源标记免费；来源：大罗SEO/Article Submission L4；类型：Article Submission；链接：Dofollow；聚合源标记可即时通过；导入日期 2026-08-25；执行前复核当前规则
https://pr4-articles.com/		FALSE		聚合源标记免费；来源：大罗SEO/Article Submission L4；类型：Article Submission；链接：Dofollow；聚合源标记可即时通过；导入日期 2026-08-25；执行前复核当前规则
https://pr5-articles.com/		FALSE		聚合源标记免费；来源：大罗SEO/Article Submission L4；类型：Article Submission；链接：Dofollow；聚合源标记可即时通过；导入日期 2026-08-25；执行前复核当前规则
https://pr7-articles.com/		FALSE		聚合源标记免费；来源：大罗SEO/Article Submission L4；类型：Article Submission；链接：Dofollow；聚合源标记可即时通过；导入日期 2026-08-25；执行前复核当前规则
https://prbookmarking.club/		FALSE		聚合源标记免费；来源：大罗SEO/Bookmarking；类型：Bookmarking；链接：Dofollow；聚合源标记可即时通过；导入日期 2026-08-25；执行前复核当前规则
https://prbookmarkingwebsites.com/		FALSE		聚合源标记免费；来源：大罗SEO/Bookmarking；类型：Bookmarking；链接：Dofollow；聚合源标记可即时通过；导入日期 2026-08-25；执行前复核当前规则
https://prbookmarks.com/		FALSE		聚合源标记免费；来源：大罗SEO/Bookmarking；类型：Bookmarking；链接：Dofollow；聚合源标记可即时通过；导入日期 2026-08-25；执行前复核当前规则
https://prefundia.com/		FALSE		聚合源标记免费；来源：大罗SEO/Product Launch (L5)；类型：Produt Launch；链接：Unknown；导入日期 2026-08-25；执行前复核当前规则
https://pregame.com/		FALSE		聚合源标记免费；来源：大罗SEO/High DA Profile；类型：Profile link；链接：Nofollow；聚合源标记可即时通过；导入日期 2026-08-25；执行前复核当前规则
https://pressat.co.uk/		FALSE		聚合源标记免费；来源：大罗SEO/Press Release (L4)；类型：Press Release；链接：Unknown；导入日期 2026-08-25；执行前复核当前规则
https://pressemeddelelse.dk/		FALSE		聚合源标记免费；来源：大罗SEO/Press Release (L4)；类型：Press Release；链接：Unknown；导入日期 2026-08-25；执行前复核当前规则
https://pressfolios.com/		FALSE		聚合源标记免费；来源：大罗SEO/High DA Profile；类型：Profile link；链接：Dofollow；聚合源标记可即时通过；导入日期 2026-08-25；执行前复核当前规则
https://presshunt.co/		FALSE		聚合源标记免费；来源：大罗SEO/Press Release (L4)；类型：Press Release；链接：Unknown；导入日期 2026-08-25；执行前复核当前规则
https://prestashop.com/forums		FALSE		聚合源标记免费；来源：大罗SEO/High DA Profile / 大罗SEO/Communities (L4)；类型：Profile link / Communities；链接：Nofollow；聚合源标记可即时通过；导入日期 2026-08-25；执行前复核当前规则
https://prfire.co.uk/		FALSE		聚合源标记免费；来源：大罗SEO/Press Release (L4)；类型：Press Release；链接：Unknown；导入日期 2026-08-25；执行前复核当前规则
https://prizyvnik.info/		FALSE		聚合源标记免费；来源：大罗SEO/High DA Profile / 大罗SEO/Forums (L4)；类型：Profile link / Forums；链接：Nofollow；聚合源标记可即时通过；导入日期 2026-08-25；执行前复核当前规则
https://producthunt.com/		FALSE		聚合源标记免费；来源：大罗SEO/Product Launch (L5) / Web.Cafe 海外产品发布渠道 / GitHub/csv/01-startup-directories.csv+csv/03-new-startup-directories.csv+csv/04-launch-websites.csv+csv/06-startup-launch-ways.csv+csv/07-ai-creators-directory.csv+csv/09-general-directories.csv+md/01-startup-directories.md+md/03-new-startup-directories.md+md/04-launch-websites.md+md/06-startup-launch-ways.md+md/07-ai-creators-directory.md+md/09-general-directories.md；类型：Produt Launch / Product Launch / homepage；链接：Unknown；导入日期 2026-08-25；执行前复核当前规则
https://producthunt.com/posts/new		FALSE		聚合源标记免费；来源：GitHub/csv/04-launch-websites.csv+csv/07-ai-creators-directory.csv+csv/09-general-directories.csv+md/04-launch-websites.md+md/07-ai-creators-directory.md+md/09-general-directories.md；类型：submission；导入日期 2026-08-25；执行前复核当前规则
https://productreview.com.au/		FALSE		聚合源标记免费；来源：大罗SEO/Review Sites / 大罗SEO/Local (L2)；类型：Review Sites / Local；链接：Unknown；导入日期 2026-08-25；执行前复核当前规则
https://professionearchitetto.it/		FALSE		聚合源标记免费；来源：大罗SEO/Forums (L4)；类型：Forums；链接：Unknown；导入日期 2026-08-25；执行前复核当前规则
https://profile.weeconnect.co/		FALSE		聚合源标记免费；来源：大罗SEO/High DA Profile；类型：Profile link；链接：Nofollow；聚合源标记可即时通过；导入日期 2026-08-25；执行前复核当前规则
https://programmableweb.com/news/how-to-pitch-programmableweb-covering-your-news/2016/11/18		FALSE		聚合源标记免费；来源：Web.Cafe 海外产品发布渠道；类型：Product Launch；导入日期 2026-08-25；执行前复核当前规则
https://projectguitar.com/		FALSE		聚合源标记免费；来源：大罗SEO/High DA Profile / 大罗SEO/Forums (L4)；类型：Profile link / Forums；链接：Nofollow；聚合源标记可即时通过；导入日期 2026-08-25；执行前复核当前规则
https://projectlibre.com/		FALSE		聚合源标记免费；来源：大罗SEO/High DA Profile；类型：Profile link；链接：Nofollow；聚合源标记可即时通过；导入日期 2026-08-25；执行前复核当前规则
https://projectmanagement.com/		FALSE		聚合源标记免费；来源：大罗SEO/High DA Profile；类型：Profile link；链接：Dofollow；聚合源标记可即时通过；导入日期 2026-08-25；执行前复核当前规则
https://projectnoah.org/		FALSE		聚合源标记免费；来源：大罗SEO/High DA Profile；类型：Profile link；链接：Dofollow；聚合源标记可即时通过；导入日期 2026-08-25；执行前复核当前规则
https://projectpokemon.org/		FALSE		聚合源标记免费；来源：大罗SEO/High DA Profile / 大罗SEO/Forums (L4)；类型：Profile link / Forums；链接：Dofollow；聚合源标记可即时通过；导入日期 2026-08-25；执行前复核当前规则
https://promocodes.com/		FALSE		聚合源标记免费；来源：大罗SEO/Coupon (L3) DALUOSEO.COM；类型：Coupon；链接：Unknown；导入日期 2026-08-25；执行前复核当前规则
https://promoteproject.com/		FALSE		聚合源标记免费；来源：大罗SEO/Product Launch (L5)；类型：Produt Launch；链接：Unknown；导入日期 2026-08-25；执行前复核当前规则
https://promoteproject.com/login		FALSE		聚合源标记免费；来源：GitHub/csv/09-general-directories.csv+md/09-general-directories.md；类型：submission；导入日期 2026-08-25；执行前复核当前规则
https://promptzone.com/new		FALSE		聚合源标记免费；来源：首轮明确免费提交入口 / GitHub/csv/09-general-directories.csv+md/09-general-directories.md；类型：Directory / submission；导入日期 2026-08-25；执行前复核当前规则
https://propit.it/forums		FALSE		聚合源标记免费；来源：大罗SEO/Forums (L4)；类型：Forums；链接：Unknown；导入日期 2026-08-25；执行前复核当前规则
https://proprofsdiscuss.com/		FALSE		聚合源标记免费；来源：大罗SEO/High DA Profile / 大罗SEO/Forums (L4)；类型：Profile link / Forums；链接：Nofollow；聚合源标记可即时通过；导入日期 2026-08-25；执行前复核当前规则
https://prosportsdaily.com/		FALSE		聚合源标记免费；来源：大罗SEO/High DA Profile / 大罗SEO/Forums (L4)；类型：Profile link / Forums；链接：Dofollow；聚合源标记可即时通过；导入日期 2026-08-25；执行前复核当前规则
https://provenexpert.com/		FALSE		聚合源标记免费；来源：大罗SEO/High DA Profile / 大罗SEO/Review Sites；类型：Profile link / Review Sites；链接：Dofollow；聚合源标记可即时通过；导入日期 2026-08-25；执行前复核当前规则
https://providerdirect.com.au/		FALSE		聚合源标记免费；来源：大罗SEO/Local (L2)；类型：Local；链接：Unknown；导入日期 2026-08-25；执行前复核当前规则
https://prowly.com/		FALSE		聚合源标记免费；来源：大罗SEO/Press Release (L4)；类型：Press Release；链接：Unknown；导入日期 2026-08-25；执行前复核当前规则
https://prsync.com/		FALSE		聚合源标记免费；来源：大罗SEO/High DA Profile / 大罗SEO/Press Release (L4)；类型：Profile link / Press Release；链接：Nofollow；聚合源标记可即时通过；导入日期 2026-08-25；执行前复核当前规则
https://prublogger.com/		FALSE		聚合源标记免费；来源：大罗SEO/Website Builder L4；类型：Website Builder；链接：Dofollow；聚合源标记可即时通过；导入日期 2026-08-25；执行前复核当前规则
https://prweb.com/		FALSE		聚合源标记免费；来源：大罗SEO/Press Release (L4)；类型：Press Release；链接：Unknown；导入日期 2026-08-25；执行前复核当前规则
https://ps5forum.com/		FALSE		聚合源标记免费；来源：大罗SEO/High DA Profile / 大罗SEO/Forums (L4)；类型：Profile link / Forums；链接：Dofollow；聚合源标记可即时通过；导入日期 2026-08-25；执行前复核当前规则
https://psu.com/forums		FALSE		聚合源标记免费；来源：大罗SEO/High DA Profile / 大罗SEO/Forums (L4)；类型：Profile link / Forums；链接：Nofollow；聚合源标记可即时通过；导入日期 2026-08-25；执行前复核当前规则
https://psx-place.com/		FALSE		聚合源标记免费；来源：大罗SEO/High DA Profile / 大罗SEO/Forums (L4)；类型：Profile link / Forums；链接：Nofollow / Dofollow；聚合源标记可即时通过；导入日期 2026-08-25；执行前复核当前规则
https://psxextreme.info/		FALSE		聚合源标记免费；来源：大罗SEO/High DA Profile / 大罗SEO/Forums (L4)；类型：Profile link / Forums；链接：Nofollow；聚合源标记可即时通过；导入日期 2026-08-25；执行前复核当前规则
https://psxhax.com/		FALSE		聚合源标记免费；来源：大罗SEO/High DA Profile / 大罗SEO/Forums (L4)；类型：Profile link / Forums；链接：Nofollow；聚合源标记可即时通过；导入日期 2026-08-25；执行前复核当前规则
https://pubhtml5.com/		FALSE		聚合源标记免费；来源：大罗SEO/High DA Profile；类型：Profile link；链接：Dofollow；聚合源标记可即时通过；导入日期 2026-08-25；执行前复核当前规则
https://publicityx.com/startups/new		FALSE		聚合源标记免费；来源：Web.Cafe 海外产品发布渠道；类型：Product Launch；导入日期 2026-08-25；执行前复核当前规则
https://publiclab.org/		FALSE		聚合源标记免费；来源：大罗SEO/High DA Profile；类型：Profile link；链接：Dofollow；聚合源标记可即时通过；导入日期 2026-08-25；执行前复核当前规则
https://pwm.org.pl/index.php		FALSE		聚合源标记免费；来源：大罗SEO/High DA Profile / 大罗SEO/Forums (L4)；类型：Profile link / Forums；链接：Dofollow；聚合源标记可即时通过；导入日期 2026-08-25；执行前复核当前规则
https://pxhere.com/		FALSE		聚合源标记免费；来源：大罗SEO/High DA Profile；类型：Profile link；链接：Nofollow；聚合源标记可即时通过；导入日期 2026-08-25；执行前复核当前规则
https://pythonjobshq.com/		FALSE		聚合源标记免费；来源：大罗SEO/Job Boards (L4)；类型：Job Boards；链接：Dofollow；聚合源标记可即时通过；导入日期 2026-08-25；执行前复核当前规则
https://qiita.com/		FALSE		聚合源标记免费；来源：大罗SEO/High DA Profile；类型：Profile link；链接：Nofollow；聚合源标记可即时通过；导入日期 2026-08-25；执行前复核当前规则
https://qna.habr.com/		FALSE		聚合源标记免费；来源：大罗SEO/High DA Profile；类型：Profile link；链接：Dofollow；聚合源标记可即时通过；导入日期 2026-08-25；执行前复核当前规则
https://qowap.com/		FALSE		聚合源标记免费；来源：大罗SEO/Website Builder L4；类型：Website Builder；链接：Dofollow；聚合源标记可即时通过；导入日期 2026-08-25；执行前复核当前规则
https://qr.net/		FALSE		聚合源标记免费；来源：大罗SEO/URL Shortener；类型：URL Shortener；链接：Dofollow；聚合源标记可即时通过；导入日期 2026-08-25；执行前复核当前规则
https://qrurl.cc/		FALSE		聚合源标记免费；来源：大罗SEO/URL Shortener；类型：URL Shortener；链接：Dofollow；聚合源标记可即时通过；导入日期 2026-08-25；执行前复核当前规则
https://qualtrics.com/		FALSE		聚合源标记免费；来源：大罗SEO/High DA Profile；类型：Profile link；链接：Nofollow；聚合源标记可即时通过；导入日期 2026-08-25；执行前复核当前规则
https://qubeshub.org/		FALSE		聚合源标记免费；来源：大罗SEO/High DA Profile；类型：Profile link；链接：Nofollow；聚合源标记可即时通过；导入日期 2026-08-25；执行前复核当前规则
https://quesanswer.com/		FALSE		聚合源标记免费；来源：大罗SEO/High DA Profile / 大罗SEO/Forums (L4)；类型：Profile link / Forums；链接：Dofollow；聚合源标记可即时通过；导入日期 2026-08-25；执行前复核当前规则
https://question2answer.org/		FALSE		聚合源标记免费；来源：大罗SEO/High DA Profile；类型：Profile link；链接：Nofollow；聚合源标记可即时通过；导入日期 2026-08-25；执行前复核当前规则
https://quora.com/		FALSE		聚合源标记免费；来源：大罗SEO/High DA Profile / 大罗SEO/Communities (L4)；类型：Profile link / Communities；链接：Nofollow；聚合源标记可即时通过；导入日期 2026-08-25；执行前复核当前规则
https://quponing.com/		FALSE		聚合源标记免费；来源：大罗SEO/Directory / 大罗SEO/Local (L2)；类型：Directory / Local；链接：Nofollow；聚合源标记可即时通过；导入日期 2026-08-25；执行前复核当前规则
https://qutee.com/		FALSE		聚合源标记免费；来源：大罗SEO/High DA Profile；类型：Profile link；链接：Nofollow；聚合源标记可即时通过；导入日期 2026-08-25；执行前复核当前规则
https://raiday.ai/		FALSE		聚合源标记免费；来源：GitHub/csv/09-general-directories.csv+md/09-general-directories.md；类型：homepage；导入日期 2026-08-25；执行前复核当前规则
https://raiday.ai/submit-ai-tool		FALSE		聚合源标记免费；来源：首轮明确免费提交入口 / GitHub/csv/09-general-directories.csv+md/09-general-directories.md；类型：Directory / submission；导入日期 2026-08-25；执行前复核当前规则
https://ralph.bakerlab.org/		FALSE		聚合源标记免费；来源：大罗SEO/High DA Profile；类型：Profile link；链接：Dofollow；聚合源标记可即时通过；导入日期 2026-08-25；执行前复核当前规则
https://ranker.com/		FALSE		聚合源标记免费；来源：大罗SEO/High DA Profile；类型：Profile link；链接：Nofollow；聚合源标记可即时通过；导入日期 2026-08-25；执行前复核当前规则
https://rapide-entreprises.com/		FALSE		聚合源标记免费；来源：大罗SEO/Local (L2)；类型：Local；链接：Unknown；导入日期 2026-08-25；执行前复核当前规则
https://rc-network.de/		FALSE		聚合源标记免费；来源：大罗SEO/High DA Profile / 大罗SEO/Forums (L4)；类型：Profile link / Forums；链接：Nofollow；聚合源标记可即时通过；导入日期 2026-08-25；执行前复核当前规则
https://rcforum.ru/		FALSE		聚合源标记免费；来源：大罗SEO/High DA Profile / 大罗SEO/Forums (L4)；类型：Profile link / Forums；链接：Dofollow；聚合源标记可即时通过；导入日期 2026-08-25；执行前复核当前规则
https://rctech.net/forum		FALSE		聚合源标记免费；来源：大罗SEO/High DA Profile / 大罗SEO/Forums (L4)；类型：Profile link / Forums；链接：Dofollow；聚合源标记可即时通过；导入日期 2026-08-25；执行前复核当前规则
https://rctruck.pl/forum		FALSE		聚合源标记免费；来源：大罗SEO/High DA Profile / 大罗SEO/Forums (L4)；类型：Profile link / Forums；链接：Dofollow；聚合源标记可即时通过；导入日期 2026-08-25；执行前复核当前规则
https://readthedocs.org/		FALSE		聚合源标记免费；来源：大罗SEO/High DA Profile / 大罗SEO/File Upload (L4)；类型：Profile link / File Upload；链接：Nofollow；聚合源标记可即时通过；导入日期 2026-08-25；执行前复核当前规则
https://realphotographersforum.com/forum		FALSE		聚合源标记免费；来源：大罗SEO/High DA Profile / 大罗SEO/Forums (L4)；类型：Profile link / Forums；链接：Nofollow；聚合源标记可即时通过；导入日期 2026-08-25；执行前复核当前规则
https://rebajas.guru/		FALSE		聚合源标记免费；来源：大罗SEO/Coupon (L3) DALUOSEO.COM；类型：Coupon；链接：Unknown；导入日期 2026-08-25；执行前复核当前规则
https://rebrandly.com/		FALSE		聚合源标记免费；来源：大罗SEO/URL Shortener；类型：URL Shortener；链接：Dofollow；聚合源标记可即时通过；导入日期 2026-08-25；执行前复核当前规则
https://recruitmentqueen.com/		FALSE		聚合源标记免费；来源：大罗SEO/High DA Profile / 大罗SEO/Job Boards (L4)；类型：Profile link / Job Boards；链接：Dofollow；聚合源标记可即时通过；导入日期 2026-08-25；执行前复核当前规则
https://redbubble.com/		FALSE		聚合源标记免费；来源：大罗SEO/High DA Profile；类型：Profile link；链接：Dofollow；聚合源标记可即时通过；导入日期 2026-08-25；执行前复核当前规则
https://reddit.com/		FALSE		聚合源标记免费；来源：大罗SEO/Forums (L4)；类型：Forums；链接：Unknown；导入日期 2026-08-25；执行前复核当前规则
https://reddit.com/r/advancedentrepreneur		FALSE		聚合源标记免费；来源：Web.Cafe 海外产品发布渠道；类型：Product Launch；导入日期 2026-08-25；执行前复核当前规则
https://reddit.com/r/alphaandbetausers		FALSE		聚合源标记免费；来源：Web.Cafe 海外产品发布渠道；类型：Product Launch；导入日期 2026-08-25；执行前复核当前规则
https://reddit.com/r/coupons		FALSE		聚合源标记免费；来源：Web.Cafe 海外产品发布渠道；类型：Product Launch；导入日期 2026-08-25；执行前复核当前规则
https://reddit.com/r/design_critiques		FALSE		聚合源标记免费；来源：Web.Cafe 海外产品发布渠道；类型：Product Launch；导入日期 2026-08-25；执行前复核当前规则
https://reddit.com/r/entrepreneur		FALSE		聚合源标记免费；来源：Web.Cafe 海外产品发布渠道；类型：Product Launch；导入日期 2026-08-25；执行前复核当前规则
https://reddit.com/r/EntrepreneurRideAlong		FALSE		聚合源标记免费；来源：Web.Cafe 海外产品发布渠道；类型：Product Launch；导入日期 2026-08-25；执行前复核当前规则
https://reddit.com/r/growmybusiness		FALSE		聚合源标记免费；来源：Web.Cafe 海外产品发布渠道；类型：Product Launch；导入日期 2026-08-25；执行前复核当前规则
https://reddit.com/r/indiebiz		FALSE		聚合源标记免费；来源：Web.Cafe 海外产品发布渠道；类型：Product Launch；导入日期 2026-08-25；执行前复核当前规则
https://reddit.com/r/ladybusiness		FALSE		聚合源标记免费；来源：Web.Cafe 海外产品发布渠道；类型：Product Launch；导入日期 2026-08-25；执行前复核当前规则
https://reddit.com/r/Plugyourproduct		FALSE		聚合源标记免费；来源：Web.Cafe 海外产品发布渠道；类型：Product Launch；导入日期 2026-08-25；执行前复核当前规则
https://reddit.com/r/roastmystartup		FALSE		聚合源标记免费；来源：Web.Cafe 海外产品发布渠道；类型：Product Launch；导入日期 2026-08-25；执行前复核当前规则
https://reddit.com/r/sideproject		FALSE		聚合源标记免费；来源：Web.Cafe 海外产品发布渠道；类型：Product Launch；导入日期 2026-08-25；执行前复核当前规则
https://reddit.com/r/smallbusiness		FALSE		聚合源标记免费；来源：Web.Cafe 海外产品发布渠道；类型：Product Launch；导入日期 2026-08-25；执行前复核当前规则
https://reddit.com/r/startup		FALSE		聚合源标记免费；来源：Web.Cafe 海外产品发布渠道；类型：Product Launch；导入日期 2026-08-25；执行前复核当前规则
https://reddit.com/r/startups		FALSE		聚合源标记免费；来源：Web.Cafe 海外产品发布渠道；类型：Product Launch；导入日期 2026-08-25；执行前复核当前规则
https://reddit.com/r/web_design		FALSE		聚合源标记免费；来源：Web.Cafe 海外产品发布渠道；类型：Product Launch；导入日期 2026-08-25；执行前复核当前规则
https://reddit.com/r/webdev		FALSE		聚合源标记免费；来源：Web.Cafe 海外产品发布渠道；类型：Product Launch；导入日期 2026-08-25；执行前复核当前规则
https://reddit.com/user/hi_there_bitch		FALSE		聚合源标记免费；来源：GitHub/csv/07-ai-creators-directory.csv+md/07-ai-creators-directory.md；类型：submission；导入日期 2026-08-25；执行前复核当前规则
https://reecoupons.com/		FALSE		聚合源标记免费；来源：大罗SEO/Coupon (L3) DALUOSEO.COM；类型：Coupon；链接：Unknown；导入日期 2026-08-25；执行前复核当前规则
https://reedsy.com/		FALSE		聚合源标记免费；来源：大罗SEO/High DA Profile；类型：Profile link；链接：Nofollow；聚合源标记可即时通过；导入日期 2026-08-25；执行前复核当前规则
https://reef2reef.com/		FALSE		聚合源标记免费；来源：大罗SEO/High DA Profile / 大罗SEO/Forums (L4)；类型：Profile link / Forums；链接：Nofollow；聚合源标记可即时通过；导入日期 2026-08-25；执行前复核当前规则
https://rehashclothes.com/		FALSE		聚合源标记免费；来源：大罗SEO/High DA Profile；类型：Profile link；链接：Nofollow；聚合源标记可即时通过；导入日期 2026-08-25；执行前复核当前规则
https://releasewire.com/		FALSE		聚合源标记免费；来源：大罗SEO/High DA Profile / 大罗SEO/Press Release (L4)；类型：Profile link / Press Release；链接：Dofollow；聚合源标记可即时通过；导入日期 2026-08-25；执行前复核当前规则
https://remotecentral.com/		FALSE		聚合源标记免费；来源：大罗SEO/High DA Profile；类型：Profile link；链接：Dofollow；聚合源标记可即时通过；导入日期 2026-08-25；执行前复核当前规则
https://remoteok.io/		FALSE		聚合源标记免费；来源：大罗SEO/Job Boards (L4)；类型：Job Boards；链接：Unknown；导入日期 2026-08-25；执行前复核当前规则
https://repl.it/		FALSE		聚合源标记免费；来源：大罗SEO/High DA Profile；类型：Profile link；链接：Dofollow；聚合源标记可即时通过；导入日期 2026-08-25；执行前复核当前规则
https://republic.com/		FALSE		聚合源标记免费；来源：大罗SEO/High DA Profile / 大罗SEO/Crowdfunding (L5)；类型：Profile link / Crowdfunding；链接：Nofollow；聚合源标记可即时通过；导入日期 2026-08-25；执行前复核当前规则
https://resellerratings.com/		FALSE		聚合源标记免费；来源：大罗SEO/Review Sites；类型：Review Sites；链接：Unknown；导入日期 2026-08-25；执行前复核当前规则
https://resetera.com/		FALSE		聚合源标记免费；来源：大罗SEO/High DA Profile / 大罗SEO/Forums (L4)；类型：Profile link / Forums；链接：Nofollow；聚合源标记可即时通过；导入日期 2026-08-25；执行前复核当前规则
https://resource.fyi/account/submit		FALSE		聚合源标记免费；来源：首轮明确免费提交入口 / GitHub/csv/09-general-directories.csv+md/09-general-directories.md；类型：Directory / submission；导入日期 2026-08-25；执行前复核当前规则
https://respuestas.trabber.com/		FALSE		聚合源标记免费；来源：大罗SEO/High DA Profile / 大罗SEO/Forums (L4)；类型：Profile link / Forums；链接：Nofollow；聚合源标记可即时通过；导入日期 2026-08-25；执行前复核当前规则
https://retailmenot.com/		FALSE		聚合源标记免费；来源：大罗SEO/Coupon (L3) DALUOSEO.COM；类型：Coupon；链接：Unknown；导入日期 2026-08-25；执行前复核当前规则
https://retipster.com/forum		FALSE		聚合源标记免费；来源：大罗SEO/High DA Profile / 大罗SEO/Forums (L4)；类型：Profile link / Forums；链接：Nofollow；聚合源标记可即时通过；导入日期 2026-08-25；执行前复核当前规则
https://retrobike.co.uk/forums		FALSE		聚合源标记免费；来源：大罗SEO/High DA Profile / 大罗SEO/Forums (L4)；类型：Profile link / Forums；链接：Nofollow；聚合源标记可即时通过；导入日期 2026-08-25；执行前复核当前规则
https://returnships.co/		FALSE		聚合源标记免费；来源：大罗SEO/Job Boards (L4)；类型：Job Boards；链接：Nofollow；聚合源标记可即时通过；导入日期 2026-08-25；执行前复核当前规则
https://reverbnation.com/		FALSE		聚合源标记免费；来源：大罗SEO/High DA Profile；类型：Profile link；链接：Dofollow；聚合源标记可即时通过；导入日期 2026-08-25；执行前复核当前规则
https://review-blogger.com/		FALSE		聚合源标记免费；来源：大罗SEO/Website Builder L4；类型：Website Builder；链接：Dofollow；聚合源标记可即时通过；导入日期 2026-08-25；执行前复核当前规则
https://reviewcentre.com/		FALSE		聚合源标记免费；来源：大罗SEO/Review Sites；类型：Review Sites；链接：Unknown；导入日期 2026-08-25；执行前复核当前规则
https://rhizome.org/		FALSE		聚合源标记免费；来源：大罗SEO/High DA Profile；类型：Profile link；链接：Dofollow；聚合源标记可即时通过；导入日期 2026-08-25；执行前复核当前规则
https://ricercare-imprese.it/		FALSE		聚合源标记免费；来源：大罗SEO/Directory；类型：Directory；链接：Unknown；导入日期 2026-08-25；执行前复核当前规则
https://richbookmarking.com/		FALSE		聚合源标记免费；来源：大罗SEO/Bookmarking；类型：Bookmarking；链接：Dofollow；聚合源标记可即时通过；导入日期 2026-08-25；执行前复核当前规则
https://risecsp.net/		FALSE		聚合源标记免费；来源：大罗SEO/Bookmarking；类型：Bookmarking；链接：Dofollow；聚合源标记可即时通过；导入日期 2026-08-25；执行前复核当前规则
https://roadbikereview.com/		FALSE		聚合源标记免费；来源：大罗SEO/High DA Profile / 大罗SEO/Forums (L4)；类型：Profile link / Forums；链接：Nofollow；聚合源标记可即时通过；导入日期 2026-08-25；执行前复核当前规则
https://ronpaulforums.com/		FALSE		聚合源标记免费；来源：大罗SEO/High DA Profile / 大罗SEO/Forums (L4)；类型：Profile link / Forums；链接：Dofollow；聚合源标记可即时通过；导入日期 2026-08-25；执行前复核当前规则
https://routerforums.com/		FALSE		聚合源标记免费；来源：大罗SEO/High DA Profile / 大罗SEO/Forums (L4)；类型：Profile link / Forums；链接：Nofollow；聚合源标记可即时通过；导入日期 2026-08-25；执行前复核当前规则
https://roweroweporady.pl/f		FALSE		聚合源标记免费；来源：大罗SEO/High DA Profile / 大罗SEO/Forums (L4)；类型：Profile link / Forums；链接：Dofollow；聚合源标记可即时通过；导入日期 2026-08-25；执行前复核当前规则
https://roxhillmedia.com/		FALSE		聚合源标记免费；来源：大罗SEO/Press Release (L4)；类型：Press Release；链接：Unknown；导入日期 2026-08-25；执行前复核当前规则
https://rpgmaker.net/		FALSE		聚合源标记免费；来源：大罗SEO/High DA Profile；类型：Profile link；链接：Dofollow；聚合源标记可即时通过；导入日期 2026-08-25；执行前复核当前规则
https://rpgwatch.com/		FALSE		聚合源标记免费；来源：大罗SEO/High DA Profile / 大罗SEO/Forums (L4)；类型：Profile link / Forums；链接：Nofollow；聚合源标记可即时通过；导入日期 2026-08-25；执行前复核当前规则
https://runnerspace.com/		FALSE		聚合源标记免费；来源：大罗SEO/High DA Profile；类型：Profile link；链接：Dofollow；聚合源标记可即时通过；导入日期 2026-08-25；执行前复核当前规则
https://ruqqus.com/		FALSE		聚合源标记免费；来源：大罗SEO/High DA Profile / 大罗SEO/Communities (L4)；类型：Profile link / Communities；链接：Dofollow；聚合源标记可即时通过；导入日期 2026-08-25；执行前复核当前规则
https://s.id/		FALSE		聚合源标记免费；来源：大罗SEO/URL Shortener；类型：URL Shortener；链接：Dofollow；聚合源标记可即时通过；导入日期 2026-08-25；执行前复核当前规则
https://saas-marketplaces.com/		FALSE		聚合源标记免费；来源：大罗SEO/Directory；类型：Directory；链接：Unknown；导入日期 2026-08-25；执行前复核当前规则
https://saasbaba.com/		FALSE		聚合源标记免费；来源：Notion 100+ DIR/FREE / GitHub/csv/02-ai-tools-directory.csv+csv/04-launch-websites.csv+csv/09-general-directories.csv+md/02-ai-tools-directory.md+md/04-launch-websites.md+md/09-general-directories.md；类型：Product Launch / homepage；导入日期 2026-08-25；执行前复核当前规则
https://saasbaba.com/add-ai-tool		FALSE		聚合源标记免费；来源：Notion 100+ DIR/FREE / 首轮明确免费提交入口 / GitHub/csv/09-general-directories.csv+md/09-general-directories.md；类型：Product Launch / Directory / submission；导入日期 2026-08-25；执行前复核当前规则
https://saashub.com/		FALSE		聚合源标记免费；来源：大罗SEO/Directory / 大罗SEO/Product Launch (L5) / Web.Cafe 海外产品发布渠道 / GitHub/csv/01-startup-directories.csv+csv/03-new-startup-directories.csv+csv/04-launch-websites.csv+csv/05-backlinks.csv+csv/07-ai-creators-directory.csv+csv/09-general-directories.csv+md/01-startup-directories.md+md/03-new-startup-directories.md+md/04-launch-websites.md+md/05-backlinks.md+md/07-ai-creators-directory.md+md/09-general-directories.md；类型：Directory / Produt Launch / Product Launch / homepage；链接：Unknown；导入日期 2026-08-25；执行前复核当前规则
https://saashub.com/services/submit		FALSE		聚合源标记免费；来源：GitHub/csv/04-launch-websites.csv+md/04-launch-websites.md；类型：submission；导入日期 2026-08-25；执行前复核当前规则
https://saashub.com/submit		FALSE		聚合源标记免费；来源：GitHub/csv/06-startup-launch-ways.csv+csv/07-ai-creators-directory.csv+csv/09-general-directories.csv+md/06-startup-launch-ways.md+md/07-ai-creators-directory.md+md/09-general-directories.md；类型：submission；导入日期 2026-08-25；执行前复核当前规则
https://saasified.co/		FALSE		聚合源标记免费；来源：大罗SEO/Directory / Web.Cafe 海外产品发布渠道；类型：Directory / Product Launch；链接：Unknown；导入日期 2026-08-25；执行前复核当前规则
https://saasmantra.com/		FALSE		聚合源标记免费；来源：大罗SEO/Deals (L3)；类型：Deals；链接：Unknown；导入日期 2026-08-25；执行前复核当前规则
https://saaspo.com/		FALSE		聚合源标记免费；来源：GitHub/csv/07-ai-creators-directory.csv+md/07-ai-creators-directory.md；类型：homepage；导入日期 2026-08-25；执行前复核当前规则
https://saaspo.com/submit		FALSE		聚合源标记免费；来源：首轮明确免费提交入口 / GitHub/csv/07-ai-creators-directory.csv+csv/09-general-directories.csv+md/07-ai-creators-directory.md+md/09-general-directories.md；类型：Directory / submission；导入日期 2026-08-25；执行前复核当前规则
https://saasrefs.com/		FALSE		聚合源标记免费；来源：GitHub/csv/07-ai-creators-directory.csv+md/07-ai-creators-directory.md；类型：submission；导入日期 2026-08-25；执行前复核当前规则
https://saasworthy.com/		FALSE		聚合源标记免费；来源：大罗SEO/Directory / 大罗SEO/Product Launch (L5) / GitHub/csv/01-startup-directories.csv+csv/03-new-startup-directories.csv+csv/04-launch-websites.csv+csv/05-backlinks.csv+csv/06-startup-launch-ways.csv+csv/07-ai-creators-directory.csv+md/01-startup-directories.md+md/03-new-startup-directories.md+md/04-launch-websites.md+md/05-backlinks.md+md/06-startup-launch-ways.md+md/07-ai-creators-directory.md；类型：Directory / Produt Launch / homepage；链接：Unknown；导入日期 2026-08-25；执行前复核当前规则
https://saasworthy.com/offerings		FALSE		聚合源标记免费；来源：GitHub/csv/09-general-directories.csv+md/09-general-directories.md；类型：submission；导入日期 2026-08-25；执行前复核当前规则
https://samaysawara.in/		FALSE		聚合源标记免费；来源：大罗SEO/Bookmarking；类型：Bookmarking；链接：Dofollow；聚合源标记可即时通过；导入日期 2026-08-25；执行前复核当前规则
https://sandbox.zenodo.org/		FALSE		聚合源标记免费；来源：大罗SEO/High DA Profile；类型：Profile link；链接：Dofollow；聚合源标记可即时通过；导入日期 2026-08-25；执行前复核当前规则
https://sbnation.com/		FALSE		聚合源标记免费；来源：大罗SEO/High DA Profile；类型：Profile link；链接：Nofollow；聚合源标记可即时通过；导入日期 2026-08-25；执行前复核当前规则
https://sbookmarking.com/		FALSE		聚合源标记免费；来源：大罗SEO/Bookmarking；类型：Bookmarking；链接：Dofollow；聚合源标记可即时通过；导入日期 2026-08-25；执行前复核当前规则
https://sbwire.com/		FALSE		聚合源标记免费；来源：大罗SEO/High DA Profile / 大罗SEO/Press Release (L4)；类型：Profile link / Press Release；链接：Nofollow；聚合源标记可即时通过；导入日期 2026-08-25；执行前复核当前规则
https://scale-models.co.uk/		FALSE		聚合源标记免费；来源：大罗SEO/High DA Profile / 大罗SEO/Forums (L4)；类型：Profile link / Forums；链接：Nofollow；聚合源标记可即时通过；导入日期 2026-08-25；执行前复核当前规则
https://scalemates.com/		FALSE		聚合源标记免费；来源：大罗SEO/High DA Profile / 大罗SEO/Forums (L4)；类型：Profile link / Forums；链接：Dofollow；聚合源标记可即时通过；导入日期 2026-08-25；执行前复核当前规则
https://scalemodeladdict.com/		FALSE		聚合源标记免费；来源：大罗SEO/High DA Profile / 大罗SEO/Forums (L4)；类型：Profile link / Forums；链接：Dofollow；聚合源标记可即时通过；导入日期 2026-08-25；执行前复核当前规则
https://scoop.it/		FALSE		聚合源标记免费；来源：大罗SEO/High DA Profile；类型：Profile link；链接：Nofollow；聚合源标记可即时通过；导入日期 2026-08-25；执行前复核当前规则
https://screenskills.com/		FALSE		聚合源标记免费；来源：大罗SEO/High DA Profile；类型：Profile link；链接：Dofollow；聚合源标记可即时通过；导入日期 2026-08-25；执行前复核当前规则
https://scrubtheweb.com/		FALSE		聚合源标记免费；来源：大罗SEO/Directory；类型：Directory；链接：Unknown；导入日期 2026-08-25；执行前复核当前规则
https://se7ensins.com/forums		FALSE		聚合源标记免费；来源：大罗SEO/High DA Profile / 大罗SEO/Forums (L4)；类型：Profile link / Forums；链接：Dofollow；聚合源标记可即时通过；导入日期 2026-08-25；执行前复核当前规则
https://search.ch/		FALSE		聚合源标记免费；来源：大罗SEO/Local (L2)；类型：Local；链接：Unknown；导入日期 2026-08-25；执行前复核当前规则
https://secondlifestorage.com/		FALSE		聚合源标记免费；来源：大罗SEO/High DA Profile / 大罗SEO/Forums (L4)；类型：Profile link / Forums；链接：Nofollow；聚合源标记可即时通过；导入日期 2026-08-25；执行前复核当前规则
https://seedandspark.com/		FALSE		聚合源标记免费；来源：大罗SEO/High DA Profile / 大罗SEO/Crowdfunding (L5)；类型：Profile link / Crowdfunding；链接：Dofollow；聚合源标记可即时通过；导入日期 2026-08-25；执行前复核当前规则
https://seek.co.nz/		FALSE		聚合源标记免费；来源：大罗SEO/Job Boards (L4)；类型：Job Boards；链接：Unknown；导入日期 2026-08-25；执行前复核当前规则
https://seek.com.au/		FALSE		聚合源标记免费；来源：大罗SEO/Job Boards (L4)；类型：Job Boards；链接：Unknown；导入日期 2026-08-25；执行前复核当前规则
https://seekingalpha.com/		FALSE		聚合源标记免费；来源：大罗SEO/High DA Profile；类型：Profile link；链接：Nofollow；聚合源标记可即时通过；导入日期 2026-08-25；执行前复核当前规则
https://selfgrowth.com/		FALSE		聚合源标记免费；来源：大罗SEO/Communities (L4)；类型：Communities；链接：Unknown；导入日期 2026-08-25；执行前复核当前规则
https://selfieoo.com/		FALSE		聚合源标记免费；来源：大罗SEO/High DA Profile；类型：Profile link；链接：Dofollow；聚合源标记可即时通过；导入日期 2026-08-25；执行前复核当前规则
https://seltosforum.com/		FALSE		聚合源标记免费；来源：大罗SEO/High DA Profile / 大罗SEO/Forums (L4)；类型：Profile link / Forums；链接：Nofollow；聚合源标记可即时通过；导入日期 2026-08-25；执行前复核当前规则
https://seolinksubmit.com/		FALSE		聚合源标记免费；来源：大罗SEO/Bookmarking；类型：Bookmarking；链接：Dofollow；聚合源标记可即时通过；导入日期 2026-08-25；执行前复核当前规则
https://seomotionz.com/		FALSE		聚合源标记免费；来源：大罗SEO/High DA Profile / 大罗SEO/Forums (L4)；类型：Profile link / Forums；链接：Dofollow；聚合源标记可即时通过；导入日期 2026-08-25；执行前复核当前规则
https://seooptions.ml/		FALSE		聚合源标记免费；来源：大罗SEO/Bookmarking；类型：Bookmarking；链接：Nofollow；聚合源标记可即时通过；导入日期 2026-08-25；执行前复核当前规则
https://seoptimer.com/		FALSE		聚合源标记免费；来源：大罗SEO/High DA Profile；类型：Profile link；链接：Dofollow；聚合源标记可即时通过；导入日期 2026-08-25；执行前复核当前规则
https://seos.ai/		FALSE		聚合源标记免费；来源：GitHub/csv/04-launch-websites.csv+md/04-launch-websites.md；类型：homepage；导入日期 2026-08-25；执行前复核当前规则
https://seos.ai/add-tool		FALSE		聚合源标记免费；来源：GitHub/csv/04-launch-websites.csv+md/04-launch-websites.md；类型：submission；导入日期 2026-08-25；执行前复核当前规则
https://seositecheckup.com/		FALSE		聚合源标记免费；来源：大罗SEO/High DA Profile；类型：Profile link；链接：Nofollow；聚合源标记可即时通过；导入日期 2026-08-25；执行前复核当前规则
https://seosubmitbookmark.com/		FALSE		聚合源标记免费；来源：大罗SEO/High DA Profile；类型：Profile link；链接：Dofollow；聚合源标记可即时通过；导入日期 2026-08-25；执行前复核当前规则
https://seotool.insertarticles.info/		FALSE		聚合源标记免费；来源：大罗SEO/Bookmarking；类型：Bookmarking；链接：Dofollow；聚合源标记可即时通过；导入日期 2026-08-25；执行前复核当前规则
https://serchen.com/		FALSE		聚合源标记免费；来源：大罗SEO/Directory / 大罗SEO/Review Sites；类型：Directory / Review Sites；链接：Unknown；导入日期 2026-08-25；执行前复核当前规则
https://serchen.com/get-listed		FALSE		聚合源标记免费；来源：GitHub/csv/07-ai-creators-directory.csv+md/07-ai-creators-directory.md；类型：submission；导入日期 2026-08-25；执行前复核当前规则
https://serverfault.com/		FALSE		聚合源标记免费；来源：大罗SEO/Communities (L4)；类型：Communities；链接：Unknown；导入日期 2026-08-25；执行前复核当前规则
https://setiweb.ssl.berkeley.edu/		FALSE		聚合源标记免费；来源：大罗SEO/High DA Profile；类型：Profile link；链接：Dofollow；聚合源标记可即时通过；导入日期 2026-08-25；执行前复核当前规则
https://sevenforums.com/		FALSE		聚合源标记免费；来源：大罗SEO/High DA Profile / 大罗SEO/Forums (L4)；类型：Profile link / Forums；链接：Nofollow；聚合源标记可即时通过；导入日期 2026-08-25；执行前复核当前规则
https://sffchronicles.com/		FALSE		聚合源标记免费；来源：大罗SEO/High DA Profile / 大罗SEO/Forums (L4)；类型：Profile link / Forums；链接：Dofollow；聚合源标记可即时通过；导入日期 2026-08-25；执行前复核当前规则
https://sharedais.com/		FALSE		聚合源标记免费；来源：大罗SEO/Bookmarking；类型：Bookmarking；链接：Dofollow；聚合源标记可即时通过；导入日期 2026-08-25；执行前复核当前规则
https://sharedcoupon.com/		FALSE		聚合源标记免费；来源：大罗SEO/Coupon (L3) DALUOSEO.COM；类型：Coupon；链接：Unknown；导入日期 2026-08-25；执行前复核当前规则
https://sharree.com/		FALSE		聚合源标记免费；来源：大罗SEO/High DA Profile；类型：Profile link；链接：Dofollow；聚合源标记可即时通过；导入日期 2026-08-25；执行前复核当前规则
https://shorl.com/		FALSE		聚合源标记免费；来源：大罗SEO/URL Shortener；类型：URL Shortener；链接：Dofollow；聚合源标记可即时通过；导入日期 2026-08-25；执行前复核当前规则
https://shorturl.at/		FALSE		聚合源标记免费；来源：大罗SEO/URL Shortener；类型：URL Shortener；链接：Dofollow；聚合源标记可即时通过；导入日期 2026-08-25；执行前复核当前规则
https://shotblogs.com/		FALSE		聚合源标记免费；来源：大罗SEO/Website Builder L4；类型：Website Builder；链接：Dofollow；聚合源标记可即时通过；导入日期 2026-08-25；执行前复核当前规则
https://showme.com/		FALSE		聚合源标记免费；来源：大罗SEO/High DA Profile；类型：Profile link；链接：Nofollow；聚合源标记可即时通过；导入日期 2026-08-25；执行前复核当前规则
https://showmelocal.com/		FALSE		聚合源标记免费；来源：大罗SEO/Local (L2)；类型：Local；链接：Unknown；导入日期 2026-08-25；执行前复核当前规则
https://shroomery.org/forums		FALSE		聚合源标记免费；来源：大罗SEO/High DA Profile / 大罗SEO/Forums (L4)；类型：Profile link / Forums；链接：Nofollow；聚合源标记可即时通过；导入日期 2026-08-25；执行前复核当前规则
https://shrtfly.com/		FALSE		聚合源标记免费；来源：大罗SEO/URL Shortener；类型：URL Shortener；链接：Nofollow；聚合源标记可即时通过；导入日期 2026-08-25；执行前复核当前规则
https://shrunken.com/		FALSE		聚合源标记免费；来源：大罗SEO/URL Shortener；类型：URL Shortener；链接：Dofollow；聚合源标记可即时通过；导入日期 2026-08-25；执行前复核当前规则
https://shtn.me/		FALSE		聚合源标记免费；来源：大罗SEO/URL Shortener；类型：URL Shortener；链接：Dofollow；聚合源标记可即时通过；导入日期 2026-08-25；执行前复核当前规则
https://shutkey.updatesee.com/		FALSE		聚合源标记免费；来源：大罗SEO/Bookmarking；类型：Bookmarking；链接：Dofollow；聚合源标记可即时通过；导入日期 2026-08-25；执行前复核当前规则
https://shutterfly.com/		FALSE		聚合源标记免费；来源：大罗SEO/High DA Profile；类型：Profile link；链接：Dofollow；聚合源标记可即时通过；导入日期 2026-08-25；执行前复核当前规则
https://shuttertalk.com/forums		FALSE		聚合源标记免费；来源：大罗SEO/High DA Profile / 大罗SEO/Forums (L4)；类型：Profile link / Forums；链接：Dofollow；聚合源标记可即时通过；导入日期 2026-08-25；执行前复核当前规则
https://sick.tools/		FALSE		聚合源标记免费；来源：Notion 100+ DIR/FREE / GitHub/csv/09-general-directories.csv+md/09-general-directories.md；类型：Product Launch / homepage；导入日期 2026-08-25；执行前复核当前规则
https://sidebar.io/submit		FALSE		聚合源标记免费；来源：Web.Cafe 海外产品发布渠道；类型：Product Launch；导入日期 2026-08-25；执行前复核当前规则
https://sideprojectors.com/		FALSE		聚合源标记免费；来源：大罗SEO/Directory / 大罗SEO/Product Launch (L5) / Web.Cafe 海外产品发布渠道 / GitHub/csv/01-startup-directories.csv+csv/03-new-startup-directories.csv+csv/05-backlinks.csv+csv/06-startup-launch-ways.csv+csv/07-ai-creators-directory.csv+csv/09-general-directories.csv+md/01-startup-directories.md+md/03-new-startup-directories.md+md/05-backlinks.md+md/06-startup-launch-ways.md+md/07-ai-creators-directory.md+md/09-general-directories.md；类型：Directory / Produt Launch / Product Launch / submission；链接：Unknown；导入日期 2026-08-25；执行前复核当前规则
https://sideprojectors.com/auth/login?msg=1		FALSE		聚合源标记免费；来源：GitHub/csv/07-ai-creators-directory.csv+md/07-ai-creators-directory.md；类型：submission；导入日期 2026-08-25；执行前复核当前规则
https://sideprojects.net/		FALSE		聚合源标记免费；来源：大罗SEO/Product Launch (L5)；类型：Produt Launch；链接：Unknown；导入日期 2026-08-25；执行前复核当前规则
https://simandhareducation.com/forum		FALSE		聚合源标记免费；来源：大罗SEO/High DA Profile / 大罗SEO/Forums (L4)；类型：Profile link / Forums；链接：Nofollow；聚合源标记可即时通过；导入日期 2026-08-25；执行前复核当前规则
https://simbla.com/		FALSE		聚合源标记免费；来源：大罗SEO/Website Builder L4；类型：Website Builder；链接：Dofollow；聚合源标记可即时通过；导入日期 2026-08-25；执行前复核当前规则
https://simplelister.com/submit		FALSE		聚合源标记免费；来源：首轮明确免费提交入口 / GitHub/csv/09-general-directories.csv+md/09-general-directories.md；类型：Directory / submission；导入日期 2026-08-25；执行前复核当前规则
https://simplesite.com/		FALSE		聚合源标记免费；来源：大罗SEO/Website Builder L4；类型：Website Builder；链接：Nofollow；聚合源标记可即时通过；导入日期 2026-08-25；执行前复核当前规则
https://simpsite.nl/		FALSE		聚合源标记免费；来源：大罗SEO/Website Builder L4；类型：Website Builder；链接：Dofollow；聚合源标记可即时通过；导入日期 2026-08-25；执行前复核当前规则
https://site123.com/		FALSE		聚合源标记免费；来源：大罗SEO/Website Builder L4；类型：Website Builder；链接：Dofollow；聚合源标记可即时通过；导入日期 2026-08-25；执行前复核当前规则
https://sitedossier.com/		FALSE		聚合源标记免费；来源：大罗SEO/High DA Profile；类型：Profile link；链接：Dofollow；聚合源标记可即时通过；导入日期 2026-08-25；执行前复核当前规则
https://siteinspire.com/		FALSE		聚合源标记免费；来源：大罗SEO/Directory；类型：Directory；链接：Unknown；导入日期 2026-08-25；执行前复核当前规则
https://sitejabber.com/		FALSE		聚合源标记免费；来源：大罗SEO/Review Sites；类型：Review Sites；链接：Unknown；导入日期 2026-08-25；执行前复核当前规则
https://sitejot.com/		FALSE		聚合源标记免费；来源：大罗SEO/Bookmarking；类型：Bookmarking；链接：Nofollow；聚合源标记可即时通过；导入日期 2026-08-25；执行前复核当前规则
https://sitelike.org/		FALSE		聚合源标记免费；来源：大罗SEO/Directory；类型：Directory；链接：Unknown；导入日期 2026-08-25；执行前复核当前规则
https://sitelike.org/add-site		FALSE		聚合源标记免费；来源：GitHub/csv/04-launch-websites.csv+csv/09-general-directories.csv+md/04-launch-websites.md+md/09-general-directories.md；类型：submission；导入日期 2026-08-25；执行前复核当前规则
https://sitereport.netcraft.com/		FALSE		聚合源标记免费；来源：大罗SEO/High DA Profile；类型：Profile link；链接：Nofollow；聚合源标记可即时通过；导入日期 2026-08-25；执行前复核当前规则
https://sites-internationaux.com/		FALSE		聚合源标记免费；来源：大罗SEO/Directory；类型：Directory；链接：Unknown；导入日期 2026-08-25；执行前复核当前规则
https://sites-plus.com/submit?c=96&LINK_TYPE=9		FALSE		聚合源标记免费；来源：首轮明确免费提交入口 / GitHub/csv/09-general-directories.csv+md/09-general-directories.md；类型：Directory / submission；导入日期 2026-08-25；执行前复核当前规则
https://sitesondisplay.com/		FALSE		聚合源标记免费；来源：大罗SEO/Directory；类型：Directory；链接：Unknown；导入日期 2026-08-25；执行前复核当前规则
https://sitey.com/		FALSE		聚合源标记免费；来源：大罗SEO/Website Builder L4；类型：Website Builder；链接：Dofollow；聚合源标记可即时通过；导入日期 2026-08-25；执行前复核当前规则
https://skeptikon.fr/		FALSE		聚合源标记免费；来源：大罗SEO/High DA Profile；类型：Profile link；链接：Dofollow；聚合源标记可即时通过；导入日期 2026-08-25；执行前复核当前规则
https://sketchfab.com/		FALSE		聚合源标记免费；来源：大罗SEO/High DA Profile；类型：Profile link；链接：Nofollow；聚合源标记可即时通过；导入日期 2026-08-25；执行前复核当前规则
https://skyrock.com/		FALSE		聚合源标记免费；来源：大罗SEO/Website Builder L4；类型：Website Builder；链接：Nofollow；聚合源标记可即时通过；导入日期 2026-08-25；执行前复核当前规则
https://skyscrapercity.com/		FALSE		聚合源标记免费；来源：大罗SEO/High DA Profile / 大罗SEO/Forums (L4)；类型：Profile link / Forums；链接：Nofollow；聚合源标记可即时通过；导入日期 2026-08-25；执行前复核当前规则
https://slant.co/		FALSE		聚合源标记免费；来源：大罗SEO/Review Sites / Web.Cafe 海外产品发布渠道；类型：Review Sites / Product Launch；链接：Unknown；导入日期 2026-08-25；执行前复核当前规则
https://slashdot.org/		FALSE		聚合源标记免费；来源：大罗SEO/High DA Profile / 大罗SEO/Communities (L4)；类型：Profile link / Communities；链接：Nofollow；聚合源标记可即时通过；导入日期 2026-08-25；执行前复核当前规则
https://slickdeals.net/		FALSE		聚合源标记免费；来源：大罗SEO/Deals (L3) / 大罗SEO/Coupon (L3) DALUOSEO.COM；类型：Deals / Coupon；链接：Unknown；导入日期 2026-08-25；执行前复核当前规则
https://slidehtml5.com/		FALSE		聚合源标记免费；来源：大罗SEO/File Upload (L4)；类型：File Upload；链接：Dofollow；聚合源标记可即时通过；导入日期 2026-08-25；执行前复核当前规则
https://slideshare.net/		FALSE		聚合源标记免费；来源：大罗SEO/Infographic (L4) / 大罗SEO/File Upload (L4)；类型：Infographic / File Upload；链接：Dofollow；聚合源标记可即时通过；导入日期 2026-08-25；执行前复核当前规则
https://slofile.com/		FALSE		聚合源标记免费；来源：Web.Cafe 海外产品发布渠道；类型：Product Launch；导入日期 2026-08-25；执行前复核当前规则
https://slotforum.com/		FALSE		聚合源标记免费；来源：大罗SEO/High DA Profile / 大罗SEO/Forums (L4)；类型：Profile link / Forums；链接：Dofollow；聚合源标记可即时通过；导入日期 2026-08-25；执行前复核当前规则
https://slypage.com/		FALSE		聚合源标记免费；来源：大罗SEO/Website Builder L4；类型：Website Builder；链接：Dofollow；聚合源标记可即时通过；导入日期 2026-08-25；执行前复核当前规则
https://small-business-forum.net/		FALSE		聚合源标记免费；来源：大罗SEO/High DA Profile / 大罗SEO/Forums (L4)；类型：Profile link / Forums；链接：Nofollow；聚合源标记可即时通过；导入日期 2026-08-25；执行前复核当前规则
https://smartguy.com/		FALSE		聚合源标记免费；来源：大罗SEO/Directory；类型：Directory；链接：Dofollow；聚合源标记可即时通过；导入日期 2026-08-25；执行前复核当前规则
https://smashwords.com/		FALSE		聚合源标记免费；来源：大罗SEO/High DA Profile；类型：Profile link；链接：Nofollow；聚合源标记可即时通过；导入日期 2026-08-25；执行前复核当前规则
https://smblogsites.com/		FALSE		聚合源标记免费；来源：大罗SEO/Website Builder L4；类型：Website Builder；链接：Dofollow；聚合源标记可即时通过；导入日期 2026-08-25；执行前复核当前规则
https://smogon.com/forums		FALSE		聚合源标记免费；来源：大罗SEO/High DA Profile / 大罗SEO/Forums (L4)；类型：Profile link / Forums；链接：Dofollow；聚合源标记可即时通过；导入日期 2026-08-25；执行前复核当前规则
https://smore.com/		FALSE		聚合源标记免费；来源：大罗SEO/High DA Profile；类型：Profile link；链接：Nofollow；聚合源标记可即时通过；导入日期 2026-08-25；执行前复核当前规则
https://smugmug.com/		FALSE		聚合源标记免费；来源：大罗SEO/Website Builder L4 / 大罗SEO/File Upload (L4)；类型：Website Builder / File Upload；链接：Dofollow；聚合源标记可即时通过；导入日期 2026-08-25；执行前复核当前规则
https://snagajob.com/		FALSE		聚合源标记免费；来源：大罗SEO/Job Boards (L4)；类型：Job Boards；链接：Unknown；导入日期 2026-08-25；执行前复核当前规则
https://snapmunk.com/submit-your-startup		FALSE		聚合源标记免费；来源：Web.Cafe 海外产品发布渠道；类型：Product Launch；导入日期 2026-08-25；执行前复核当前规则
https://snip.ly/		FALSE		聚合源标记免费；来源：大罗SEO/URL Shortener；类型：URL Shortener；链接：Dofollow；聚合源标记可即时通过；导入日期 2026-08-25；执行前复核当前规则
https://socbookmarking.com/		FALSE		聚合源标记免费；来源：大罗SEO/Bookmarking；类型：Bookmarking；链接：Dofollow；聚合源标记可即时通过；导入日期 2026-08-25；执行前复核当前规则
https://soccergaming.com/index.php		FALSE		聚合源标记免费；来源：大罗SEO/High DA Profile / 大罗SEO/Forums (L4)；类型：Profile link / Forums；链接：Nofollow；聚合源标记可即时通过；导入日期 2026-08-25；执行前复核当前规则
https://social-bookmarkingsites.com/		FALSE		聚合源标记免费；来源：大罗SEO/Bookmarking；类型：Bookmarking；链接：Dofollow；聚合源标记可即时通过；导入日期 2026-08-25；执行前复核当前规则
https://socialbookmarkingsitelist.xyz/		FALSE		聚合源标记免费；来源：大罗SEO/Bookmarking；类型：Bookmarking；链接：Dofollow；聚合源标记可即时通过；导入日期 2026-08-25；执行前复核当前规则
https://socialbookmarkingsiteswithhighda.xyz/		FALSE		聚合源标记免费；来源：大罗SEO/Bookmarking；类型：Bookmarking；链接：Dofollow；聚合源标记可即时通过；导入日期 2026-08-25；执行前复核当前规则
https://socialbookmarkingwebsite.com/		FALSE		聚合源标记免费；来源：大罗SEO/Bookmarking；类型：Bookmarking；链接：Dofollow；聚合源标记可即时通过；导入日期 2026-08-25；执行前复核当前规则
https://socialbookmarkiseasy.info/		FALSE		聚合源标记免费；来源：大罗SEO/Bookmarking；类型：Bookmarking；链接：Dofollow；聚合源标记可即时通过；导入日期 2026-08-25；执行前复核当前规则
https://socialbookmarknow.info/		FALSE		聚合源标记免费；来源：大罗SEO/Bookmarking；类型：Bookmarking；链接：Dofollow；聚合源标记可即时通过；导入日期 2026-08-25；执行前复核当前规则
https://socialbookmarkssite.com/		FALSE		聚合源标记免费；来源：大罗SEO/High DA Profile；类型：Profile link；链接：Dofollow；聚合源标记可即时通过；导入日期 2026-08-25；执行前复核当前规则
https://socialbookmarkzone.info/		FALSE		聚合源标记免费；来源：大罗SEO/Bookmarking；类型：Bookmarking；链接：Dofollow；聚合源标记可即时通过；导入日期 2026-08-25；执行前复核当前规则
https://socialbookweb.cf/		FALSE		聚合源标记免费；来源：大罗SEO/Bookmarking；类型：Bookmarking；链接：Dofollow；聚合源标记可即时通过；导入日期 2026-08-25；执行前复核当前规则
https://socialmediainuk.com/		FALSE		聚合源标记免费；来源：大罗SEO/Bookmarking；类型：Bookmarking；链接：Dofollow；聚合源标记可即时通过；导入日期 2026-08-25；执行前复核当前规则
https://socialmediastore.net/		FALSE		聚合源标记免费；来源：大罗SEO/Bookmarking；类型：Bookmarking；链接：Dofollow；聚合源标记可即时通过；导入日期 2026-08-25；执行前复核当前规则
https://socialnetworkadsinfo.com/		FALSE		聚合源标记免费；来源：大罗SEO/Bookmarking；类型：Bookmarking；链接：Dofollow；聚合源标记可即时通过；导入日期 2026-08-25；执行前复核当前规则
https://socialrus.com/		FALSE		聚合源标记免费；来源：大罗SEO/Bookmarking；类型：Bookmarking；链接：Dofollow；聚合源标记可即时通过；导入日期 2026-08-25；执行前复核当前规则
https://socialwebmarks.com/		FALSE		聚合源标记免费；来源：大罗SEO/Bookmarking；类型：Bookmarking；链接：Dofollow；聚合源标记可即时通过；导入日期 2026-08-25；执行前复核当前规则
https://sodmg.com/		FALSE		聚合源标记免费；来源：大罗SEO/High DA Profile；类型：Profile link；链接：Nofollow；聚合源标记可即时通过；导入日期 2026-08-25；执行前复核当前规则
https://soft32.com/		FALSE		聚合源标记免费；来源：大罗SEO/Directory；类型：Directory；链接：Unknown；聚合源标记可即时通过；导入日期 2026-08-25；执行前复核当前规则
https://softgist.com/		FALSE		聚合源标记免费；来源：GitHub/csv/07-ai-creators-directory.csv+md/07-ai-creators-directory.md；类型：homepage；导入日期 2026-08-25；执行前复核当前规则
https://softgist.com/submit-a-tool		FALSE		聚合源标记免费；来源：GitHub/csv/07-ai-creators-directory.csv+md/07-ai-creators-directory.md；类型：submission；导入日期 2026-08-25；执行前复核当前规则
https://softpedia.com/		FALSE		聚合源标记免费；来源：大罗SEO/Directory；类型：Directory；链接：Unknown；导入日期 2026-08-25；执行前复核当前规则
https://softwareadvice.com/		FALSE		聚合源标记免费；来源：大罗SEO/Directory / 大罗SEO/Review Sites；类型：Directory / Review Sites；链接：Unknown；导入日期 2026-08-25；执行前复核当前规则
https://softwareworld.co/		FALSE		聚合源标记免费；来源：GitHub/csv/01-startup-directories.csv+csv/03-new-startup-directories.csv+csv/04-launch-websites.csv+csv/09-general-directories.csv+md/01-startup-directories.md+md/03-new-startup-directories.md+md/04-launch-websites.md+md/09-general-directories.md；类型：homepage；导入日期 2026-08-25；执行前复核当前规则
https://softwareworld.co/get-listed		FALSE		聚合源标记免费；来源：GitHub/csv/04-launch-websites.csv+md/04-launch-websites.md；类型：submission；导入日期 2026-08-25；执行前复核当前规则
https://softwareworld.co/vendor/listing/create		FALSE		聚合源标记免费；来源：GitHub/csv/09-general-directories.csv+md/09-general-directories.md；类型：submission；导入日期 2026-08-25；执行前复核当前规则
https://solaceandthecity.com/community		FALSE		聚合源标记免费；来源：大罗SEO/High DA Profile / 大罗SEO/Forums (L4)；类型：Profile link / Forums；链接：Nofollow；聚合源标记可即时通过；导入日期 2026-08-25；执行前复核当前规则
https://somuch.com/		FALSE		聚合源标记免费；来源：大罗SEO/Directory / GitHub/csv/09-general-directories.csv+md/09-general-directories.md；类型：Directory / homepage；链接：Unknown；导入日期 2026-08-25；执行前复核当前规则
https://somuch.com/submit-links		FALSE		聚合源标记免费；来源：GitHub/csv/09-general-directories.csv+md/09-general-directories.md；类型：submission；导入日期 2026-08-25；执行前复核当前规则
https://soo.gd/		FALSE		聚合源标记免费；来源：大罗SEO/URL Shortener；类型：URL Shortener；链接：Dofollow；聚合源标记可即时通过；导入日期 2026-08-25；执行前复核当前规则
https://sooperarticles.com/		FALSE		聚合源标记免费；来源：大罗SEO/High DA Profile / 大罗SEO/Article Submission L4；类型：Profile link / Article Submission；链接：Nofollow；聚合源标记可即时通过；导入日期 2026-08-25；执行前复核当前规则
https://soundation.com/		FALSE		聚合源标记免费；来源：大罗SEO/High DA Profile；类型：Profile link；链接：Dofollow；聚合源标记可即时通过；导入日期 2026-08-25；执行前复核当前规则
https://soundclick.com/		FALSE		聚合源标记免费；来源：大罗SEO/High DA Profile；类型：Profile link；链接：Dofollow；聚合源标记可即时通过；导入日期 2026-08-25；执行前复核当前规则
https://soundcloud.com/		FALSE		聚合源标记免费；来源：大罗SEO/High DA Profile / 大罗SEO/Social DALUOSEO.COM；类型：Profile link / Nofollow；链接：Nofollow / Y；聚合源标记可即时通过；导入日期 2026-08-25；执行前复核当前规则
https://sourceforge.net/		FALSE		聚合源标记免费；来源：大罗SEO/High DA Profile；类型：Profile link；链接：Dofollow；聚合源标记可即时通过；导入日期 2026-08-25；执行前复核当前规则
https://sourceforge.net/software/vendors/new		FALSE		聚合源标记免费；来源：GitHub/csv/09-general-directories.csv+md/09-general-directories.md；类型：submission；导入日期 2026-08-25；执行前复核当前规则
https://speakerdeck.com/		FALSE		聚合源标记免费；来源：大罗SEO/File Upload (L4)；类型：File Upload；链接：Nofollow；聚合源标记可即时通过；导入日期 2026-08-25；执行前复核当前规则
https://speakev.com/		FALSE		聚合源标记免费；来源：大罗SEO/High DA Profile / 大罗SEO/Forums (L4)；类型：Profile link / Forums；链接：Nofollow；聚合源标记可即时通过；导入日期 2026-08-25；执行前复核当前规则
https://speedway-world.pl/forum/index.php		FALSE		聚合源标记免费；来源：大罗SEO/High DA Profile / 大罗SEO/Forums (L4)；类型：Profile link / Forums；链接：Dofollow；聚合源标记可即时通过；导入日期 2026-08-25；执行前复核当前规则
https://spintheblog.com/		FALSE		聚合源标记免费；来源：大罗SEO/Website Builder L4；类型：Website Builder；链接：Dofollow；聚合源标记可即时通过；导入日期 2026-08-25；执行前复核当前规则
https://splice.com/		FALSE		聚合源标记免费；来源：大罗SEO/High DA Profile；类型：Profile link；链接：Dofollow；聚合源标记可即时通过；导入日期 2026-08-25；执行前复核当前规则
https://spoke.com/		FALSE		聚合源标记免费；来源：大罗SEO/Directory；类型：Directory；链接：Nofollow；聚合源标记可即时通过；导入日期 2026-08-25；执行前复核当前规则
https://sporcle.com/		FALSE		聚合源标记免费；来源：大罗SEO/High DA Profile；类型：Profile link；链接：Nofollow；聚合源标记可即时通过；导入日期 2026-08-25；执行前复核当前规则
https://sportsa.com/		FALSE		聚合源标记免费；来源：大罗SEO/High DA Profile；类型：Profile link；链接：Dofollow；聚合源标记可即时通过；导入日期 2026-08-25；执行前复核当前规则
https://sportsgossip.com/community		FALSE		聚合源标记免费；来源：大罗SEO/High DA Profile；类型：Profile link；链接：Nofollow；聚合源标记可即时通过；导入日期 2026-08-25；执行前复核当前规则
https://spr112.com/		FALSE		聚合源标记免费；来源：大罗SEO/High DA Profile；类型：Profile link；链接：Dofollow；聚合源标记可即时通过；导入日期 2026-08-25；执行前复核当前规则
https://spreaker.com/		FALSE		聚合源标记免费；来源：大罗SEO/High DA Profile / 大罗SEO/Directory；类型：Profile link / Directory；链接：Nofollow；聚合源标记可即时通过；导入日期 2026-08-25；执行前复核当前规则
https://springwise.com/tipus		FALSE		聚合源标记免费；来源：Web.Cafe 海外产品发布渠道；类型：Product Launch；导入日期 2026-08-25；执行前复核当前规则
https://sqlservercentral.com/		FALSE		聚合源标记免费；来源：大罗SEO/High DA Profile；类型：Profile link；链接：Dofollow；聚合源标记可即时通过；导入日期 2026-08-25；执行前复核当前规则
https://squad.joinsalut.com/		FALSE		聚合源标记免费；来源：大罗SEO/High DA Profile；类型：Profile link；链接：Nofollow；聚合源标记可即时通过；导入日期 2026-08-25；执行前复核当前规则
https://squarespacescheduling.com/		FALSE		聚合源标记免费；来源：大罗SEO/High DA Profile；类型：Profile link；链接：Dofollow；聚合源标记可即时通过；导入日期 2026-08-25；执行前复核当前规则
https://squier-talk.com/		FALSE		聚合源标记免费；来源：大罗SEO/High DA Profile / 大罗SEO/Forums (L4)；类型：Profile link / Forums；链接：Nofollow；聚合源标记可即时通过；导入日期 2026-08-25；执行前复核当前规则
https://sqworl.com/		FALSE		聚合源标记免费；来源：大罗SEO/Bookmarking；类型：Bookmarking；链接：Nofollow；聚合源标记可即时通过；导入日期 2026-08-25；执行前复核当前规则
https://ssnblog.com/		FALSE		聚合源标记免费；来源：大罗SEO/Website Builder L4；类型：Website Builder；链接：Dofollow；聚合源标记可即时通过；导入日期 2026-08-25；执行前复核当前规则
https://stackexchange.com/		FALSE		聚合源标记免费；来源：大罗SEO/Communities (L4)；类型：Communities；链接：Unknown；导入日期 2026-08-25；执行前复核当前规则
https://stackoverflow.com/		FALSE		聚合源标记免费；来源：大罗SEO/High DA Profile / 大罗SEO/Communities (L4)；类型：Profile link / Communities；链接：Nofollow；聚合源标记可即时通过；导入日期 2026-08-25；执行前复核当前规则
https://stackshare.io/		FALSE		聚合源标记免费；来源：大罗SEO/High DA Profile / 大罗SEO/Social DALUOSEO.COM / 大罗SEO/Product Launch (L5) / Web.Cafe 海外产品发布渠道；类型：Profile link / Nofollow / Produt Launch / Product Launch；链接：Nofollow / Y；聚合源标记可即时通过；导入日期 2026-08-25；执行前复核当前规则
https://stackshare.io/submit		FALSE		聚合源标记免费；来源：GitHub/csv/09-general-directories.csv+md/09-general-directories.md；类型：submission；导入日期 2026-08-25；执行前复核当前规则
https://stacksocial.com/		FALSE		聚合源标记免费；来源：大罗SEO/Deals (L3)；类型：Deals；链接：Unknown；导入日期 2026-08-25；执行前复核当前规则
https://stadtbranchenbuch.com/		FALSE		聚合源标记免费；来源：大罗SEO/Local (L2)；类型：Local；链接：Unknown；导入日期 2026-08-25；执行前复核当前规则
https://stageit.com/		FALSE		聚合源标记免费；来源：大罗SEO/High DA Profile；类型：Profile link；链接：Dofollow；聚合源标记可即时通过；导入日期 2026-08-25；执行前复核当前规则
https://standuply.com/slack-chat-groups		FALSE		聚合源标记免费；来源：Web.Cafe 海外产品发布渠道；类型：Product Launch；导入日期 2026-08-25；执行前复核当前规则
https://starbookmarking.com/		FALSE		聚合源标记免费；来源：大罗SEO/Bookmarking；类型：Bookmarking；链接：Dofollow；聚合源标记可即时通过；导入日期 2026-08-25；执行前复核当前规则
https://starnow.com/		FALSE		聚合源标记免费；来源：大罗SEO/High DA Profile；类型：Profile link；链接：Nofollow；聚合源标记可即时通过；导入日期 2026-08-25；执行前复核当前规则
https://start.me/		FALSE		聚合源标记免费；来源：大罗SEO/High DA Profile；类型：Profile link；链接：Dofollow；聚合源标记可即时通过；导入日期 2026-08-25；执行前复核当前规则
https://startacus.net/		FALSE		聚合源标记免费；来源：大罗SEO/High DA Profile；类型：Profile link；链接：Nofollow；聚合源标记可即时通过；导入日期 2026-08-25；执行前复核当前规则
https://startbookmarking.com/		FALSE		聚合源标记免费；来源：大罗SEO/Bookmarking；类型：Bookmarking；链接：Dofollow；聚合源标记可即时通过；导入日期 2026-08-25；执行前复核当前规则
https://starterstory.com/		FALSE		聚合源标记免费；来源：Web.Cafe 海外产品发布渠道；类型：Product Launch；导入日期 2026-08-25；执行前复核当前规则
https://startpagina.nl/v		FALSE		聚合源标记免费；来源：大罗SEO/High DA Profile / 大罗SEO/Forums (L4)；类型：Profile link / Forums；链接：Nofollow；聚合源标记可即时通过；导入日期 2026-08-25；执行前复核当前规则
https://startup88.com/		FALSE		聚合源标记免费；来源：Web.Cafe 海外产品发布渠道；类型：Product Launch；导入日期 2026-08-25；执行前复核当前规则
https://startup88.typeform.com/to/CRjWqM		FALSE		聚合源标记免费；来源：GitHub/csv/03-new-startup-directories.csv+csv/06-startup-launch-ways.csv+csv/09-general-directories.csv+md/03-new-startup-directories.md+md/06-startup-launch-ways.md+md/09-general-directories.md；类型：submission；导入日期 2026-08-25；执行前复核当前规则
https://startupaitools.com/		FALSE		聚合源标记免费；来源：Notion 100+ DIR/FREE / GitHub/csv/04-launch-websites.csv+csv/09-general-directories.csv+md/04-launch-websites.md+md/09-general-directories.md；类型：Product Launch / homepage；导入日期 2026-08-25；执行前复核当前规则
https://startupaitools.com/submit-ai-tools		FALSE		聚合源标记免费；来源：Notion 100+ DIR/FREE / 首轮明确免费提交入口 / GitHub/csv/04-launch-websites.csv+csv/05-backlinks.csv+csv/09-general-directories.csv+md/04-launch-websites.md+md/05-backlinks.md+md/09-general-directories.md；类型：Product Launch / Directory / submission；导入日期 2026-08-25；执行前复核当前规则
https://startupbase.io/		FALSE		聚合源标记免费；来源：大罗SEO/Product Launch (L5) / GitHub/csv/03-new-startup-directories.csv+csv/04-launch-websites.csv+md/03-new-startup-directories.md+md/04-launch-websites.md；类型：Produt Launch / homepage；链接：Unknown；导入日期 2026-08-25；执行前复核当前规则
https://startupbase.io/submissions/start		FALSE		聚合源标记免费；来源：GitHub/csv/09-general-directories.csv+md/09-general-directories.md；类型：submission；导入日期 2026-08-25；执行前复核当前规则
https://startupbase.io/submit		FALSE		聚合源标记免费；来源：Web.Cafe 海外产品发布渠道 / GitHub/csv/03-new-startup-directories.csv+csv/04-launch-websites.csv+md/03-new-startup-directories.md+md/04-launch-websites.md；类型：Product Launch / submission；导入日期 2026-08-25；执行前复核当前规则
https://startupbeat.com/startup-beat-featured-startup-pitch-guidelines		FALSE		聚合源标记免费；来源：Web.Cafe 海外产品发布渠道；类型：Product Launch；导入日期 2026-08-25；执行前复核当前规则
https://startupbenchmarks.com/		FALSE		聚合源标记免费；来源：Web.Cafe 海外产品发布渠道；类型：Product Launch；导入日期 2026-08-25；执行前复核当前规则
https://startupblink.com/		FALSE		聚合源标记免费；来源：Web.Cafe 海外产品发布渠道；类型：Product Launch；导入日期 2026-08-25；执行前复核当前规则
https://startupbuffer.com/		FALSE		聚合源标记免费；来源：大罗SEO/Directory / 大罗SEO/Product Launch (L5) / Web.Cafe 海外产品发布渠道 / GitHub/csv/01-startup-directories.csv+csv/03-new-startup-directories.csv+csv/04-launch-websites.csv+csv/05-backlinks.csv+csv/06-startup-launch-ways.csv+csv/09-general-directories.csv+md/01-startup-directories.md+md/03-new-startup-directories.md+md/04-launch-websites.md+md/05-backlinks.md+md/06-startup-launch-ways.md+md/09-general-directories.md；类型：Directory / Produt Launch / Product Launch / homepage；链接：Unknown；导入日期 2026-08-25；执行前复核当前规则
https://startupbuffer.com/site/submit		FALSE		聚合源标记免费；来源：首轮明确免费提交入口 / GitHub/csv/04-launch-websites.csv+csv/09-general-directories.csv+md/04-launch-websites.md+md/09-general-directories.md；类型：Directory / submission；导入日期 2026-08-25；执行前复核当前规则
https://startupbutton.com/		FALSE		聚合源标记免费；来源：大罗SEO/Directory；类型：Directory；链接：Unknown；导入日期 2026-08-25；执行前复核当前规则
https://startupcollections.com/		FALSE		聚合源标记免费；来源：大罗SEO/Directory / 大罗SEO/Product Launch (L5) / Web.Cafe 海外产品发布渠道 / GitHub/csv/09-general-directories.csv+md/09-general-directories.md；类型：Directory / Produt Launch / Product Launch / homepage；链接：Unknown；导入日期 2026-08-25；执行前复核当前规则
https://startupcollections.com/submit-product		FALSE		聚合源标记免费；来源：首轮明确免费提交入口 / GitHub/csv/09-general-directories.csv+md/09-general-directories.md；类型：Directory / submission；导入日期 2026-08-25；执行前复核当前规则
https://startupcosts.co/		FALSE		聚合源标记免费；来源：大罗SEO/Directory；类型：Directory；链接：Unknown；导入日期 2026-08-25；执行前复核当前规则
https://startupdope.com/submit-news		FALSE		聚合源标记免费；来源：Web.Cafe 海外产品发布渠道；类型：Product Launch；导入日期 2026-08-25；执行前复核当前规则
https://startupinspire.com/		FALSE		聚合源标记免费；来源：大罗SEO/Product Launch (L5)；类型：Produt Launch；链接：Unknown；导入日期 2026-08-25；执行前复核当前规则
https://startupinspire.com/submit		FALSE		聚合源标记免费；来源：Web.Cafe 海外产品发布渠道；类型：Product Launch；导入日期 2026-08-25；执行前复核当前规则
https://startupjohn.com/		FALSE		聚合源标记免费；来源：Web.Cafe 海外产品发布渠道；类型：Product Launch；导入日期 2026-08-25；执行前复核当前规则
https://startuplift.com/		FALSE		聚合源标记免费；来源：大罗SEO/Directory / Web.Cafe 海外产品发布渠道；类型：Directory / Product Launch；链接：Unknown；导入日期 2026-08-25；执行前复核当前规则
https://startuplister.com/		FALSE		聚合源标记免费；来源：大罗SEO/Product Launch (L5) / GitHub/csv/03-new-startup-directories.csv+csv/09-general-directories.csv+md/03-new-startup-directories.md+md/09-general-directories.md；类型：Produt Launch / submission；链接：Unknown；导入日期 2026-08-25；执行前复核当前规则
https://startupmatcher.com/		FALSE		聚合源标记免费；来源：大罗SEO/High DA Profile / 大罗SEO/Directory；类型：Profile link / Directory；链接：Dofollow；聚合源标记可即时通过；导入日期 2026-08-25；执行前复核当前规则
https://startupranking.com/		FALSE		聚合源标记免费；来源：大罗SEO/Directory / 大罗SEO/Product Launch (L5) / Web.Cafe 海外产品发布渠道 / GitHub/csv/06-startup-launch-ways.csv+csv/07-ai-creators-directory.csv+md/06-startup-launch-ways.md+md/07-ai-creators-directory.md；类型：Directory / Produt Launch / Product Launch / submission；链接：Unknown；导入日期 2026-08-25；执行前复核当前规则
https://startupranking.com/startup/create/url-validation		FALSE		聚合源标记免费；来源：GitHub/csv/09-general-directories.csv+md/09-general-directories.md；类型：submission；导入日期 2026-08-25；执行前复核当前规则
https://startupresources.io/		FALSE		聚合源标记免费；来源：大罗SEO/Directory / Web.Cafe 海外产品发布渠道；类型：Directory / Product Launch；链接：Unknown；导入日期 2026-08-25；执行前复核当前规则
https://startuproulette.com/		FALSE		聚合源标记免费；来源：GitHub/csv/01-startup-directories.csv+csv/09-general-directories.csv+md/01-startup-directories.md+md/09-general-directories.md；类型：homepage；导入日期 2026-08-25；执行前复核当前规则
https://startuproulette.com/promote-my-startup		FALSE		聚合源标记免费；来源：首轮明确免费提交入口 / GitHub/csv/09-general-directories.csv+md/09-general-directories.md；类型：Directory / submission；导入日期 2026-08-25；执行前复核当前规则
https://startups-list.com/		FALSE		聚合源标记免费；来源：Web.Cafe 海外产品发布渠道；类型：Product Launch；导入日期 2026-08-25；执行前复核当前规则
https://startups.fyi/		FALSE		聚合源标记免费；来源：GitHub/csv/04-launch-websites.csv+csv/07-ai-creators-directory.csv+csv/09-general-directories.csv+md/04-launch-websites.md+md/07-ai-creators-directory.md+md/09-general-directories.md；类型：homepage；导入日期 2026-08-25；执行前复核当前规则
https://startups.snapmunk.com/		FALSE		聚合源标记免费；来源：大罗SEO/Directory / GitHub/csv/06-startup-launch-ways.csv+csv/07-ai-creators-directory.csv+md/06-startup-launch-ways.md+md/07-ai-creators-directory.md；类型：Directory / homepage；链接：Unknown；导入日期 2026-08-25；执行前复核当前规则
https://startups.snapmunk.com/join		FALSE		聚合源标记免费；来源：GitHub/csv/07-ai-creators-directory.csv+md/07-ai-creators-directory.md；类型：submission；导入日期 2026-08-25；执行前复核当前规则
https://startupsgalaxy.com/		FALSE		聚合源标记免费；来源：大罗SEO/Directory；类型：Directory；链接：Unknown；导入日期 2026-08-25；执行前复核当前规则
https://startupstage.app/		FALSE		聚合源标记免费；来源：GitHub/csv/01-startup-directories.csv+csv/04-launch-websites.csv+csv/09-general-directories.csv+md/01-startup-directories.md+md/04-launch-websites.md+md/09-general-directories.md；类型：submission；导入日期 2026-08-25；执行前复核当前规则
https://startupstage.app/startups/new		FALSE		聚合源标记免费；来源：首轮明确免费提交入口 / GitHub/csv/09-general-directories.csv+md/09-general-directories.md；类型：Directory / submission；导入日期 2026-08-25；执行前复核当前规则
https://startupstash.com/		FALSE		聚合源标记免费；来源：大罗SEO/Directory / 大罗SEO/Product Launch (L5) / Web.Cafe 海外产品发布渠道；类型：Directory / Produt Launch / Product Launch；链接：Unknown；导入日期 2026-08-25；执行前复核当前规则
https://startuptracker.io/		FALSE		聚合源标记免费；来源：大罗SEO/Directory / Web.Cafe 海外产品发布渠道；类型：Directory / Product Launch；链接：Unknown；导入日期 2026-08-25；执行前复核当前规则
https://startuptracker.io/crowdsourcing		FALSE		聚合源标记免费；来源：首轮明确免费提交入口 / GitHub/csv/03-new-startup-directories.csv+csv/06-startup-launch-ways.csv+csv/09-general-directories.csv+md/03-new-startup-directories.md+md/06-startup-launch-ways.md+md/09-general-directories.md；类型：Directory / submission；导入日期 2026-08-25；执行前复核当前规则
https://startupxplore.com/		FALSE		聚合源标记免费；来源：大罗SEO/Crowdfunding (L5)；类型：Crowdfunding；链接：Dofollow；聚合源标记可即时通过；导入日期 2026-08-25；执行前复核当前规则
https://startus.cc/		FALSE		聚合源标记免费；来源：大罗SEO/High DA Profile / 大罗SEO/Job Boards (L4)；类型：Profile link / Job Boards；链接：Nofollow；聚合源标记可即时通过；导入日期 2026-08-25；执行前复核当前规则
https://steinberg.net/forums		FALSE		聚合源标记免费；来源：大罗SEO/High DA Profile / 大罗SEO/Communities (L4)；类型：Profile link / Communities；链接：Nofollow；聚合源标记可即时通过；导入日期 2026-08-25；执行前复核当前规则
https://stepstone.at/		FALSE		聚合源标记免费；来源：大罗SEO/Job Boards (L4)；类型：Job Boards；链接：Unknown；导入日期 2026-08-25；执行前复核当前规则
https://stepstone.com/		FALSE		聚合源标记免费；来源：大罗SEO/Job Boards (L4)；类型：Job Boards；链接：Unknown；导入日期 2026-08-25；执行前复核当前规则
https://steroidsourcetalk.me/		FALSE		聚合源标记免费；来源：大罗SEO/High DA Profile / 大罗SEO/Forums (L4)；类型：Profile link / Forums；链接：Nofollow；聚合源标记可即时通过；导入日期 2026-08-25；执行前复核当前规则
https://stock-board.info/		FALSE		聚合源标记免费；来源：大罗SEO/High DA Profile / 大罗SEO/Forums (L4)；类型：Profile link / Forums；链接：Dofollow；聚合源标记可即时通过；导入日期 2026-08-25；执行前复核当前规则
https://stocktwits.com/		FALSE		聚合源标记免费；来源：大罗SEO/High DA Profile / 大罗SEO/Social DALUOSEO.COM；类型：Profile link / Nofollow；链接：Nofollow / Y；聚合源标记可即时通过；导入日期 2026-08-25；执行前复核当前规则
https://storeboard.com/		FALSE		聚合源标记免费；来源：大罗SEO/High DA Profile / 大罗SEO/Article Submission L4；类型：Profile link / Article Submission；链接：Dofollow；聚合源标记可即时通过；导入日期 2026-08-25；执行前复核当前规则
https://storia.me/		FALSE		聚合源标记免费；来源：大罗SEO/High DA Profile；类型：Profile link；链接：Nofollow；聚合源标记可即时通过；导入日期 2026-08-25；执行前复核当前规则
https://storyweaver.org.in/		FALSE		聚合源标记免费；来源：大罗SEO/High DA Profile；类型：Profile link；链接：Dofollow；聚合源标记可即时通过；导入日期 2026-08-25；执行前复核当前规则
https://stratup.ai/		FALSE		聚合源标记免费；来源：GitHub/csv/02-ai-tools-directory.csv+md/02-ai-tools-directory.md；类型：homepage；导入日期 2026-08-25；执行前复核当前规则
https://strikingly.com/		FALSE		聚合源标记免费；来源：大罗SEO/Website Builder L4；类型：Website Builder；链接：Dofollow；聚合源标记可即时通过；导入日期 2026-08-25；执行前复核当前规则
https://studiopress.community/		FALSE		聚合源标记免费；来源：大罗SEO/High DA Profile / 大罗SEO/Forums (L4)；类型：Profile link / Forums；链接：Dofollow；聚合源标记可即时通过；导入日期 2026-08-25；执行前复核当前规则
https://study.mdanderson.org/		FALSE		聚合源标记免费；来源：大罗SEO/High DA Profile；类型：Profile link；链接：Dofollow；聚合源标记可即时通过；导入日期 2026-08-25；执行前复核当前规则
https://styleforum.net/		FALSE		聚合源标记免费；来源：大罗SEO/High DA Profile / 大罗SEO/Forums (L4)；类型：Profile link / Forums；链接：Nofollow；聚合源标记可即时通过；导入日期 2026-08-25；执行前复核当前规则
https://subaruforester.org/		FALSE		聚合源标记免费；来源：大罗SEO/High DA Profile / 大罗SEO/Forums (L4)；类型：Profile link / Forums；链接：Nofollow；聚合源标记可即时通过；导入日期 2026-08-25；执行前复核当前规则
https://submissionwebdirectory.com/		FALSE		聚合源标记免费；来源：GitHub/csv/09-general-directories.csv+md/09-general-directories.md；类型：homepage；导入日期 2026-08-25；执行前复核当前规则
https://submissionwebdirectory.com/submit.php		FALSE		聚合源标记免费；来源：GitHub/csv/09-general-directories.csv+md/09-general-directories.md；类型：submission；导入日期 2026-08-25；执行前复核当前规则
https://submitlink.seorankhub.online/		FALSE		聚合源标记免费；来源：大罗SEO/Bookmarking；类型：Bookmarking；链接：Dofollow；聚合源标记可即时通过；导入日期 2026-08-25；执行前复核当前规则
https://subrion.org/		FALSE		聚合源标记免费；来源：大罗SEO/High DA Profile；类型：Profile link；链接：Nofollow；聚合源标记可即时通过；导入日期 2026-08-25；执行前复核当前规则
https://sudobookmarks.com/		FALSE		聚合源标记免费；来源：大罗SEO/Bookmarking；类型：Bookmarking；链接：Dofollow；聚合源标记可即时通过；导入日期 2026-08-25；执行前复核当前规则
https://sudobusiness.com/		FALSE		聚合源标记免费；来源：大罗SEO/Bookmarking；类型：Bookmarking；链接：Dofollow；聚合源标记可即时通过；导入日期 2026-08-25；执行前复核当前规则
https://sumoserv.com/		FALSE		聚合源标记免费；来源：大罗SEO/High DA Profile / 大罗SEO/Forums (L4)；类型：Profile link / Forums；链接：Dofollow；聚合源标记可即时通过；导入日期 2026-08-25；执行前复核当前规则
https://sunnysellz.com/		FALSE		聚合源标记免费；来源：大罗SEO/High DA Profile / 大罗SEO/Classified Ads (L4)；类型：Profile link / Classified Ads；链接：Dofollow；聚合源标记可即时通过；导入日期 2026-08-25；执行前复核当前规则
https://suomiblog.com/		FALSE		聚合源标记免费；来源：大罗SEO/Website Builder L4；类型：Website Builder；链接：Dofollow；聚合源标记可即时通过；导入日期 2026-08-25；执行前复核当前规则
https://superpages.com/		FALSE		聚合源标记免费；来源：大罗SEO/Local (L2)；类型：Local；链接：Unknown；导入日期 2026-08-25；执行前复核当前规则
https://supertools.therundown.ai/		FALSE		聚合源标记免费；来源：GitHub/csv/02-ai-tools-directory.csv+csv/04-launch-websites.csv+csv/07-ai-creators-directory.csv+csv/09-general-directories.csv+md/02-ai-tools-directory.md+md/04-launch-websites.md+md/07-ai-creators-directory.md+md/09-general-directories.md；类型：homepage；导入日期 2026-08-25；执行前复核当前规则
https://supertools.therundown.ai/submit		FALSE		聚合源标记免费；来源：GitHub/csv/04-launch-websites.csv+csv/05-backlinks.csv+csv/07-ai-creators-directory.csv+csv/09-general-directories.csv+md/04-launch-websites.md+md/05-backlinks.md+md/07-ai-creators-directory.md+md/09-general-directories.md；类型：submission；导入日期 2026-08-25；执行前复核当前规则
https://superuser.com/		FALSE		聚合源标记免费；来源：大罗SEO/Communities (L4)；类型：Communities；链接：Nofollow；聚合源标记可即时通过；导入日期 2026-08-25；执行前复核当前规则
https://supportduweb.com/		FALSE		聚合源标记免费；来源：大罗SEO/High DA Profile；类型：Profile link；链接：Dofollow；聚合源标记可即时通过；导入日期 2026-08-25；执行前复核当前规则
https://switchforum.com/		FALSE		聚合源标记免费；来源：大罗SEO/High DA Profile / 大罗SEO/Forums (L4)；类型：Profile link / Forums；链接：Nofollow；聚合源标记可即时通过；导入日期 2026-08-25；执行前复核当前规则
https://swtestingjobs.com/		FALSE		聚合源标记免费；来源：大罗SEO/High DA Profile / 大罗SEO/Job Boards (L4)；类型：Profile link / Job Boards；链接：Dofollow；聚合源标记可即时通过；导入日期 2026-08-25；执行前复核当前规则
https://symbaloo.com/		FALSE		聚合源标记免费；来源：大罗SEO/Bookmarking；类型：Bookmarking；链接：Dofollow；聚合源标记可即时通过；导入日期 2026-08-25；执行前复核当前规则
https://t3b-system.com/		FALSE		聚合源标记免费；来源：大罗SEO/Bookmarking；类型：Bookmarking；链接：Nofollow；聚合源标记可即时通过；导入日期 2026-08-25；执行前复核当前规则
https://tacked.com/		FALSE		聚合源标记免费；来源：大罗SEO/High DA Profile；类型：Profile link；链接：Dofollow；聚合源标记可即时通过；导入日期 2026-08-25；执行前复核当前规则
https://tacomaguitarforum.com/index.php		FALSE		聚合源标记免费；来源：大罗SEO/High DA Profile / 大罗SEO/Forums (L4)；类型：Profile link / Forums；链接：Dofollow；聚合源标记可即时通过；导入日期 2026-08-25；执行前复核当前规则
https://talent.hubstaff.com/		FALSE		聚合源标记免费；来源：大罗SEO/High DA Profile / 大罗SEO/Job Boards (L4)；类型：Profile link / Job Boards；链接：Nofollow；聚合源标记可即时通过；导入日期 2026-08-25；执行前复核当前规则
https://talk.collegeconfidential.com/		FALSE		聚合源标记免费；来源：大罗SEO/High DA Profile / 大罗SEO/Forums (L4)；类型：Profile link / Forums；链接：Nofollow；聚合源标记可即时通过；导入日期 2026-08-25；执行前复核当前规则
https://talkbass.com/		FALSE		聚合源标记免费；来源：大罗SEO/High DA Profile / 大罗SEO/Forums (L4)；类型：Profile link / Forums；链接：Dofollow；聚合源标记可即时通过；导入日期 2026-08-25；执行前复核当前规则
https://talkclassical.com/		FALSE		聚合源标记免费；来源：大罗SEO/High DA Profile / 大罗SEO/Forums (L4)；类型：Profile link / Forums；链接：Nofollow；聚合源标记可即时通过；导入日期 2026-08-25；执行前复核当前规则
https://talkphotography.co.uk/		FALSE		聚合源标记免费；来源：大罗SEO/High DA Profile / 大罗SEO/Forums (L4)；类型：Profile link / Forums；链接：Dofollow；聚合源标记可即时通过；导入日期 2026-08-25；执行前复核当前规则
https://tally.so/r/3lOGLk		FALSE		聚合源标记免费；来源：GitHub/csv/04-launch-websites.csv+csv/07-ai-creators-directory.csv+csv/09-general-directories.csv+md/04-launch-websites.md+md/07-ai-creators-directory.md+md/09-general-directories.md；类型：submission；导入日期 2026-08-25；执行前复核当前规则
https://tally.so/r/3qVzOG		FALSE		聚合源标记免费；来源：GitHub/csv/09-general-directories.csv+md/09-general-directories.md；类型：submission；导入日期 2026-08-25；执行前复核当前规则
https://tally.so/r/mYaR6N		FALSE		聚合源标记免费；来源：GitHub/csv/04-launch-websites.csv+csv/09-general-directories.csv+md/04-launch-websites.md+md/09-general-directories.md；类型：submission；导入日期 2026-08-25；执行前复核当前规则
https://tally.so/r/w4Jb4b		FALSE		聚合源标记免费；来源：GitHub/csv/09-general-directories.csv+md/09-general-directories.md；类型：submission；导入日期 2026-08-25；执行前复核当前规则
https://tally.so/r/wMzP8X		FALSE		聚合源标记免费；来源：Notion 100+ DIR/FREE / GitHub/csv/04-launch-websites.csv+csv/09-general-directories.csv+md/04-launch-websites.md+md/09-general-directories.md；类型：Product Launch / submission；导入日期 2026-08-25；执行前复核当前规则
https://tally.so/r/wvY09d		FALSE		聚合源标记免费；来源：Notion 100+ DIR/FREE / GitHub/csv/09-general-directories.csv+md/09-general-directories.md；类型：Product Launch / submission；导入日期 2026-08-25；执行前复核当前规则
https://tapatalk.com/		FALSE		聚合源标记免费；来源：大罗SEO/High DA Profile；类型：Profile link；链接：Dofollow；聚合源标记可即时通过；导入日期 2026-08-25；执行前复核当前规则
https://targetblogs.com/		FALSE		聚合源标记免费；来源：大罗SEO/Website Builder L4；类型：Website Builder；链接：Dofollow；聚合源标记可即时通过；导入日期 2026-08-25；执行前复核当前规则
https://taringa.net/		FALSE		聚合源标记免费；来源：大罗SEO/Bookmarking；类型：Bookmarking；链接：Nofollow；聚合源标记可即时通过；导入日期 2026-08-25；执行前复核当前规则
https://tdpri.com/		FALSE		聚合源标记免费；来源：大罗SEO/High DA Profile / 大罗SEO/Forums (L4)；类型：Profile link / Forums；链接：Nofollow；聚合源标记可即时通过；导入日期 2026-08-25；执行前复核当前规则
https://techbookmarks.com/		FALSE		聚合源标记免费；来源：大罗SEO/Bookmarking；类型：Bookmarking；链接：Dofollow；聚合源标记可即时通过；导入日期 2026-08-25；执行前复核当前规则
https://techdirectory.io/		FALSE		聚合源标记免费；来源：大罗SEO/Directory；类型：Directory；链接：Unknown；导入日期 2026-08-25；执行前复核当前规则
https://techfaster.com/submit-your-company		FALSE		聚合源标记免费；来源：Web.Cafe 海外产品发布渠道；类型：Product Launch；导入日期 2026-08-25；执行前复核当前规则
https://techinasia.com/companies		FALSE		聚合源标记免费；来源：大罗SEO/Directory；类型：Directory；链接：Unknown；导入日期 2026-08-25；执行前复核当前规则
https://techinasia.com/jobs/search		FALSE		聚合源标记免费；来源：大罗SEO/Job Boards (L4)；类型：Job Boards；链接：Unknown；导入日期 2026-08-25；执行前复核当前规则
https://techist.com/forums		FALSE		聚合源标记免费；来源：大罗SEO/High DA Profile / 大罗SEO/Forums (L4)；类型：Profile link / Forums；链接：Nofollow / Dofollow；聚合源标记可即时通过；导入日期 2026-08-25；执行前复核当前规则
https://techmasters.chat/		FALSE		聚合源标记免费；来源：Web.Cafe 海外产品发布渠道；类型：Product Launch；导入日期 2026-08-25；执行前复核当前规则
https://technibble.com/forums		FALSE		聚合源标记免费；来源：大罗SEO/High DA Profile / 大罗SEO/Forums (L4)；类型：Profile link / Forums；链接：Nofollow；聚合源标记可即时通过；导入日期 2026-08-25；执行前复核当前规则
https://technologyadvice.com/		FALSE		聚合源标记免费；来源：大罗SEO/Directory；类型：Directory；链接：Unknown；导入日期 2026-08-25；执行前复核当前规则
https://techpluto.com/submit-a-startup		FALSE		聚合源标记免费；来源：Web.Cafe 海外产品发布渠道；类型：Product Launch；导入日期 2026-08-25；执行前复核当前规则
https://techpluto.com/submit-startup		FALSE		聚合源标记免费；来源：首轮明确免费提交入口 / GitHub/csv/09-general-directories.csv+md/09-general-directories.md；类型：Directory / submission；导入日期 2026-08-25；执行前复核当前规则
https://techpowerup.com/forums		FALSE		聚合源标记免费；来源：大罗SEO/High DA Profile / 大罗SEO/Forums (L4)；类型：Profile link / Forums；链接：Nofollow；聚合源标记可即时通过；导入日期 2026-08-25；执行前复核当前规则
https://techsite.io/		FALSE		聚合源标记免费；来源：大罗SEO/High DA Profile；类型：Profile link；链接：Dofollow；聚合源标记可即时通过；导入日期 2026-08-25；执行前复核当前规则
https://techspot.com/community		FALSE		聚合源标记免费；来源：大罗SEO/High DA Profile / 大罗SEO/Forums (L4)；类型：Profile link / Forums；链接：Nofollow；聚合源标记可即时通过；导入日期 2026-08-25；执行前复核当前规则
https://ted.com/		FALSE		聚合源标记免费；来源：大罗SEO/High DA Profile；类型：Profile link；链接：Nofollow；聚合源标记可即时通过；导入日期 2026-08-25；执行前复核当前规则
https://teil.cc/		FALSE		聚合源标记免费；来源：大罗SEO/URL Shortener；类型：URL Shortener；链接：Dofollow；聚合源标记可即时通过；导入日期 2026-08-25；执行前复核当前规则
https://telegra.ph/		FALSE		聚合源标记免费；来源：大罗SEO/Website Builder L4；类型：Website Builder；链接：Dofollow；聚合源标记可即时通过；导入日期 2026-08-25；执行前复核当前规则
https://telescope.ac/		FALSE		聚合源标记免费；来源：大罗SEO/High DA Profile / 大罗SEO/Article Submission L4；类型：Profile link / Article Submission；链接：Nofollow；聚合源标记可即时通过；导入日期 2026-08-25；执行前复核当前规则
https://tenereteam.com/ai-tool		FALSE		聚合源标记免费；来源：GitHub/csv/07-ai-creators-directory.csv+md/07-ai-creators-directory.md；类型：homepage；导入日期 2026-08-25；执行前复核当前规则
https://tenereteam.com/contact-us		FALSE		聚合源标记免费；来源：GitHub/csv/07-ai-creators-directory.csv+md/07-ai-creators-directory.md；类型：submission；导入日期 2026-08-25；执行前复核当前规则
https://tengaged.com/		FALSE		聚合源标记免费；来源：大罗SEO/High DA Profile；类型：Profile link；链接：Dofollow；聚合源标记可即时通过；导入日期 2026-08-25；执行前复核当前规则
https://texparty.com/		FALSE		聚合源标记免费；来源：大罗SEO/High DA Profile；类型：Profile link；链接：Nofollow；聚合源标记可即时通过；导入日期 2026-08-25；执行前复核当前规则
https://tezbookmarking.com/		FALSE		聚合源标记免费；来源：大罗SEO/Bookmarking；类型：Bookmarking；链接：Dofollow；聚合源标记可即时通过；导入日期 2026-08-25；执行前复核当前规则
https://thataicollection.com/submit		FALSE		聚合源标记免费；来源：首轮明确免费提交入口 / GitHub/csv/09-general-directories.csv+md/09-general-directories.md；类型：Directory / submission；导入日期 2026-08-25；执行前复核当前规则
https://theadminzone.com/		FALSE		聚合源标记免费；来源：大罗SEO/High DA Profile / 大罗SEO/Forums (L4)；类型：Profile link / Forums；链接：Dofollow；聚合源标记可即时通过；导入日期 2026-08-25；执行前复核当前规则
https://theaigeneration.com/		FALSE		聚合源标记免费；来源：GitHub/csv/04-launch-websites.csv+csv/07-ai-creators-directory.csv+csv/09-general-directories.csv+md/04-launch-websites.md+md/07-ai-creators-directory.md+md/09-general-directories.md；类型：homepage；导入日期 2026-08-25；执行前复核当前规则
https://theaigeneration.com/add		FALSE		聚合源标记免费；来源：首轮明确免费提交入口 / GitHub/csv/04-launch-websites.csv+csv/05-backlinks.csv+csv/07-ai-creators-directory.csv+csv/09-general-directories.csv+md/04-launch-websites.md+md/05-backlinks.md+md/07-ai-creators-directory.md+md/09-general-directories.md；类型：Directory / submission；导入日期 2026-08-25；执行前复核当前规则
https://theailibrary.co/		FALSE		聚合源标记免费；来源：GitHub/csv/02-ai-tools-directory.csv+csv/09-general-directories.csv+md/02-ai-tools-directory.md+md/09-general-directories.md；类型：homepage；导入日期 2026-08-25；执行前复核当前规则
https://theailibrary.co/account/tools/new		FALSE		聚合源标记免费；来源：首轮明确免费提交入口 / GitHub/csv/09-general-directories.csv+md/09-general-directories.md；类型：Directory / submission；导入日期 2026-08-25；执行前复核当前规则
https://theainavigator.com/		FALSE		聚合源标记免费；来源：GitHub/csv/02-ai-tools-directory.csv+md/02-ai-tools-directory.md；类型：homepage；导入日期 2026-08-25；执行前复核当前规则
https://thebassbarn.com/		FALSE		聚合源标记免费；来源：大罗SEO/High DA Profile / 大罗SEO/Forums (L4)；类型：Profile link / Forums；链接：Dofollow；聚合源标记可即时通过；导入日期 2026-08-25；执行前复核当前规则
https://theblogfairy.com/		FALSE		聚合源标记免费；来源：大罗SEO/Website Builder L4；类型：Website Builder；链接：Dofollow；聚合源标记可即时通过；导入日期 2026-08-25；执行前复核当前规则
https://thebookmarking.xyz/		FALSE		聚合源标记免费；来源：大罗SEO/Bookmarking；类型：Bookmarking；链接：Dofollow；聚合源标记可即时通过；导入日期 2026-08-25；执行前复核当前规则
https://thebookmarkingstore.com/		FALSE		聚合源标记免费；来源：大罗SEO/Bookmarking；类型：Bookmarking；链接：Dofollow；聚合源标记可即时通过；导入日期 2026-08-25；执行前复核当前规则
https://thebookmarkworld.com/		FALSE		聚合源标记免费；来源：大罗SEO/Bookmarking；类型：Bookmarking；链接：Dofollow；聚合源标记可即时通过；导入日期 2026-08-25；执行前复核当前规则
https://thecatsite.com/		FALSE		聚合源标记免费；来源：大罗SEO/High DA Profile / 大罗SEO/Forums (L4)；类型：Profile link / Forums；链接：Nofollow；聚合源标记可即时通过；导入日期 2026-08-25；执行前复核当前规则
https://thechapblog.com/		FALSE		聚合源标记免费；来源：大罗SEO/Website Builder L4；类型：Website Builder；链接：Dofollow；聚合源标记可即时通过；导入日期 2026-08-25；执行前复核当前规则
https://thegearpage.net/board/index.php		FALSE		聚合源标记免费；来源：大罗SEO/High DA Profile / 大罗SEO/Forums (L4)；类型：Profile link / Forums；链接：Dofollow；聚合源标记可即时通过；导入日期 2026-08-25；执行前复核当前规则
https://thegreatapps.com/		FALSE		聚合源标记免费；来源：大罗SEO/High DA Profile / 大罗SEO/Directory；类型：Profile link / Directory；链接：Nofollow；聚合源标记可即时通过；导入日期 2026-08-25；执行前复核当前规则
https://thehackstack.com/		FALSE		聚合源标记免费；来源：Notion 100+ DIR/FREE / GitHub/csv/09-general-directories.csv+md/09-general-directories.md；类型：Product Launch / submission；导入日期 2026-08-25；执行前复核当前规则
https://theideasblog.com/		FALSE		聚合源标记免费；来源：大罗SEO/Website Builder L4；类型：Website Builder；链接：Dofollow；聚合源标记可即时通过；导入日期 2026-08-25；执行前复核当前规则
https://theithum.in/		FALSE		聚合源标记免费；来源：大罗SEO/High DA Profile / 大罗SEO/Classified Ads (L4)；类型：Profile link / Classified Ads；链接：Dofollow；聚合源标记可即时通过；导入日期 2026-08-25；执行前复核当前规则
https://thekatyblog.com/		FALSE		聚合源标记免费；来源：大罗SEO/Website Builder L4；类型：Website Builder；链接：Dofollow；聚合源标记可即时通过；导入日期 2026-08-25；执行前复核当前规则
https://thelateblog.com/		FALSE		聚合源标记免费；来源：大罗SEO/Website Builder L4；类型：Website Builder；链接：Dofollow；聚合源标记可即时通过；导入日期 2026-08-25；执行前复核当前规则
https://theloop.com.au/		FALSE		聚合源标记免费；来源：大罗SEO/High DA Profile；类型：Profile link；链接：Dofollow；聚合源标记可即时通过；导入日期 2026-08-25；执行前复核当前规则
https://themoneyshed.co.uk/		FALSE		聚合源标记免费；来源：大罗SEO/High DA Profile / 大罗SEO/Forums (L4)；类型：Profile link / Forums；链接：Nofollow；聚合源标记可即时通过；导入日期 2026-08-25；执行前复核当前规则
https://thenerdsblog.com/		FALSE		聚合源标记免费；来源：大罗SEO/Website Builder L4；类型：Website Builder；链接：Dofollow；聚合源标记可即时通过；导入日期 2026-08-25；执行前复核当前规则
https://thenewsfunnel.com/		FALSE		聚合源标记免费；来源：大罗SEO/High DA Profile；类型：Profile link；链接：Nofollow；聚合源标记可即时通过；导入日期 2026-08-25；执行前复核当前规则
https://thenextaitool.com/		FALSE		聚合源标记免费；来源：GitHub/csv/09-general-directories.csv+md/09-general-directories.md；类型：submission；导入日期 2026-08-25；执行前复核当前规则
https://theobloggers.com/		FALSE		聚合源标记免费；来源：大罗SEO/Website Builder L4；类型：Website Builder；链接：Dofollow；聚合源标记可即时通过；导入日期 2026-08-25；执行前复核当前规则
https://theoueb.com/		FALSE		聚合源标记免费；来源：大罗SEO/Directory；类型：Directory；链接：Unknown；导入日期 2026-08-25；执行前复核当前规则
https://thephotoforum.com/		FALSE		聚合源标记免费；来源：大罗SEO/High DA Profile / 大罗SEO/Forums (L4)；类型：Profile link / Forums；链接：Nofollow；聚合源标记可即时通过；导入日期 2026-08-25；执行前复核当前规则
https://thestartupinc.com/		FALSE		聚合源标记免费；来源：大罗SEO/Directory；类型：Directory；链接：Unknown；导入日期 2026-08-25；执行前复核当前规则
https://thestartuppitch.com/		FALSE		聚合源标记免费；来源：大罗SEO/Directory / 大罗SEO/Product Launch (L5)；类型：Directory / Produt Launch；链接：Unknown；导入日期 2026-08-25；执行前复核当前规则
https://thestartuppitch.com/post-a-pitch		FALSE		聚合源标记免费；来源：Web.Cafe 海外产品发布渠道；类型：Product Launch；导入日期 2026-08-25；执行前复核当前规则
https://thetechmap.com/		FALSE		聚合源标记免费；来源：Web.Cafe 海外产品发布渠道；类型：Product Launch；导入日期 2026-08-25；执行前复核当前规则
https://thetoptens.com/		FALSE		聚合源标记免费；来源：大罗SEO/High DA Profile；类型：Profile link；链接：Nofollow；聚合源标记可即时通过；导入日期 2026-08-25；执行前复核当前规则
https://theverge.com/		FALSE		聚合源标记免费；来源：大罗SEO/High DA Profile；类型：Profile link；链接：Nofollow；聚合源标记可即时通过；导入日期 2026-08-25；执行前复核当前规则
https://thoughts.com/		FALSE		聚合源标记免费；来源：大罗SEO/Website Builder L4；类型：Website Builder；链接：Dofollow；聚合源标记可即时通过；导入日期 2026-08-25；执行前复核当前规则
https://threadless.com/		FALSE		聚合源标记免费；来源：大罗SEO/High DA Profile；类型：Profile link；链接：Nofollow；聚合源标记可即时通过；导入日期 2026-08-25；执行前复核当前规则
https://thrillon.com/		FALSE		聚合源标记免费；来源：大罗SEO/High DA Profile；类型：Profile link；链接：Dofollow；聚合源标记可即时通过；导入日期 2026-08-25；执行前复核当前规则
https://thunderbird-mail.de/forum		FALSE		聚合源标记免费；来源：大罗SEO/High DA Profile / 大罗SEO/Forums (L4)；类型：Profile link / Forums；链接：Nofollow；聚合源标记可即时通过；导入日期 2026-08-25；执行前复核当前规则
https://ticketleap.com/		FALSE		聚合源标记免费；来源：大罗SEO/High DA Profile；类型：Profile link；链接：Nofollow；聚合源标记可即时通过；导入日期 2026-08-25；执行前复核当前规则
https://time.ly/		FALSE		聚合源标记免费；来源：大罗SEO/High DA Profile；类型：Profile link；链接：Dofollow；聚合源标记可即时通过；导入日期 2026-08-25；执行前复核当前规则
https://timeblog.net/		FALSE		聚合源标记免费；来源：大罗SEO/Website Builder L4；类型：Website Builder；链接：Dofollow；聚合源标记可即时通过；导入日期 2026-08-25；执行前复核当前规则
https://tinhte.vn/		FALSE		聚合源标记免费；来源：大罗SEO/High DA Profile；类型：Profile link；链接：Nofollow；聚合源标记可即时通过；导入日期 2026-08-25；执行前复核当前规则
https://tiny.cc/		FALSE		聚合源标记免费；来源：大罗SEO/URL Shortener；类型：URL Shortener；链接：Dofollow；聚合源标记可即时通过；导入日期 2026-08-25；执行前复核当前规则
https://tiny.pl/		FALSE		聚合源标记免费；来源：大罗SEO/URL Shortener；类型：URL Shortener；链接：Dofollow；聚合源标记可即时通过；导入日期 2026-08-25；执行前复核当前规则
https://tinyalternatives.com/		FALSE		聚合源标记免费；来源：GitHub/csv/07-ai-creators-directory.csv+md/07-ai-creators-directory.md；类型：homepage；导入日期 2026-08-25；执行前复核当前规则
https://tinyalternatives.com/login		FALSE		聚合源标记免费；来源：GitHub/csv/07-ai-creators-directory.csv+md/07-ai-creators-directory.md；类型：submission；导入日期 2026-08-25；执行前复核当前规则
https://tinyblogging.com/		FALSE		聚合源标记免费；来源：大罗SEO/Website Builder L4；类型：Website Builder；链接：Dofollow；聚合源标记可即时通过；导入日期 2026-08-25；执行前复核当前规则
https://tinystartups.co/		FALSE		聚合源标记免费；来源：Notion 100+ DIR/FREE / GitHub/csv/09-general-directories.csv+md/09-general-directories.md；类型：Product Launch / homepage；导入日期 2026-08-25；执行前复核当前规则
https://tinystartups.com/		FALSE		聚合源标记免费；来源：GitHub/csv/04-launch-websites.csv+md/04-launch-websites.md；类型：homepage；导入日期 2026-08-25；执行前复核当前规则
https://tinyurl.com/		FALSE		聚合源标记免费；来源：大罗SEO/URL Shortener；类型：URL Shortener；链接：Dofollow；聚合源标记可即时通过；导入日期 2026-08-25；执行前复核当前规则
https://tipf.co.uk/		FALSE		聚合源标记免费；来源：大罗SEO/High DA Profile / 大罗SEO/Forums (L4)；类型：Profile link / Forums；链接：Dofollow；聚合源标记可即时通过；导入日期 2026-08-25；执行前复核当前规则
https://tipocode.com/		FALSE		聚合源标记免费；来源：大罗SEO/Directory；类型：Directory；链接：Unknown；导入日期 2026-08-25；执行前复核当前规则
https://tipseason.com/ai-tools		FALSE		聚合源标记免费；来源：GitHub/csv/04-launch-websites.csv+md/04-launch-websites.md；类型：homepage；导入日期 2026-08-25；执行前复核当前规则
https://tipseason.com/ai-tools/submit		FALSE		聚合源标记免费；来源：首轮明确免费提交入口 / GitHub/csv/04-launch-websites.csv+csv/09-general-directories.csv+md/04-launch-websites.md+md/09-general-directories.md；类型：Directory / submission；导入日期 2026-08-25；执行前复核当前规则
https://together.lovefromyours.com/		FALSE		聚合源标记免费；来源：大罗SEO/High DA Profile；类型：Profile link；链接：Nofollow；聚合源标记可即时通过；导入日期 2026-08-25；执行前复核当前规则
https://tokaiforum.com/		FALSE		聚合源标记免费；来源：大罗SEO/High DA Profile / 大罗SEO/Forums (L4)；类型：Profile link / Forums；链接：Dofollow；聚合源标记可即时通过；导入日期 2026-08-25；执行前复核当前规则
https://tomtom.com/		FALSE		聚合源标记免费；来源：大罗SEO/Local (L2)；类型：Local；链接：Unknown；导入日期 2026-08-25；执行前复核当前规则
https://tomtop.com/		FALSE		聚合源标记免费；来源：大罗SEO/High DA Profile；类型：Profile link；链接：Nofollow；聚合源标记可即时通过；导入日期 2026-08-25；执行前复核当前规则
https://toolai.io/		FALSE		聚合源标记免费；来源：Notion 100+ DIR/FREE / GitHub/csv/09-general-directories.csv+md/09-general-directories.md；类型：Product Launch / homepage；导入日期 2026-08-25；执行前复核当前规则
https://toolai.io/Login?ReturnUrl=/en/submit?ref=aidirectories		FALSE		聚合源标记免费；来源：Notion 100+ DIR/FREE / 首轮明确免费提交入口 / GitHub/csv/09-general-directories.csv+md/09-general-directories.md；类型：Product Launch / Directory / submission；导入日期 2026-08-25；执行前复核当前规则
https://toolbattles.com/submit-product		FALSE		聚合源标记免费；来源：首轮明确免费提交入口；类型：Directory；导入日期 2026-08-25；执行前复核当前规则
https://toolbox.com/		FALSE		聚合源标记免费；来源：大罗SEO/High DA Profile；类型：Profile link；链接：Nofollow；聚合源标记可即时通过；导入日期 2026-08-25；执行前复核当前规则
https://toolfinder.co/		FALSE		聚合源标记免费；来源：大罗SEO/Review Sites / 大罗SEO/Product Launch (L5)；类型：Review Sites / Produt Launch；链接：Unknown；导入日期 2026-08-25；执行前复核当前规则
https://toolhunter.ai/		FALSE		聚合源标记免费；来源：GitHub/csv/02-ai-tools-directory.csv+md/02-ai-tools-directory.md；类型：homepage；导入日期 2026-08-25；执行前复核当前规则
https://toolpilot.ai/		FALSE		聚合源标记免费；来源：GitHub/csv/04-launch-websites.csv+csv/05-backlinks.csv+csv/07-ai-creators-directory.csv+csv/09-general-directories.csv+md/04-launch-websites.md+md/05-backlinks.md+md/07-ai-creators-directory.md+md/09-general-directories.md；类型：homepage；导入日期 2026-08-25；执行前复核当前规则
https://toolpilot.ai/pages/submit-your-ai-tool		FALSE		聚合源标记免费；来源：首轮明确免费提交入口 / GitHub/csv/04-launch-websites.csv+csv/07-ai-creators-directory.csv+csv/09-general-directories.csv+md/04-launch-websites.md+md/07-ai-creators-directory.md+md/09-general-directories.md；类型：Directory / submission；导入日期 2026-08-25；执行前复核当前规则
https://tools-ai.online/		FALSE		聚合源标记免费；来源：GitHub/csv/02-ai-tools-directory.csv+md/02-ai-tools-directory.md；类型：homepage；导入日期 2026-08-25；执行前复核当前规则
https://tools-ai.online/tool-submit		FALSE		聚合源标记免费；来源：Notion 100+ DIR/FREE / 首轮明确免费提交入口 / GitHub/csv/09-general-directories.csv+md/09-general-directories.md；类型：Product Launch / Directory / submission；导入日期 2026-08-25；执行前复核当前规则
https://tools.robingood.com/		FALSE		聚合源标记免费；来源：大罗SEO/Directory / Web.Cafe 海外产品发布渠道 / GitHub/csv/01-startup-directories.csv+csv/03-new-startup-directories.csv+csv/04-launch-websites.csv+csv/06-startup-launch-ways.csv+csv/09-general-directories.csv+md/01-startup-directories.md+md/03-new-startup-directories.md+md/04-launch-websites.md+md/06-startup-launch-ways.md+md/09-general-directories.md；类型：Directory / Product Launch / submission；链接：Unknown；导入日期 2026-08-25；执行前复核当前规则
https://tools.so/		FALSE		聚合源标记免费；来源：GitHub/csv/04-launch-websites.csv+csv/09-general-directories.csv+md/04-launch-websites.md+md/09-general-directories.md；类型：homepage；导入日期 2026-08-25；执行前复核当前规则
https://tools.so/submit		FALSE		聚合源标记免费；来源：首轮明确免费提交入口 / GitHub/csv/04-launch-websites.csv+csv/09-general-directories.csv+md/04-launch-websites.md+md/09-general-directories.md；类型：Directory / submission；导入日期 2026-08-25；执行前复核当前规则
https://toolscout.ai/		FALSE		聚合源标记免费；来源：Notion 100+ DIR/FREE / GitHub/csv/04-launch-websites.csv+csv/09-general-directories.csv+md/04-launch-websites.md+md/09-general-directories.md；类型：Product Launch / homepage；导入日期 2026-08-25；执行前复核当前规则
https://toolscout.ai/submit		FALSE		聚合源标记免费；来源：Notion 100+ DIR/FREE / 首轮明确免费提交入口 / GitHub/csv/04-launch-websites.csv+csv/05-backlinks.csv+csv/09-general-directories.csv+md/04-launch-websites.md+md/05-backlinks.md+md/09-general-directories.md；类型：Product Launch / Directory / submission；导入日期 2026-08-25；执行前复核当前规则
https://toolscout.com/		FALSE		聚合源标记免费；来源：GitHub/csv/02-ai-tools-directory.csv+md/02-ai-tools-directory.md；类型：homepage；导入日期 2026-08-25；执行前复核当前规则
https://toolsfine.com/		FALSE		聚合源标记免费；来源：GitHub/csv/02-ai-tools-directory.csv+csv/05-backlinks.csv+md/02-ai-tools-directory.md+md/05-backlinks.md；类型：homepage；导入日期 2026-08-25；执行前复核当前规则
https://toolsummary.com/		FALSE		聚合源标记免费；来源：Notion 100+ DIR/FREE / GitHub/csv/09-general-directories.csv+md/09-general-directories.md；类型：Product Launch / homepage；导入日期 2026-08-25；执行前复核当前规则
https://toolsummary.com/submit-ai-tool		FALSE		聚合源标记免费；来源：Notion 100+ DIR/FREE / 首轮明确免费提交入口 / GitHub/csv/09-general-directories.csv+md/09-general-directories.md；类型：Product Launch / Directory / submission；导入日期 2026-08-25；执行前复核当前规则
https://topapps.ai/		FALSE		聚合源标记免费；来源：GitHub/csv/02-ai-tools-directory.csv+csv/04-launch-websites.csv+csv/05-backlinks.csv+csv/07-ai-creators-directory.csv+md/02-ai-tools-directory.md+md/04-launch-websites.md+md/05-backlinks.md+md/07-ai-creators-directory.md；类型：homepage；导入日期 2026-08-25；执行前复核当前规则
https://topapps.ai/submit		FALSE		聚合源标记免费；来源：GitHub/csv/03-new-startup-directories.csv+csv/04-launch-websites.csv+csv/07-ai-creators-directory.csv+md/03-new-startup-directories.md+md/04-launch-websites.md+md/07-ai-creators-directory.md；类型：submission；导入日期 2026-08-25；执行前复核当前规则
https://topbloghub.com/		FALSE		聚合源标记免费；来源：大罗SEO/Website Builder L4；类型：Website Builder；链接：Dofollow；聚合源标记可即时通过；导入日期 2026-08-25；执行前复核当前规则
https://topgoldforum.com/		FALSE		聚合源标记免费；来源：大罗SEO/High DA Profile / 大罗SEO/Forums (L4)；类型：Profile link / Forums；链接：Nofollow；聚合源标记可即时通过；导入日期 2026-08-25；执行前复核当前规则
https://topionetworks.com/		FALSE		聚合源标记免费；来源：大罗SEO/Social DALUOSEO.COM；类型：Unknown；导入日期 2026-08-25；执行前复核当前规则
https://toplistingsite.com/		FALSE		聚合源标记免费；来源：大罗SEO/Bookmarking；类型：Bookmarking；链接：Dofollow；聚合源标记可即时通过；导入日期 2026-08-25；执行前复核当前规则
https://toptools.ai/		FALSE		聚合源标记免费；来源：GitHub/csv/07-ai-creators-directory.csv+md/07-ai-creators-directory.md；类型：submission；导入日期 2026-08-25；执行前复核当前规则
https://tor.com/		FALSE		聚合源标记免费；来源：大罗SEO/High DA Profile；类型：Profile link；链接：Nofollow；聚合源标记可即时通过；导入日期 2026-08-25；执行前复核当前规则
https://totalautomation.in/		FALSE		聚合源标记免费；来源：大罗SEO/Classified Ads (L4)；类型：Classified Ads；链接：Unknown；导入日期 2026-08-25；执行前复核当前规则
https://touristlink.com/		FALSE		聚合源标记免费；来源：大罗SEO/High DA Profile；类型：Profile link；链接：Nofollow；聚合源标记可即时通过；导入日期 2026-08-25；执行前复核当前规则
https://tr.im/		FALSE		聚合源标记免费；来源：大罗SEO/URL Shortener；类型：URL Shortener；链接：Dofollow；聚合源标记可即时通过；导入日期 2026-08-25；执行前复核当前规则
https://trackbes.com/		FALSE		聚合源标记免费；来源：Notion 100+ DIR/FREE / GitHub/csv/09-general-directories.csv+md/09-general-directories.md；类型：Product Launch / homepage；导入日期 2026-08-25；执行前复核当前规则
https://trackbes.com/submit-tool		FALSE		聚合源标记免费；来源：Notion 100+ DIR/FREE / 首轮明确免费提交入口 / GitHub/csv/09-general-directories.csv+md/09-general-directories.md；类型：Product Launch / Directory / submission；导入日期 2026-08-25；执行前复核当前规则
https://trackbookmark.com/		FALSE		聚合源标记免费；来源：大罗SEO/Bookmarking；类型：Bookmarking；链接：Dofollow；聚合源标记可即时通过；导入日期 2026-08-25；执行前复核当前规则
https://traders.ipt.pw/		FALSE		聚合源标记免费；来源：大罗SEO/Bookmarking；类型：Bookmarking；链接：Dofollow；聚合源标记可即时通过；导入日期 2026-08-25；执行前复核当前规则
https://traffup.net/		FALSE		聚合源标记免费；来源：大罗SEO/High DA Profile；类型：Profile link；链接：Nofollow；聚合源标记可即时通过；导入日期 2026-08-25；执行前复核当前规则
https://traiborg.com/		FALSE		聚合源标记免费；来源：大罗SEO/High DA Profile；类型：Profile link；链接：Dofollow；聚合源标记可即时通过；导入日期 2026-08-25；执行前复核当前规则
https://trailers.ipt.pw/		FALSE		聚合源标记免费；来源：大罗SEO/Bookmarking；类型：Bookmarking；链接：Dofollow；聚合源标记可即时通过；导入日期 2026-08-25；执行前复核当前规则
https://translatorscafe.com/cafe		FALSE		聚合源标记免费；来源：大罗SEO/High DA Profile / 大罗SEO/Communities (L4)；类型：Profile link / Communities；链接：Nofollow；聚合源标记可即时通过；导入日期 2026-08-25；执行前复核当前规则
https://travelful.net/		FALSE		聚合源标记免费；来源：大罗SEO/High DA Profile；类型：Profile link；链接：Nofollow；聚合源标记可即时通过；导入日期 2026-08-25；执行前复核当前规则
https://travellerspoint.com/		FALSE		聚合源标记免费；来源：大罗SEO/High DA Profile；类型：Profile link；链接：Dofollow；聚合源标记可即时通过；导入日期 2026-08-25；执行前复核当前规则
https://travelmithu.com/		FALSE		聚合源标记免费；来源：大罗SEO/Bookmarking；类型：Bookmarking；链接：Dofollow；聚合源标记可即时通过；导入日期 2026-08-25；执行前复核当前规则
https://trendri.com/		FALSE		聚合源标记免费；来源：大罗SEO/High DA Profile / 大罗SEO/Forums (L4)；类型：Profile link / Forums；链接：Nofollow；聚合源标记可即时通过；导入日期 2026-08-25；执行前复核当前规则
https://trendystartups.com/		FALSE		聚合源标记免费；来源：大罗SEO/Product Launch (L5)；类型：Produt Launch；链接：Unknown；导入日期 2026-08-25；执行前复核当前规则
https://trepup.com/		FALSE		聚合源标记免费；来源：大罗SEO/High DA Profile；类型：Profile link；链接：Nofollow；聚合源标记可即时通过；导入日期 2026-08-25；执行前复核当前规则
https://tribalpages.com/		FALSE		聚合源标记免费；来源：大罗SEO/High DA Profile；类型：Profile link；链接：Nofollow；聚合源标记可即时通过；导入日期 2026-08-25；执行前复核当前规则
https://tribeofnoise.com/		FALSE		聚合源标记免费；来源：大罗SEO/High DA Profile；类型：Profile link；链接：Nofollow；聚合源标记可即时通过；导入日期 2026-08-25；执行前复核当前规则
https://triberr.com/		FALSE		聚合源标记免费；来源：大罗SEO/High DA Profile；类型：Profile link；链接：Dofollow；聚合源标记可即时通过；导入日期 2026-08-25；执行前复核当前规则
https://tribes.kbctraining.com/		FALSE		聚合源标记免费；来源：大罗SEO/High DA Profile；类型：Profile link；链接：Nofollow；聚合源标记可即时通过；导入日期 2026-08-25；执行前复核当前规则
https://tripadvisor.com/		FALSE		聚合源标记免费；来源：大罗SEO/Review Sites / 大罗SEO/Local (L2)；类型：Review Sites / Local；链接：Dofollow；聚合源标记可即时通过；导入日期 2026-08-25；执行前复核当前规则
https://tripline.net/		FALSE		聚合源标记免费；来源：大罗SEO/High DA Profile；类型：Profile link；链接：Nofollow；聚合源标记可即时通过；导入日期 2026-08-25；执行前复核当前规则
https://tripod.lycos.com/		FALSE		聚合源标记免费；来源：大罗SEO/Article Submission L4 / 大罗SEO/Website Builder L4；类型：Article Submission / Website Builder；链接：Unknown；导入日期 2026-08-25；执行前复核当前规则
https://triptipedia.com/		FALSE		聚合源标记免费；来源：大罗SEO/High DA Profile；类型：Profile link；链接：Dofollow；聚合源标记可即时通过；导入日期 2026-08-25；执行前复核当前规则
https://trodl.com/		FALSE		聚合源标记免费；来源：大罗SEO/High DA Profile；类型：Profile link；链接：Dofollow；聚合源标记可即时通过；导入日期 2026-08-25；执行前复核当前规则
https://trova-aperto.it/		FALSE		聚合源标记免费；来源：大罗SEO/Directory；类型：Directory；链接：Unknown；导入日期 2026-08-25；执行前复核当前规则
https://truecrimefamily.co/		FALSE		聚合源标记免费；来源：大罗SEO/High DA Profile；类型：Profile link；链接：Nofollow；聚合源标记可即时通过；导入日期 2026-08-25；执行前复核当前规则
https://trueen.com/		FALSE		聚合源标记免费；来源：大罗SEO/Local (L2)；类型：Local；链接：Nofollow；聚合源标记可即时通过；导入日期 2026-08-25；执行前复核当前规则
https://truelocal.com.au/		FALSE		聚合源标记免费；来源：大罗SEO/Local (L2)；类型：Local；链接：Unknown；导入日期 2026-08-25；执行前复核当前规则
https://trustpilot.com/		FALSE		聚合源标记免费；来源：大罗SEO/Review Sites；类型：Review Sites；链接：Unknown；导入日期 2026-08-25；执行前复核当前规则
https://trustradius.com/		FALSE		聚合源标记免费；来源：大罗SEO/Directory / 大罗SEO/Review Sites；类型：Directory / Review Sites；链接：Unknown；导入日期 2026-08-25；执行前复核当前规则
https://ttblogs.com/		FALSE		聚合源标记免费；来源：大罗SEO/Website Builder L4；类型：Website Builder；链接：Dofollow；聚合源标记可即时通过；导入日期 2026-08-25；执行前复核当前规则
https://ttlink.com/		FALSE		聚合源标记免费；来源：大罗SEO/High DA Profile；类型：Profile link；链接：Dofollow；聚合源标记可即时通过；导入日期 2026-08-25；执行前复核当前规则
https://tube.p2p.legal/		FALSE		聚合源标记免费；来源：大罗SEO/High DA Profile；类型：Profile link；链接：Dofollow；聚合源标记可即时通过；导入日期 2026-08-25；执行前复核当前规则
https://tuffsocial.com/		FALSE		聚合源标记免费；来源：大罗SEO/Bookmarking；类型：Bookmarking；链接：Dofollow；聚合源标记可即时通过；导入日期 2026-08-25；执行前复核当前规则
https://tumblr.com/		FALSE		聚合源标记免费；来源：大罗SEO/High DA Profile；类型：Profile link；链接：Dofollow；聚合源标记可即时通过；导入日期 2026-08-25；执行前复核当前规则
https://tumblr.com/explore/trending		FALSE		聚合源标记免费；来源：大罗SEO/Communities (L4)；类型：Communities；链接：Dofollow；聚合源标记可即时通过；导入日期 2026-08-25；执行前复核当前规则
https://tupalo.co/		FALSE		聚合源标记免费；来源：大罗SEO/High DA Profile / 大罗SEO/Local (L2)；类型：Profile link / Local；链接：Nofollow；聚合源标记可即时通过；导入日期 2026-08-25；执行前复核当前规则
https://tupalo.dk/		FALSE		聚合源标记免费；来源：大罗SEO/Local (L2)；类型：Local；链接：Unknown；导入日期 2026-08-25；执行前复核当前规则
https://tupalo.fi/		FALSE		聚合源标记免费；来源：大罗SEO/Local (L2)；类型：Local；链接：Unknown；导入日期 2026-08-25；执行前复核当前规则
https://tupalo.fr/		FALSE		聚合源标记免费；来源：大罗SEO/Local (L2)；类型：Local；链接：Unknown；导入日期 2026-08-25；执行前复核当前规则
https://tupalo.pl/		FALSE		聚合源标记免费；来源：大罗SEO/Local (L2)；类型：Local；链接：Unknown；导入日期 2026-08-25；执行前复核当前规则
https://tupalo.se/		FALSE		聚合源标记免费；来源：大罗SEO/Local (L2)；类型：Local；链接：Unknown；导入日期 2026-08-25；执行前复核当前规则
https://turnkeylinux.org/		FALSE		聚合源标记免费；来源：大罗SEO/High DA Profile；类型：Profile link；链接：Dofollow；聚合源标记可即时通过；导入日期 2026-08-25；执行前复核当前规则
https://tutpub.com/		FALSE		聚合源标记免费；来源：大罗SEO/Bookmarking；类型：Bookmarking；链接：Dofollow；聚合源标记可即时通过；导入日期 2026-08-25；执行前复核当前规则
https://tuttosuitalia.com/		FALSE		聚合源标记免费；来源：大罗SEO/Directory；类型：Directory；链接：Unknown；导入日期 2026-08-25；执行前复核当前规则
https://tuugo.at/		FALSE		聚合源标记免费；来源：大罗SEO/Local (L2)；类型：Local；链接：Dofollow；聚合源标记可即时通过；导入日期 2026-08-25；执行前复核当前规则
https://tuugo.be/		FALSE		聚合源标记免费；来源：大罗SEO/Local (L2)；类型：Local；链接：Dofollow；聚合源标记可即时通过；导入日期 2026-08-25；执行前复核当前规则
https://tuugo.biz/		FALSE		聚合源标记免费；来源：大罗SEO/Local (L2)；类型：Local；链接：Dofollow；聚合源标记可即时通过；导入日期 2026-08-25；执行前复核当前规则
https://tuugo.ch/		FALSE		聚合源标记免费；来源：大罗SEO/Local (L2)；类型：Local；链接：Dofollow；聚合源标记可即时通过；导入日期 2026-08-25；执行前复核当前规则
https://tuugo.cl/		FALSE		聚合源标记免费；来源：大罗SEO/Local (L2)；类型：Local；链接：Nofollow；聚合源标记可即时通过；导入日期 2026-08-25；执行前复核当前规则
https://tuugo.cn/		FALSE		聚合源标记免费；来源：大罗SEO/Local (L2)；类型：Local；链接：Dofollow；聚合源标记可即时通过；导入日期 2026-08-25；执行前复核当前规则
https://tuugo.co.cr/		FALSE		聚合源标记免费；来源：大罗SEO/Local (L2)；类型：Local；链接：Dofollow；聚合源标记可即时通过；导入日期 2026-08-25；执行前复核当前规则
https://tuugo.co.ke/		FALSE		聚合源标记免费；来源：大罗SEO/Local (L2)；类型：Local；链接：Dofollow；聚合源标记可即时通过；导入日期 2026-08-25；执行前复核当前规则
https://tuugo.co.ni/		FALSE		聚合源标记免费；来源：大罗SEO/Local (L2)；类型：Local；链接：Unknown；导入日期 2026-08-25；执行前复核当前规则
https://tuugo.co.nz/		FALSE		聚合源标记免费；来源：大罗SEO/Local (L2)；类型：Local；链接：Dofollow；聚合源标记可即时通过；导入日期 2026-08-25；执行前复核当前规则
https://tuugo.co.uk/		FALSE		聚合源标记免费；来源：大罗SEO/Local (L2)；类型：Local；链接：Dofollow；聚合源标记可即时通过；导入日期 2026-08-25；执行前复核当前规则
https://tuugo.co.za/		FALSE		聚合源标记免费；来源：大罗SEO/Local (L2)；类型：Local；链接：Dofollow；聚合源标记可即时通过；导入日期 2026-08-25；执行前复核当前规则
https://tuugo.com.ar/		FALSE		聚合源标记免费；来源：大罗SEO/Local (L2)；类型：Local；链接：Nofollow；聚合源标记可即时通过；导入日期 2026-08-25；执行前复核当前规则
https://tuugo.com.bd/		FALSE		聚合源标记免费；来源：大罗SEO/Local (L2)；类型：Local；链接：Nofollow；聚合源标记可即时通过；导入日期 2026-08-25；执行前复核当前规则
https://tuugo.com.bo/		FALSE		聚合源标记免费；来源：大罗SEO/Local (L2)；类型：Local；链接：Nofollow；聚合源标记可即时通过；导入日期 2026-08-25；执行前复核当前规则
https://tuugo.com.br/		FALSE		聚合源标记免费；来源：大罗SEO/Local (L2)；类型：Local；链接：Nofollow；聚合源标记可即时通过；导入日期 2026-08-25；执行前复核当前规则
https://tuugo.com.co/		FALSE		聚合源标记免费；来源：大罗SEO/Local (L2)；类型：Local；链接：Dofollow；聚合源标记可即时通过；导入日期 2026-08-25；执行前复核当前规则
https://tuugo.com.gt/		FALSE		聚合源标记免费；来源：大罗SEO/Local (L2)；类型：Local；链接：Dofollow；聚合源标记可即时通过；导入日期 2026-08-25；执行前复核当前规则
https://tuugo.com.mx/		FALSE		聚合源标记免费；来源：大罗SEO/Local (L2)；类型：Local；链接：Nofollow；聚合源标记可即时通过；导入日期 2026-08-25；执行前复核当前规则
https://tuugo.com.ng/		FALSE		聚合源标记免费；来源：大罗SEO/Local (L2)；类型：Local；链接：Unknown；导入日期 2026-08-25；执行前复核当前规则
https://tuugo.com.pa/		FALSE		聚合源标记免费；来源：大罗SEO/Local (L2)；类型：Local；链接：Dofollow；聚合源标记可即时通过；导入日期 2026-08-25；执行前复核当前规则
https://tuugo.com.sv/		FALSE		聚合源标记免费；来源：大罗SEO/Local (L2)；类型：Local；链接：Dofollow；聚合源标记可即时通过；导入日期 2026-08-25；执行前复核当前规则
https://tuugo.com.ua/		FALSE		聚合源标记免费；来源：大罗SEO/Local (L2)；类型：Local；链接：Nofollow；聚合源标记可即时通过；导入日期 2026-08-25；执行前复核当前规则
https://tuugo.com.uy/		FALSE		聚合源标记免费；来源：大罗SEO/Local (L2)；类型：Local；链接：Nofollow；聚合源标记可即时通过；导入日期 2026-08-25；执行前复核当前规则
https://tuugo.com.ve/		FALSE		聚合源标记免费；来源：大罗SEO/Local (L2)；类型：Local；链接：Nofollow；聚合源标记可即时通过；导入日期 2026-08-25；执行前复核当前规则
https://tuugo.com.vn/		FALSE		聚合源标记免费；来源：大罗SEO/Local (L2)；类型：Local；链接：Dofollow；聚合源标记可即时通过；导入日期 2026-08-25；执行前复核当前规则
https://tuugo.cz/		FALSE		聚合源标记免费；来源：大罗SEO/Local (L2)；类型：Local；链接：Dofollow；聚合源标记可即时通过；导入日期 2026-08-25；执行前复核当前规则
https://tuugo.de/		FALSE		聚合源标记免费；来源：大罗SEO/Local (L2)；类型：Local；链接：Dofollow；聚合源标记可即时通过；导入日期 2026-08-25；执行前复核当前规则
https://tuugo.dk/		FALSE		聚合源标记免费；来源：大罗SEO/Local (L2)；类型：Local；链接：Dofollow；聚合源标记可即时通过；导入日期 2026-08-25；执行前复核当前规则
https://tuugo.do/		FALSE		聚合源标记免费；来源：大罗SEO/Local (L2)；类型：Local；链接：Dofollow；聚合源标记可即时通过；导入日期 2026-08-25；执行前复核当前规则
https://tuugo.ec/		FALSE		聚合源标记免费；来源：大罗SEO/Local (L2)；类型：Local；链接：Dofollow；聚合源标记可即时通过；导入日期 2026-08-25；执行前复核当前规则
https://tuugo.es/		FALSE		聚合源标记免费；来源：大罗SEO/Local (L2)；类型：Local；链接：Nofollow；聚合源标记可即时通过；导入日期 2026-08-25；执行前复核当前规则
https://tuugo.fr/		FALSE		聚合源标记免费；来源：大罗SEO/Local (L2)；类型：Local；链接：Unknown；导入日期 2026-08-25；执行前复核当前规则
https://tuugo.gr/		FALSE		聚合源标记免费；来源：大罗SEO/Local (L2)；类型：Local；链接：Dofollow；聚合源标记可即时通过；导入日期 2026-08-25；执行前复核当前规则
https://tuugo.hk/		FALSE		聚合源标记免费；来源：大罗SEO/Local (L2)；类型：Local；链接：Dofollow；聚合源标记可即时通过；导入日期 2026-08-25；执行前复核当前规则
https://tuugo.hn/		FALSE		聚合源标记免费；来源：大罗SEO/Local (L2)；类型：Local；链接：Dofollow；聚合源标记可即时通过；导入日期 2026-08-25；执行前复核当前规则
https://tuugo.hu/		FALSE		聚合源标记免费；来源：大罗SEO/Local (L2)；类型：Local；链接：Dofollow；聚合源标记可即时通过；导入日期 2026-08-25；执行前复核当前规则
https://tuugo.in/		FALSE		聚合源标记免费；来源：大罗SEO/Local (L2)；类型：Local；链接：Nofollow；聚合源标记可即时通过；导入日期 2026-08-25；执行前复核当前规则
https://tuugo.in.th/		FALSE		聚合源标记免费；来源：大罗SEO/Local (L2)；类型：Local；链接：Dofollow；聚合源标记可即时通过；导入日期 2026-08-25；执行前复核当前规则
https://tuugo.info/		FALSE		聚合源标记免费；来源：大罗SEO/Local (L2)；类型：Local；链接：Dofollow；聚合源标记可即时通过；导入日期 2026-08-25；执行前复核当前规则
https://tuugo.it/		FALSE		聚合源标记免费；来源：大罗SEO/Local (L2)；类型：Local；链接：Dofollow；聚合源标记可即时通过；导入日期 2026-08-25；执行前复核当前规则
https://tuugo.jp/		FALSE		聚合源标记免费；来源：大罗SEO/Local (L2)；类型：Local；链接：Dofollow；聚合源标记可即时通过；导入日期 2026-08-25；执行前复核当前规则
https://tuugo.kr/		FALSE		聚合源标记免费；来源：大罗SEO/Local (L2)；类型：Local；链接：Dofollow；聚合源标记可即时通过；导入日期 2026-08-25；执行前复核当前规则
https://tuugo.ma/		FALSE		聚合源标记免费；来源：大罗SEO/Local (L2)；类型：Local；链接：Dofollow；聚合源标记可即时通过；导入日期 2026-08-25；执行前复核当前规则
https://tuugo.me/		FALSE		聚合源标记免费；来源：大罗SEO/Local (L2)；类型：Local；链接：Nofollow；聚合源标记可即时通过；导入日期 2026-08-25；执行前复核当前规则
https://tuugo.my/		FALSE		聚合源标记免费；来源：大罗SEO/Local (L2)；类型：Local；链接：Nofollow；聚合源标记可即时通过；导入日期 2026-08-25；执行前复核当前规则
https://tuugo.net/		FALSE		聚合源标记免费；来源：大罗SEO/Local (L2)；类型：Local；链接：Nofollow；聚合源标记可即时通过；导入日期 2026-08-25；执行前复核当前规则
https://tuugo.nl/		FALSE		聚合源标记免费；来源：大罗SEO/Local (L2)；类型：Local；链接：Dofollow；聚合源标记可即时通过；导入日期 2026-08-25；执行前复核当前规则
https://tuugo.pe/		FALSE		聚合源标记免费；来源：大罗SEO/Local (L2)；类型：Local；链接：Nofollow；聚合源标记可即时通过；导入日期 2026-08-25；执行前复核当前规则
https://tuugo.ph/		FALSE		聚合源标记免费；来源：大罗SEO/Local (L2)；类型：Local；链接：Dofollow；聚合源标记可即时通过；导入日期 2026-08-25；执行前复核当前规则
https://tuugo.pk/		FALSE		聚合源标记免费；来源：大罗SEO/Local (L2)；类型：Local；链接：Dofollow；聚合源标记可即时通过；导入日期 2026-08-25；执行前复核当前规则
https://tuugo.pl/		FALSE		聚合源标记免费；来源：大罗SEO/Local (L2)；类型：Local；链接：Dofollow；聚合源标记可即时通过；导入日期 2026-08-25；执行前复核当前规则
https://tuugo.pt/		FALSE		聚合源标记免费；来源：大罗SEO/Local (L2)；类型：Local；链接：Dofollow；聚合源标记可即时通过；导入日期 2026-08-25；执行前复核当前规则
https://tuugo.ro/		FALSE		聚合源标记免费；来源：大罗SEO/Local (L2)；类型：Local；链接：Dofollow；聚合源标记可即时通过；导入日期 2026-08-25；执行前复核当前规则
https://tuugo.ru/		FALSE		聚合源标记免费；来源：大罗SEO/Local (L2)；类型：Local；链接：Dofollow；聚合源标记可即时通过；导入日期 2026-08-25；执行前复核当前规则
https://tuugo.se/		FALSE		聚合源标记免费；来源：大罗SEO/Local (L2)；类型：Local；链接：Dofollow；聚合源标记可即时通过；导入日期 2026-08-25；执行前复核当前规则
https://tuugo.sg/		FALSE		聚合源标记免费；来源：大罗SEO/Local (L2)；类型：Local；链接：Dofollow；聚合源标记可即时通过；导入日期 2026-08-25；执行前复核当前规则
https://tuugo.tk/		FALSE		聚合源标记免费；来源：大罗SEO/Local (L2)；类型：Local；链接：Dofollow；聚合源标记可即时通过；导入日期 2026-08-25；执行前复核当前规则
https://tuugo.tw/		FALSE		聚合源标记免费；来源：大罗SEO/Local (L2)；类型：Local；链接：Dofollow；聚合源标记可即时通过；导入日期 2026-08-25；执行前复核当前规则
https://tuugo.us/		FALSE		聚合源标记免费；来源：大罗SEO/Local (L2)；类型：Local；链接：Dofollow；聚合源标记可即时通过；导入日期 2026-08-25；执行前复核当前规则
https://twine.fm/		FALSE		聚合源标记免费；来源：大罗SEO/High DA Profile；类型：Profile link；链接：Nofollow；聚合源标记可即时通过；导入日期 2026-08-25；执行前复核当前规则
https://twingly.com/		FALSE		聚合源标记免费；来源：大罗SEO/Directory；类型：Directory；链接：Unknown；导入日期 2026-08-25；执行前复核当前规则
https://twinoid.com/		FALSE		聚合源标记免费；来源：大罗SEO/High DA Profile；类型：Profile link；链接：Dofollow；聚合源标记可即时通过；导入日期 2026-08-25；执行前复核当前规则
https://twitcasting.tv/		FALSE		聚合源标记免费；来源：大罗SEO/High DA Profile；类型：Profile link；链接：Nofollow；聚合源标记可即时通过；导入日期 2026-08-25；执行前复核当前规则
https://twitch.tv/		FALSE		聚合源标记免费；来源：大罗SEO/High DA Profile / 大罗SEO/Social DALUOSEO.COM；类型：Profile link / Dofollow；链接：Dofollow / Y；聚合源标记可即时通过；导入日期 2026-08-25；执行前复核当前规则
https://twitter.com/		FALSE		聚合源标记免费；来源：大罗SEO/Social DALUOSEO.COM；类型：Dofollow；链接：Y；导入日期 2026-08-25；执行前复核当前规则
https://twitter.com/decohack		FALSE		聚合源标记免费；来源：Web.Cafe 海外产品发布渠道；类型：Product Launch；导入日期 2026-08-25；执行前复核当前规则
https://u.to/		FALSE		聚合源标记免费；来源：大罗SEO/URL Shortener；类型：URL Shortener；链接：Dofollow；聚合源标记可即时通过；导入日期 2026-08-25；执行前复核当前规则
https://ubookmarking.com/		FALSE		聚合源标记免费；来源：大罗SEO/Bookmarking；类型：Bookmarking；链接：Dofollow；聚合源标记可即时通过；导入日期 2026-08-25；执行前复核当前规则
https://uchatoo.com/		FALSE		聚合源标记免费；来源：大罗SEO/High DA Profile；类型：Profile link；链接：Dofollow；聚合源标记可即时通过；导入日期 2026-08-25；执行前复核当前规则
https://ucoz.com/		FALSE		聚合源标记免费；来源：大罗SEO/Website Builder L4；类型：Website Builder；链接：Dofollow；聚合源标记可即时通过；导入日期 2026-08-25；执行前复核当前规则
https://uid.me/		FALSE		聚合源标记免费；来源：大罗SEO/Website Builder L4；类型：Website Builder；链接：Dofollow；聚合源标记可即时通过；导入日期 2026-08-25；执行前复核当前规则
https://ukads.org/		FALSE		聚合源标记免费；来源：大罗SEO/Deals (L3)；类型：Deals；链接：Dofollow；聚合源标记可即时通过；导入日期 2026-08-25；执行前复核当前规则
https://ukadslist.com/		FALSE		聚合源标记免费；来源：大罗SEO/Classified Ads (L4)；类型：Classified Ads；链接：Dofollow；聚合源标记可即时通过；导入日期 2026-08-25；执行前复核当前规则
https://ukcommunityforum.co.uk/		FALSE		聚合源标记免费；来源：大罗SEO/High DA Profile；类型：Profile link；链接：Dofollow；聚合源标记可即时通过；导入日期 2026-08-25；执行前复核当前规则
https://ukit.me/		FALSE		聚合源标记免费；来源：大罗SEO/Website Builder L4；类型：Website Builder；链接：Dofollow；聚合源标记可即时通过；导入日期 2026-08-25；执行前复核当前规则
https://ultimate-guitar.com/forum		FALSE		聚合源标记免费；来源：大罗SEO/High DA Profile / 大罗SEO/Forums (L4)；类型：Profile link / Forums；链接：Nofollow；聚合源标记可即时通过；导入日期 2026-08-25；执行前复核当前规则
https://ultrabookmarks.com/		FALSE		聚合源标记免费；来源：大罗SEO/Bookmarking；类型：Bookmarking；链接：Dofollow；聚合源标记可即时通过；导入日期 2026-08-25；执行前复核当前规则
https://ulule.com/		FALSE		聚合源标记免费；来源：大罗SEO/High DA Profile / 大罗SEO/Crowdfunding (L5)；类型：Profile link / Crowdfunding；链接：Dofollow；聚合源标记可即时通过；导入日期 2026-08-25；执行前复核当前规则
https://umgf.com/		FALSE		聚合源标记免费；来源：大罗SEO/High DA Profile / 大罗SEO/Forums (L4)；类型：Profile link / Forums；链接：Dofollow；聚合源标记可即时通过；导入日期 2026-08-25；执行前复核当前规则
https://uneed.best/submit-a-tool		FALSE		聚合源标记免费；来源：GitHub/csv/09-general-directories.csv+md/09-general-directories.md；类型：submission；导入日期 2026-08-25；执行前复核当前规则
https://unicyclist.com/		FALSE		聚合源标记免费；来源：大罗SEO/High DA Profile；类型：Profile link；链接：Nofollow；聚合源标记可即时通过；导入日期 2026-08-25；执行前复核当前规则
https://unionvgf.com/index.php		FALSE		聚合源标记免费；来源：大罗SEO/High DA Profile / 大罗SEO/Forums (L4)；类型：Profile link / Forums；链接：Nofollow；聚合源标记可即时通过；导入日期 2026-08-25；执行前复核当前规则
https://uniquethis.com/		FALSE		聚合源标记免费；来源：大罗SEO/High DA Profile；类型：Profile link；链接：Dofollow；聚合源标记可即时通过；导入日期 2026-08-25；执行前复核当前规则
https://universalmediaserver.com/forum		FALSE		聚合源标记免费；来源：大罗SEO/Forums (L4)；类型：Forums；链接：Dofollow；聚合源标记可即时通过；导入日期 2026-08-25；执行前复核当前规则
https://unltd.directory/		FALSE		聚合源标记免费；来源：大罗SEO/Directory；类型：Directory；链接：Unknown / Dofollow；聚合源标记可即时通过；导入日期 2026-08-25；执行前复核当前规则
https://unsplash.com/		FALSE		聚合源标记免费；来源：大罗SEO/High DA Profile；类型：Profile link；链接：UGC；聚合源标记可即时通过；导入日期 2026-08-25；执行前复核当前规则
https://updatesee.com/		FALSE		聚合源标记免费；来源：大罗SEO/Bookmarking；类型：Bookmarking；链接：Dofollow；聚合源标记可即时通过；导入日期 2026-08-25；执行前复核当前规则
https://uplabs.com/		FALSE		聚合源标记免费；来源：大罗SEO/Communities (L4)；类型：Communities；链接：Unknown；导入日期 2026-08-25；执行前复核当前规则
https://upwork.com/		FALSE		聚合源标记免费；来源：大罗SEO/High DA Profile / 大罗SEO/Job Boards (L4)；类型：Profile link / Job Boards；链接：Dofollow；聚合源标记可即时通过；导入日期 2026-08-25；执行前复核当前规则
https://urgodermyl.com/		FALSE		聚合源标记免费；来源：大罗SEO/Bookmarking；类型：Bookmarking；链接：Dofollow；聚合源标记可即时通过；导入日期 2026-08-25；执行前复核当前规则
https://urlm.it/		FALSE		聚合源标记免费；来源：大罗SEO/High DA Profile；类型：Profile link；链接：Unknown；导入日期 2026-08-25；执行前复核当前规则
https://urlscan.io/		FALSE		聚合源标记免费；来源：大罗SEO/High DA Profile；类型：Profile link；链接：Nofollow；聚合源标记可即时通过；导入日期 2026-08-25；执行前复核当前规则
https://urlsuggest.com/		FALSE		聚合源标记免费；来源：大罗SEO/Bookmarking；类型：Bookmarking；链接：Dofollow；聚合源标记可即时通过；导入日期 2026-08-25；执行前复核当前规则
https://urlvotes.com/		FALSE		聚合源标记免费；来源：大罗SEO/Bookmarking；类型：Bookmarking；链接：Dofollow；聚合源标记可即时通过；导入日期 2026-08-25；执行前复核当前规则
https://urlzs.com/		FALSE		聚合源标记免费；来源：大罗SEO/URL Shortener；类型：URL Shortener；链接：Dofollow；聚合源标记可即时通过；导入日期 2026-08-25；执行前复核当前规则
https://us.community.sony.com/		FALSE		聚合源标记免费；来源：大罗SEO/High DA Profile / 大罗SEO/Communities (L4)；类型：Profile link / Communities；链接：Dofollow；聚合源标记可即时通过；导入日期 2026-08-25；执行前复核当前规则
https://us.wantedly.com/		FALSE		聚合源标记免费；来源：大罗SEO/High DA Profile / 大罗SEO/Job Boards (L4)；类型：Profile link / Job Boards；链接：Dofollow；聚合源标记可即时通过；导入日期 2026-08-25；执行前复核当前规则
https://us.webnode.com/		FALSE		聚合源标记免费；来源：大罗SEO/Website Builder L4；类型：Website Builder；链接：Nofollow；聚合源标记可即时通过；导入日期 2026-08-25；执行前复核当前规则
https://usaonlineclassifieds.com/		FALSE		聚合源标记免费；来源：大罗SEO/Classified Ads (L4)；类型：Classified Ads；链接：Dofollow；聚合源标记可即时通过；导入日期 2026-08-25；执行前复核当前规则
https://usnetads.com/		FALSE		聚合源标记免费；来源：大罗SEO/High DA Profile；类型：Profile link；链接：Dofollow；聚合源标记可即时通过；导入日期 2026-08-25；执行前复核当前规则
https://ux.nu/		FALSE		聚合源标记免费；来源：大罗SEO/URL Shortener；类型：URL Shortener；链接：Dofollow；聚合源标记可即时通过；导入日期 2026-08-25；执行前复核当前规则
https://uzblog.net/		FALSE		聚合源标记免费；来源：大罗SEO/Website Builder L4；类型：Website Builder；链接：Dofollow；聚合源标记可即时通过；导入日期 2026-08-25；执行前复核当前规则
https://v.gd/		FALSE		聚合源标记免费；来源：大罗SEO/URL Shortener；类型：URL Shortener；链接：Dofollow；聚合源标记可即时通过；导入日期 2026-08-25；执行前复核当前规则
https://v4.phpfox.com/		FALSE		聚合源标记免费；来源：大罗SEO/High DA Profile；类型：Profile link；链接：Dofollow；聚合源标记可即时通过；导入日期 2026-08-25；执行前复核当前规则
https://validcoupons.net/		FALSE		聚合源标记免费；来源：大罗SEO/Coupon (L3) DALUOSEO.COM；类型：Coupon；链接：Unknown；导入日期 2026-08-25；执行前复核当前规则
https://valutasitoweb.com/		FALSE		聚合源标记免费；来源：大罗SEO/High DA Profile；类型：Profile link；链接：Dofollow；聚合源标记可即时通过；导入日期 2026-08-25；执行前复核当前规则
https://varecha.pravda.sk/		FALSE		聚合源标记免费；来源：大罗SEO/High DA Profile；类型：Profile link；链接：Nofollow；聚合源标记可即时通过；导入日期 2026-08-25；执行前复核当前规则
https://varunpatelphotography.com/		FALSE		聚合源标记免费；来源：大罗SEO/High DA Profile；类型：Profile link；链接：Dofollow；聚合源标记可即时通过；导入日期 2026-08-25；执行前复核当前规则
https://vault.mle.party/		FALSE		聚合源标记免费；来源：大罗SEO/High DA Profile；类型：Profile link；链接：Dofollow；聚合源标记可即时通过；导入日期 2026-08-25；执行前复核当前规则
https://vblogetin.com/		FALSE		聚合源标记免费；来源：大罗SEO/Website Builder L4；类型：Website Builder；链接：Dofollow；聚合源标记可即时通过；导入日期 2026-08-25；执行前复核当前规则
https://vbprofiles.com/		FALSE		聚合源标记免费；来源：Web.Cafe 海外产品发布渠道；类型：Product Launch；导入日期 2026-08-25；执行前复核当前规则
https://vcfed.org/forum		FALSE		聚合源标记免费；来源：大罗SEO/High DA Profile / 大罗SEO/Forums (L4)；类型：Profile link / Forums；链接：Nofollow；聚合源标记可即时通过；导入日期 2026-08-25；执行前复核当前规则
https://vecteezy.com/		FALSE		聚合源标记免费；来源：大罗SEO/High DA Profile；类型：Profile link；链接：Nofollow；聚合源标记可即时通过；导入日期 2026-08-25；执行前复核当前规则
https://vendor.crozdesk.com/user/signup		FALSE		聚合源标记免费；来源：Web.Cafe 海外产品发布渠道；类型：Product Launch；导入日期 2026-08-25；执行前复核当前规则
https://venturebeat.com/news-tips		FALSE		聚合源标记免费；来源：Web.Cafe 海外产品发布渠道；类型：Product Launch；导入日期 2026-08-25；执行前复核当前规则
https://ventureradar.com/		FALSE		聚合源标记免费；来源：大罗SEO/Directory；类型：Directory；链接：Unknown；导入日期 2026-08-25；执行前复核当前规则
https://veoh.com/		FALSE		聚合源标记免费；来源：大罗SEO/High DA Profile；类型：Profile link；链接：Dofollow；聚合源标记可即时通过；导入日期 2026-08-25；执行前复核当前规则
https://videa.hu/		FALSE		聚合源标记免费；来源：大罗SEO/High DA Profile；类型：Profile link；链接：Dofollow；聚合源标记可即时通过；导入日期 2026-08-25；执行前复核当前规则
https://videezy.com/		FALSE		聚合源标记免费；来源：大罗SEO/High DA Profile；类型：Profile link；链接：Nofollow；聚合源标记可即时通过；导入日期 2026-08-25；执行前复核当前规则
https://video-bookmark.com/		FALSE		聚合源标记免费；来源：大罗SEO/Bookmarking；类型：Bookmarking；链接：Dofollow；聚合源标记可即时通过；导入日期 2026-08-25；执行前复核当前规则
https://video.antopie.org/		FALSE		聚合源标记免费；来源：大罗SEO/High DA Profile；类型：Profile link；链接：Dofollow；聚合源标记可即时通过；导入日期 2026-08-25；执行前复核当前规则
https://video.hardlimit.com/		FALSE		聚合源标记免费；来源：大罗SEO/High DA Profile；类型：Profile link；链接：Dofollow；聚合源标记可即时通过；导入日期 2026-08-25；执行前复核当前规则
https://video.liberta.vip/		FALSE		聚合源标记免费；来源：大罗SEO/High DA Profile；类型：Profile link；链接：Dofollow；聚合源标记可即时通过；导入日期 2026-08-25；执行前复核当前规则
https://video.omniatv.com/		FALSE		聚合源标记免费；来源：大罗SEO/High DA Profile；类型：Profile link；链接：Dofollow；聚合源标记可即时通过；导入日期 2026-08-25；执行前复核当前规则
https://video.qoto.org/		FALSE		聚合源标记免费；来源：大罗SEO/High DA Profile；类型：Profile link；链接：Dofollow；聚合源标记可即时通过；导入日期 2026-08-25；执行前复核当前规则
https://videogamesage.com/forums		FALSE		聚合源标记免费；来源：大罗SEO/High DA Profile / 大罗SEO/Forums (L4)；类型：Profile link / Forums；链接：Dofollow；聚合源标记可即时通过；导入日期 2026-08-25；执行前复核当前规则
https://videosongguru.com/		FALSE		聚合源标记免费；来源：大罗SEO/Bookmarking；类型：Bookmarking；链接：Dofollow；聚合源标记可即时通过；导入日期 2026-08-25；执行前复核当前规则
https://viesearch.com/		FALSE		聚合源标记免费；来源：大罗SEO/Directory；类型：Directory；链接：Unknown；导入日期 2026-08-25；执行前复核当前规则
https://viewbug.com/		FALSE		聚合源标记免费；来源：大罗SEO/High DA Profile；类型：Profile link；链接：Dofollow；聚合源标记可即时通过；导入日期 2026-08-25；执行前复核当前规则
https://viki.com/		FALSE		聚合源标记免费；来源：大罗SEO/High DA Profile；类型：Profile link；链接：Dofollow；聚合源标记可即时通过；导入日期 2026-08-25；执行前复核当前规则
https://vimeo.com/		FALSE		聚合源标记免费；来源：大罗SEO/Social DALUOSEO.COM；类型：Nofollow；链接：Y；导入日期 2026-08-25；执行前复核当前规则
https://vingle.net/		FALSE		聚合源标记免费；来源：大罗SEO/Social DALUOSEO.COM / 大罗SEO/Article Submission L4；类型：Dofollow / Article Submission；链接：Y / Dofollow；聚合源标记可即时通过；导入日期 2026-08-25；执行前复核当前规则
https://visacountry.updatesee.com/		FALSE		聚合源标记免费；来源：大罗SEO/Bookmarking；类型：Bookmarking；链接：Dofollow；聚合源标记可即时通过；导入日期 2026-08-25；执行前复核当前规则
https://visajourney.com/		FALSE		聚合源标记免费；来源：大罗SEO/High DA Profile / 大罗SEO/Forums (L4)；类型：Profile link / Forums；链接：Nofollow；聚合源标记可即时通过；导入日期 2026-08-25；执行前复核当前规则
https://visual.ly/view		FALSE		聚合源标记免费；来源：大罗SEO/High DA Profile / 大罗SEO/Infographic (L4)；类型：Profile link / Infographic；链接：Nofollow；聚合源标记可即时通过；导入日期 2026-08-25；执行前复核当前规则
https://vivoldi.com/		FALSE		聚合源标记免费；来源：大罗SEO/URL Shortener；类型：URL Shortener；链接：Dofollow；聚合源标记可即时通过；导入日期 2026-08-25；执行前复核当前规则
https://vk.com/		FALSE		聚合源标记免费；来源：大罗SEO/High DA Profile / 大罗SEO/Social DALUOSEO.COM；类型：Profile link / Nofollow；链接：Nofollow / Y；导入日期 2026-08-25；执行前复核当前规则
https://vmoptions.cf/		FALSE		聚合源标记免费；来源：大罗SEO/Bookmarking；类型：Bookmarking；链接：Dofollow；聚合源标记可即时通过；导入日期 2026-08-25；执行前复核当前规则
https://votetags.com/		FALSE		聚合源标记免费；来源：大罗SEO/Bookmarking；类型：Bookmarking；链接：Dofollow；聚合源标记可即时通过；导入日期 2026-08-25；执行前复核当前规则
https://votetags.info/		FALSE		聚合源标记免费；来源：大罗SEO/Bookmarking；类型：Bookmarking；链接：Dofollow；聚合源标记可即时通过；导入日期 2026-08-25；执行前复核当前规则
https://voucher.ninja/		FALSE		聚合源标记免费；来源：大罗SEO/Coupon (L3) DALUOSEO.COM；类型：Coupon；链接：Unknown；导入日期 2026-08-25；执行前复核当前规则
https://vox.com/		FALSE		聚合源标记免费；来源：大罗SEO/High DA Profile；类型：Profile link；链接：Dofollow；聚合源标记可即时通过；导入日期 2026-08-25；执行前复核当前规则
https://vuelio.com/		FALSE		聚合源标记免费；来源：大罗SEO/Press Release (L4)；类型：Press Release；链接：Unknown；导入日期 2026-08-25；执行前复核当前规则
https://vymaps.com/		FALSE		聚合源标记免费；来源：大罗SEO/Local (L2)；类型：Local；链接：Unknown；导入日期 2026-08-25；执行前复核当前规则
https://vzturl.com/		FALSE		聚合源标记免费；来源：大罗SEO/URL Shortener；类型：URL Shortener；链接：Dofollow；聚合源标记可即时通过；导入日期 2026-08-25；执行前复核当前规则
https://w3techs.com/		FALSE		聚合源标记免费；来源：大罗SEO/High DA Profile；类型：Profile link；链接：Nofollow；聚合源标记可即时通过；导入日期 2026-08-25；执行前复核当前规则
https://wahm.com/forum		FALSE		聚合源标记免费；来源：大罗SEO/High DA Profile / 大罗SEO/Forums (L4)；类型：Profile link / Forums；链接：Nofollow / Dofollow；聚合源标记可即时通过；导入日期 2026-08-25；执行前复核当前规则
https://waildworld.com/		FALSE		聚合源标记免费；来源：GitHub/csv/03-new-startup-directories.csv+csv/09-general-directories.csv+md/03-new-startup-directories.md+md/09-general-directories.md；类型：submission；导入日期 2026-08-25；执行前复核当前规则
https://wakelet.com/		FALSE		聚合源标记免费；来源：大罗SEO/High DA Profile / 大罗SEO/File Upload (L4)；类型：Profile link / File Upload；链接：Dofollow；聚合源标记可即时通过；导入日期 2026-08-25；执行前复核当前规则
https://wallclassifieds.com/		FALSE		聚合源标记免费；来源：大罗SEO/Classified Ads (L4)；类型：Classified Ads；链接：Dofollow；聚合源标记可即时通过；导入日期 2026-08-25；执行前复核当前规则
https://walleyecentral.com/forums/index.php		FALSE		聚合源标记免费；来源：大罗SEO/High DA Profile / 大罗SEO/Forums (L4)；类型：Profile link / Forums；链接：Dofollow；聚合源标记可即时通过；导入日期 2026-08-25；执行前复核当前规则
https://wallpapersafari.com/		FALSE		聚合源标记免费；来源：大罗SEO/High DA Profile；类型：Profile link；链接：Nofollow；聚合源标记可即时通过；导入日期 2026-08-25；执行前复核当前规则
https://wanelo.co/		FALSE		聚合源标记免费；来源：大罗SEO/High DA Profile；类型：Profile link；链接：Nofollow；聚合源标记可即时通过；导入日期 2026-08-25；执行前复核当前规则
https://warriorforum.com/		FALSE		聚合源标记免费；来源：大罗SEO/High DA Profile / 大罗SEO/Forums (L4)；类型：Profile link / Forums；链接：Nofollow；聚合源标记可即时通过；导入日期 2026-08-25；执行前复核当前规则
https://watchuseek.com/		FALSE		聚合源标记免费；来源：大罗SEO/High DA Profile / 大罗SEO/Forums (L4)；类型：Profile link / Forums；链接：Nofollow；聚合源标记可即时通过；导入日期 2026-08-25；执行前复核当前规则
https://wattpad.com/		FALSE		聚合源标记免费；来源：大罗SEO/High DA Profile；类型：Profile link；链接：Nofollow；聚合源标记可即时通过；导入日期 2026-08-25；执行前复核当前规则
https://we.riseup.net/		FALSE		聚合源标记免费；来源：大罗SEO/High DA Profile；类型：Profile link；链接：Dofollow；聚合源标记可即时通过；导入日期 2026-08-25；执行前复核当前规则
https://webbuzzfeed.com/		FALSE		聚合源标记免费；来源：大罗SEO/Website Builder L4；类型：Website Builder；链接：Dofollow；聚合源标记可即时通过；导入日期 2026-08-25；执行前复核当前规则
https://webdesign-inspiration.com/		FALSE		聚合源标记免费；来源：大罗SEO/Directory；类型：Directory；链接：Unknown；导入日期 2026-08-25；执行前复核当前规则
https://webdesign96.com/		FALSE		聚合源标记免费；来源：大罗SEO/Website Builder L4；类型：Website Builder；链接：Dofollow；聚合源标记可即时通过；导入日期 2026-08-25；执行前复核当前规则
https://webdesignernews.com/		FALSE		聚合源标记免费；来源：大罗SEO/Communities (L4)；类型：Communities；链接：Unknown；导入日期 2026-08-25；执行前复核当前规则
https://webdigitalonline.com/		FALSE		聚合源标记免费；来源：大罗SEO/High DA Profile / 大罗SEO/Bookmarking；类型：Profile link / Bookmarking；链接：Nofollow；聚合源标记可即时通过；导入日期 2026-08-25；执行前复核当前规则
https://webestools.com/		FALSE		聚合源标记免费；来源：大罗SEO/High DA Profile；类型：Profile link；链接：Nofollow；聚合源标记可即时通过；导入日期 2026-08-25；执行前复核当前规则
https://webflow.io/		FALSE		聚合源标记免费；来源：大罗SEO/Website Builder L4；类型：Website Builder；链接：Dofollow；聚合源标记可即时通过；导入日期 2026-08-25；执行前复核当前规则
https://webfrance.com/web/annuaire		FALSE		聚合源标记免费；来源：大罗SEO/Directory；类型：Directory；链接：Unknown；导入日期 2026-08-25；执行前复核当前规则
https://webgarden.com/		FALSE		聚合源标记免费；来源：大罗SEO/Website Builder L4；类型：Website Builder；链接：Dofollow；聚合源标记可即时通过；导入日期 2026-08-25；执行前复核当前规则
https://webhelpforums.net/index.php		FALSE		聚合源标记免费；来源：大罗SEO/High DA Profile / 大罗SEO/Forums (L4)；类型：Profile link / Forums；链接：Dofollow；聚合源标记可即时通过；导入日期 2026-08-25；执行前复核当前规则
https://webhitlist.com/		FALSE		聚合源标记免费；来源：大罗SEO/High DA Profile；类型：Profile link；链接：Nofollow；聚合源标记可即时通过；导入日期 2026-08-25；执行前复核当前规则
https://webicy.com/		FALSE		聚合源标记免费；来源：大罗SEO/Forums (L4)；类型：Forums；链接：Dofollow；聚合源标记可即时通过；导入日期 2026-08-25；执行前复核当前规则
https://webmastersun.com/		FALSE		聚合源标记免费；来源：大罗SEO/High DA Profile / 大罗SEO/Forums (L4)；类型：Profile link / Forums；链接：Nofollow；聚合源标记可即时通过；导入日期 2026-08-25；执行前复核当前规则
https://webmasterworld.com/		FALSE		聚合源标记免费；来源：大罗SEO/High DA Profile / 大罗SEO/Forums (L4)；类型：Profile link / Forums；链接：Dofollow；聚合源标记可即时通过；导入日期 2026-08-25；执行前复核当前规则
https://weboworld.com/		FALSE		聚合源标记免费；来源：大罗SEO/Directory / 大罗SEO/Bookmarking；类型：Directory / Bookmarking；链接：Dofollow；聚合源标记可即时通过；导入日期 2026-08-25；执行前复核当前规则
https://webrankinfo.com/forum		FALSE		聚合源标记免费；来源：大罗SEO/Forums (L4)；类型：Forums；链接：Dofollow；聚合源标记可即时通过；导入日期 2026-08-25；执行前复核当前规则
https://websitebuilder.com/		FALSE		聚合源标记免费；来源：大罗SEO/Website Builder L4；类型：Website Builder；链接：Dofollow；聚合源标记可即时通过；导入日期 2026-08-25；执行前复核当前规则
https://webstarts.com/		FALSE		聚合源标记免费；来源：大罗SEO/Website Builder L4；类型：Website Builder；链接：Nofollow；聚合源标记可即时通过；导入日期 2026-08-25；执行前复核当前规则
https://webtoolhub.com/		FALSE		聚合源标记免费；来源：大罗SEO/High DA Profile；类型：Profile link；链接：Nofollow；聚合源标记可即时通过；导入日期 2026-08-25；执行前复核当前规则
https://webviki.ru/		FALSE		聚合源标记免费；来源：大罗SEO/Review Sites / 大罗SEO/Local (L2)；类型：Review Sites / Local；链接：Unknown；导入日期 2026-08-25；执行前复核当前规则
https://webwide.io/forums/project-showcase.15		FALSE		聚合源标记免费；来源：Web.Cafe 海外产品发布渠道；类型：Product Launch；导入日期 2026-08-25；执行前复核当前规则
https://webwiki.at/		FALSE		聚合源标记免费；来源：大罗SEO/Directory / 大罗SEO/Review Sites；类型：Directory / Review Sites；链接：Unknown；导入日期 2026-08-25；执行前复核当前规则
https://webwiki.ch/		FALSE		聚合源标记免费；来源：大罗SEO/Directory / 大罗SEO/Review Sites；类型：Directory / Review Sites；链接：Unknown；导入日期 2026-08-25；执行前复核当前规则
https://webwiki.co.uk/		FALSE		聚合源标记免费；来源：大罗SEO/Directory / 大罗SEO/Review Sites；类型：Directory / Review Sites；链接：Unknown；导入日期 2026-08-25；执行前复核当前规则
https://webwiki.com/		FALSE		聚合源标记免费；来源：大罗SEO/Directory / 大罗SEO/Review Sites；类型：Directory / Review Sites；链接：Unknown；导入日期 2026-08-25；执行前复核当前规则
https://webwiki.com/info/add-website.html		FALSE		聚合源标记免费；来源：GitHub/csv/03-new-startup-directories.csv+csv/06-startup-launch-ways.csv+csv/09-general-directories.csv+md/03-new-startup-directories.md+md/06-startup-launch-ways.md+md/09-general-directories.md；类型：submission；导入日期 2026-08-25；执行前复核当前规则
https://webwiki.de/		FALSE		聚合源标记免费；来源：大罗SEO/Directory / 大罗SEO/Review Sites；类型：Directory / Review Sites；链接：Unknown；导入日期 2026-08-25；执行前复核当前规则
https://webwiki.fr/		FALSE		聚合源标记免费；来源：大罗SEO/Directory / 大罗SEO/Review Sites；类型：Directory / Review Sites；链接：Unknown；聚合源标记可即时通过；导入日期 2026-08-25；执行前复核当前规则
https://webwiki.it/		FALSE		聚合源标记免费；来源：大罗SEO/Directory / 大罗SEO/Review Sites；类型：Directory / Review Sites；链接：Unknown；导入日期 2026-08-25；执行前复核当前规则
https://webwiki.nl/		FALSE		聚合源标记免费；来源：大罗SEO/Directory / 大罗SEO/Review Sites；类型：Directory / Review Sites；链接：Unknown；导入日期 2026-08-25；执行前复核当前规则
https://webwiki.pt/		FALSE		聚合源标记免费；来源：大罗SEO/Directory / 大罗SEO/Review Sites；类型：Directory / Review Sites；链接：Unknown；导入日期 2026-08-25；执行前复核当前规则
https://webwikis.es/		FALSE		聚合源标记免费；来源：大罗SEO/Directory / 大罗SEO/Review Sites；类型：Directory / Review Sites；链接：Unknown；导入日期 2026-08-25；执行前复核当前规则
https://wedistill.io/		FALSE		聚合源标记免费；来源：大罗SEO/High DA Profile；类型：Profile link；链接：Dofollow；聚合源标记可即时通过；导入日期 2026-08-25；执行前复核当前规则
https://weebly.com/		FALSE		聚合源标记免费；来源：大罗SEO/Website Builder L4；类型：Website Builder；链接：Dofollow；聚合源标记可即时通过；导入日期 2026-08-25；执行前复核当前规则
https://weezevent.com/		FALSE		聚合源标记免费；来源：大罗SEO/High DA Profile；类型：Profile link；链接：Dofollow；聚合源标记可即时通过；导入日期 2026-08-25；执行前复核当前规则
https://weheartit.com/		FALSE		聚合源标记免费；来源：大罗SEO/High DA Profile / 大罗SEO/Social DALUOSEO.COM；类型：Profile link / Nofollow；链接：Nofollow / Y；聚合源标记可即时通过；导入日期 2026-08-25；执行前复核当前规则
https://werkenntdenbesten.de/		FALSE		聚合源标记免费；来源：大罗SEO/Local (L2)；类型：Local；链接：Unknown；导入日期 2026-08-25；执行前复核当前规则
https://westone.forumotion.com/		FALSE		聚合源标记免费；来源：大罗SEO/High DA Profile / 大罗SEO/Forums (L4)；类型：Profile link / Forums；链接：Dofollow；聚合源标记可即时通过；导入日期 2026-08-25；执行前复核当前规则
https://whanswers.com/		FALSE		聚合源标记免费；来源：大罗SEO/High DA Profile / 大罗SEO/Forums (L4)；类型：Profile link / Forums；链接：Nofollow；聚合源标记可即时通过；导入日期 2026-08-25；执行前复核当前规则
https://whatdoido.com.au/		FALSE		聚合源标记免费；来源：大罗SEO/Directory / 大罗SEO/Local (L2)；类型：Directory / Local；链接：Unknown；导入日期 2026-08-25；执行前复核当前规则
https://whatisaitools.com/		FALSE		聚合源标记免费；来源：GitHub/csv/05-backlinks.csv+csv/07-ai-creators-directory.csv+md/05-backlinks.md+md/07-ai-creators-directory.md；类型：homepage；导入日期 2026-08-25；执行前复核当前规则
https://whatisaitools.com/submit		FALSE		聚合源标记免费；来源：GitHub/csv/07-ai-creators-directory.csv+md/07-ai-creators-directory.md；类型：submission；导入日期 2026-08-25；执行前复核当前规则
https://whatjobs.com/		FALSE		聚合源标记免费；来源：大罗SEO/Job Boards (L4)；类型：Job Boards；链接：Unknown；导入日期 2026-08-25；执行前复核当前规则
https://whatsbestforum.com/		FALSE		聚合源标记免费；来源：大罗SEO/High DA Profile / 大罗SEO/Forums (L4)；类型：Profile link / Forums；链接：Nofollow；聚合源标记可即时通过；导入日期 2026-08-25；执行前复核当前规则
https://whatsyourhours.com/		FALSE		聚合源标记免费；来源：大罗SEO/Local (L2)；类型：Local；链接：Unknown；导入日期 2026-08-25；执行前复核当前规则
https://whattheai.tech/		FALSE		聚合源标记免费；来源：GitHub/csv/04-launch-websites.csv+csv/05-backlinks.csv+csv/09-general-directories.csv+md/04-launch-websites.md+md/05-backlinks.md+md/09-general-directories.md；类型：homepage；导入日期 2026-08-25；执行前复核当前规则
https://whattheai.tech/submit-a-tool		FALSE		聚合源标记免费；来源：首轮明确免费提交入口 / GitHub/csv/04-launch-websites.csv+csv/09-general-directories.csv+md/04-launch-websites.md+md/09-general-directories.md；类型：Directory / submission；导入日期 2026-08-25；执行前复核当前规则
https://whitecoat.com.au/		FALSE		聚合源标记免费；来源：大罗SEO/Local (L2)；类型：Local；链接：Unknown；导入日期 2026-08-25；执行前复核当前规则
https://whitelinks.com/		FALSE		聚合源标记免费；来源：大罗SEO/Bookmarking；类型：Bookmarking；链接：Dofollow；聚合源标记可即时通过；导入日期 2026-08-25；执行前复核当前规则
https://whitepages.com.au/		FALSE		聚合源标记免费；来源：大罗SEO/Local (L2)；类型：Local；链接：Unknown；导入日期 2026-08-25；执行前复核当前规则
https://whmcs.community/		FALSE		聚合源标记免费；来源：大罗SEO/High DA Profile / 大罗SEO/Forums (L4)；类型：Profile link / Forums；链接：Nofollow；聚合源标记可即时通过；导入日期 2026-08-25；执行前复核当前规则
https://whodoyou.com/		FALSE		聚合源标记免费；来源：大罗SEO/Local (L2)；类型：Local；链接：Unknown；导入日期 2026-08-25；执行前复核当前规则
https://whois.domaintools.com/		FALSE		聚合源标记免费；来源：大罗SEO/High DA Profile；类型：Profile link；链接：Nofollow；聚合源标记可即时通过；导入日期 2026-08-25；执行前复核当前规则
https://wickedfire.com/		FALSE		聚合源标记免费；来源：大罗SEO/High DA Profile / 大罗SEO/Forums (L4)；类型：Profile link / Forums；链接：Dofollow；聚合源标记可即时通过；导入日期 2026-08-25；执行前复核当前规则
https://widblog.com/		FALSE		聚合源标记免费；来源：大罗SEO/Website Builder L4；类型：Website Builder；链接：Dofollow；聚合源标记可即时通过；导入日期 2026-08-25；执行前复核当前规则
https://win-blog.com/		FALSE		聚合源标记免费；来源：大罗SEO/Website Builder L4；类型：Website Builder；链接：Dofollow；聚合源标记可即时通过；导入日期 2026-08-25；执行前复核当前规则
https://wip.chat/		FALSE		聚合源标记免费；来源：Web.Cafe 海外产品发布渠道；类型：Product Launch；导入日期 2026-08-25；执行前复核当前规则
https://wishlistr.com/		FALSE		聚合源标记免费；来源：大罗SEO/High DA Profile；类型：Profile link；链接：Dofollow；聚合源标记可即时通过；导入日期 2026-08-25；执行前复核当前规则
https://wix.com/		FALSE		聚合源标记免费；来源：大罗SEO/Website Builder L4；类型：Website Builder；链接：Unknown；导入日期 2026-08-25；执行前复核当前规则
https://wiznotes.com/		FALSE		聚合源标记免费；来源：大罗SEO/High DA Profile；类型：Profile link；链接：Nofollow；聚合源标记可即时通过；导入日期 2026-08-25；执行前复核当前规则
https://wolpy.com/		FALSE		聚合源标记免费；来源：大罗SEO/High DA Profile；类型：Profile link；链接：Nofollow；聚合源标记可即时通过；导入日期 2026-08-25；执行前复核当前规则
https://wonderhowto.com/		FALSE		聚合源标记免费；来源：大罗SEO/High DA Profile；类型：Profile link；链接：Nofollow；聚合源标记可即时通过；导入日期 2026-08-25；执行前复核当前规则
https://woodworkforums.com/		FALSE		聚合源标记免费；来源：大罗SEO/High DA Profile / 大罗SEO/Forums (L4)；类型：Profile link / Forums；链接：Nofollow；聚合源标记可即时通过；导入日期 2026-08-25；执行前复核当前规则
https://wordofmouth.com.au/		FALSE		聚合源标记免费；来源：大罗SEO/Review Sites / 大罗SEO/Local (L2)；类型：Review Sites / Local；链接：Unknown；导入日期 2026-08-25；执行前复核当前规则
https://wordpress.com/		FALSE		聚合源标记免费；来源：大罗SEO/High DA Profile；类型：Profile link；链接：Dofollow；聚合源标记可即时通过；导入日期 2026-08-25；执行前复核当前规则
https://wordpress.org/		FALSE		聚合源标记免费；来源：大罗SEO/High DA Profile；类型：Profile link；链接：Nofollow；聚合源标记可即时通过；导入日期 2026-08-25；执行前复核当前规则
https://worknhire.com/		FALSE		聚合源标记免费；来源：大罗SEO/High DA Profile / 大罗SEO/Job Boards (L4)；类型：Profile link / Job Boards；链接：Nofollow；聚合源标记可即时通过；导入日期 2026-08-25；执行前复核当前规则
https://workopolis.com/		FALSE		聚合源标记免费；来源：大罗SEO/Job Boards (L4)；类型：Job Boards；链接：Unknown；导入日期 2026-08-25；执行前复核当前规则
https://works.bepress.com/		FALSE		聚合源标记免费；来源：大罗SEO/High DA Profile；类型：Profile link；链接：Nofollow；聚合源标记可即时通过；导入日期 2026-08-25；执行前复核当前规则
https://worldblogged.com/		FALSE		聚合源标记免费；来源：大罗SEO/Website Builder L4；类型：Website Builder；链接：Dofollow；聚合源标记可即时通过；导入日期 2026-08-25；执行前复核当前规则
https://worldcosplay.net/		FALSE		聚合源标记免费；来源：大罗SEO/High DA Profile；类型：Profile link；链接：Dofollow；聚合源标记可即时通过；导入日期 2026-08-25；执行前复核当前规则
https://worldphotographyforum.com/		FALSE		聚合源标记免费；来源：大罗SEO/High DA Profile / 大罗SEO/Forums (L4)；类型：Profile link / Forums；链接：Dofollow；聚合源标记可即时通过；导入日期 2026-08-25；执行前复核当前规则
https://worldranklist.com/		FALSE		聚合源标记免费；来源：大罗SEO/Bookmarking；类型：Bookmarking；链接：Dofollow；聚合源标记可即时通过；导入日期 2026-08-25；执行前复核当前规则
https://worldseafishing.com/		FALSE		聚合源标记免费；来源：大罗SEO/High DA Profile / 大罗SEO/Forums (L4)；类型：Profile link / Forums；链接：Nofollow；聚合源标记可即时通过；导入日期 2026-08-25；执行前复核当前规则
https://worldswithoutend.com/		FALSE		聚合源标记免费；来源：大罗SEO/Communities (L4) / 大罗SEO/Forums (L4)；类型：Communities / Forums；链接：Dofollow；聚合源标记可即时通过；导入日期 2026-08-25；执行前复核当前规则
https://wow.link/		FALSE		聚合源标记免费；来源：大罗SEO/High DA Profile；类型：Profile link；链接：Dofollow；聚合源标记可即时通过；导入日期 2026-08-25；执行前复核当前规则
https://wowhead.com/		FALSE		聚合源标记免费；来源：大罗SEO/High DA Profile / 大罗SEO/Forums (L4)；类型：Profile link / Forums；链接：Dofollow；聚合源标记可即时通过；导入日期 2026-08-25；执行前复核当前规则
https://wox.cc/		FALSE		聚合源标记免费；来源：大罗SEO/Website Builder L4；类型：Website Builder；链接：Dofollow；聚合源标记可即时通过；导入日期 2026-08-25；执行前复核当前规则
https://wpforo.com/community		FALSE		聚合源标记免费；来源：大罗SEO/High DA Profile / 大罗SEO/Forums (L4)；类型：Profile link / Forums；链接：Nofollow / Unknown；聚合源标记可即时通过；导入日期 2026-08-25；执行前复核当前规则
https://wrightchat.savewright.org/		FALSE		聚合源标记免费；来源：大罗SEO/High DA Profile / 大罗SEO/Forums (L4)；类型：Profile link / Forums；链接：Dofollow；聚合源标记可即时通过；导入日期 2026-08-25；执行前复核当前规则
https://write.as/		FALSE		聚合源标记免费；来源：大罗SEO/Website Builder L4；类型：Website Builder；链接：Dofollow；聚合源标记可即时通过；导入日期 2026-08-25；执行前复核当前规则
https://writefreely.public.cat/		FALSE		聚合源标记免费；来源：大罗SEO/High DA Profile；类型：Profile link；链接：Nofollow；聚合源标记可即时通过；导入日期 2026-08-25；执行前复核当前规则
https://writerscafe.org/		FALSE		聚合源标记免费；来源：大罗SEO/High DA Profile；类型：Profile link；链接：Nofollow；聚合源标记可即时通过；导入日期 2026-08-25；执行前复核当前规则
https://writeupcafe.com/		FALSE		聚合源标记免费；来源：大罗SEO/High DA Profile；类型：Profile link；链接：Nofollow；聚合源标记可即时通过；导入日期 2026-08-25；执行前复核当前规则
https://writing.com/		FALSE		聚合源标记免费；来源：大罗SEO/High DA Profile；类型：Profile link；链接：Nofollow；聚合源标记可即时通过；导入日期 2026-08-25；执行前复核当前规则
https://wysiwygwebbuilder.com/forum/index.php		FALSE		聚合源标记免费；来源：大罗SEO/High DA Profile / 大罗SEO/Forums (L4)；类型：Profile link / Forums；链接：Dofollow；聚合源标记可即时通过；导入日期 2026-08-25；执行前复核当前规则
https://xing.com/		FALSE		聚合源标记免费；来源：大罗SEO/Social DALUOSEO.COM；类型：Nofollow；链接：Y；导入日期 2026-08-25；执行前复核当前规则
https://xpblogger.com/		FALSE		聚合源标记免费；来源：大罗SEO/Bookmarking；类型：Bookmarking；链接：Nofollow；聚合源标记可即时通过；导入日期 2026-08-25；执行前复核当前规则
https://xplace.com/		FALSE		聚合源标记免费；来源：大罗SEO/High DA Profile / 大罗SEO/Job Boards (L4)；类型：Profile link / Job Boards；链接：Nofollow；聚合源标记可即时通过；导入日期 2026-08-25；执行前复核当前规则
https://xtgem.com/		FALSE		聚合源标记免费；来源：大罗SEO/High DA Profile；类型：Profile link；链接：Dofollow；聚合源标记可即时通过；导入日期 2026-08-25；执行前复核当前规则
https://xzblogs.com/		FALSE		聚合源标记免费；来源：大罗SEO/Website Builder L4；类型：Website Builder；链接：Dofollow；聚合源标记可即时通过；导入日期 2026-08-25；执行前复核当前规则
https://yably.de/		FALSE		聚合源标记免费；来源：大罗SEO/Review Sites；类型：Review Sites；链接：Unknown；导入日期 2026-08-25；执行前复核当前规则
https://yalwa.ae/		FALSE		聚合源标记免费；来源：大罗SEO/Local (L2)；类型：Local；链接：Unknown；导入日期 2026-08-25；执行前复核当前规则
https://yalwa.at/		FALSE		聚合源标记免费；来源：大罗SEO/Local (L2)；类型：Local；链接：Unknown；导入日期 2026-08-25；执行前复核当前规则
https://yalwa.be/		FALSE		聚合源标记免费；来源：大罗SEO/Local (L2)；类型：Local；链接：Unknown；导入日期 2026-08-25；执行前复核当前规则
https://yalwa.ca/		FALSE		聚合源标记免费；来源：大罗SEO/Local (L2)；类型：Local；链接：Unknown；导入日期 2026-08-25；执行前复核当前规则
https://yalwa.ch/		FALSE		聚合源标记免费；来源：大罗SEO/Local (L2)；类型：Local；链接：Unknown；导入日期 2026-08-25；执行前复核当前规则
https://yalwa.ci/		FALSE		聚合源标记免费；来源：大罗SEO/Local (L2)；类型：Local；链接：Unknown；导入日期 2026-08-25；执行前复核当前规则
https://yalwa.cl/		FALSE		聚合源标记免费；来源：大罗SEO/Local (L2)；类型：Local；链接：Unknown；导入日期 2026-08-25；执行前复核当前规则
https://yalwa.cn/		FALSE		聚合源标记免费；来源：大罗SEO/Local (L2)；类型：Local；链接：Unknown；导入日期 2026-08-25；执行前复核当前规则
https://yalwa.co.id/		FALSE		聚合源标记免费；来源：大罗SEO/Local (L2)；类型：Local；链接：Unknown；导入日期 2026-08-25；执行前复核当前规则
https://yalwa.co.ke/		FALSE		聚合源标记免费；来源：大罗SEO/Local (L2)；类型：Local；链接：Unknown；导入日期 2026-08-25；执行前复核当前规则
https://yalwa.co.nz/		FALSE		聚合源标记免费；来源：大罗SEO/Local (L2)；类型：Local；链接：Unknown；导入日期 2026-08-25；执行前复核当前规则
https://yalwa.co.uk/		FALSE		聚合源标记免费；来源：大罗SEO/Local (L2)；类型：Local；链接：Unknown；导入日期 2026-08-25；执行前复核当前规则
https://yalwa.co.za/		FALSE		聚合源标记免费；来源：大罗SEO/Local (L2)；类型：Local；链接：Unknown；导入日期 2026-08-25；执行前复核当前规则
https://yalwa.com/		FALSE		聚合源标记免费；来源：大罗SEO/Local (L2)；类型：Local；链接：Unknown；导入日期 2026-08-25；执行前复核当前规则
https://yalwa.com.ar/		FALSE		聚合源标记免费；来源：大罗SEO/Local (L2)；类型：Local；链接：Unknown；导入日期 2026-08-25；执行前复核当前规则
https://yalwa.com.au/		FALSE		聚合源标记免费；来源：大罗SEO/Local (L2)；类型：Local；链接：Unknown；导入日期 2026-08-25；执行前复核当前规则
https://yalwa.com.bd/		FALSE		聚合源标记免费；来源：大罗SEO/Local (L2)；类型：Local；链接：Unknown；导入日期 2026-08-25；执行前复核当前规则
https://yalwa.com.bo/		FALSE		聚合源标记免费；来源：大罗SEO/Local (L2)；类型：Local；链接：Unknown；导入日期 2026-08-25；执行前复核当前规则
https://yalwa.com.ec/		FALSE		聚合源标记免费；来源：大罗SEO/Local (L2)；类型：Local；链接：Unknown；导入日期 2026-08-25；执行前复核当前规则
https://yalwa.com.gh/		FALSE		聚合源标记免费；来源：大罗SEO/Local (L2)；类型：Local；链接：Unknown；导入日期 2026-08-25；执行前复核当前规则
https://yalwa.com.mx/		FALSE		聚合源标记免费；来源：大罗SEO/Local (L2)；类型：Local；链接：Unknown；导入日期 2026-08-25；执行前复核当前规则
https://yalwa.com.ng/		FALSE		聚合源标记免费；来源：大罗SEO/Local (L2)；类型：Local；链接：Unknown；导入日期 2026-08-25；执行前复核当前规则
https://yalwa.com.pa/		FALSE		聚合源标记免费；来源：大罗SEO/Local (L2)；类型：Local；链接：Unknown；导入日期 2026-08-25；执行前复核当前规则
https://yalwa.com.pe/		FALSE		聚合源标记免费；来源：大罗SEO/Local (L2)；类型：Local；链接：Unknown；导入日期 2026-08-25；执行前复核当前规则
https://yalwa.com.pk/		FALSE		聚合源标记免费；来源：大罗SEO/Local (L2)；类型：Local；链接：Unknown；导入日期 2026-08-25；执行前复核当前规则
https://yalwa.com.py/		FALSE		聚合源标记免费；来源：大罗SEO/Local (L2)；类型：Local；链接：Unknown；导入日期 2026-08-25；执行前复核当前规则
https://yalwa.com.sv/		FALSE		聚合源标记免费；来源：大罗SEO/Local (L2)；类型：Local；链接：Unknown；导入日期 2026-08-25；执行前复核当前规则
https://yalwa.com.uy/		FALSE		聚合源标记免费；来源：大罗SEO/Local (L2)；类型：Local；链接：Unknown；导入日期 2026-08-25；执行前复核当前规则
https://yalwa.com.ve/		FALSE		聚合源标记免费；来源：大罗SEO/Local (L2)；类型：Local；链接：Unknown；导入日期 2026-08-25；执行前复核当前规则
https://yalwa.de/		FALSE		聚合源标记免费；来源：大罗SEO/Local (L2)；类型：Local；链接：Unknown；导入日期 2026-08-25；执行前复核当前规则
https://yalwa.es/		FALSE		聚合源标记免费；来源：大罗SEO/Local (L2)；类型：Local；链接：Unknown；导入日期 2026-08-25；执行前复核当前规则
https://yalwa.fr/		FALSE		聚合源标记免费；来源：大罗SEO/Local (L2)；类型：Local；链接：Unknown；导入日期 2026-08-25；执行前复核当前规则
https://yalwa.hk/		FALSE		聚合源标记免费；来源：大罗SEO/Local (L2)；类型：Local；链接：Unknown；导入日期 2026-08-25；执行前复核当前规则
https://yalwa.ie/		FALSE		聚合源标记免费；来源：大罗SEO/Local (L2)；类型：Local；链接：Unknown；导入日期 2026-08-25；执行前复核当前规则
https://yalwa.in/		FALSE		聚合源标记免费；来源：大罗SEO/Local (L2)；类型：Local；链接：Unknown；导入日期 2026-08-25；执行前复核当前规则
https://yalwa.jp/		FALSE		聚合源标记免费；来源：大罗SEO/Local (L2)；类型：Local；链接：Unknown；导入日期 2026-08-25；执行前复核当前规则
https://yalwa.nl/		FALSE		聚合源标记免费；来源：大罗SEO/Local (L2)；类型：Local；链接：Unknown；导入日期 2026-08-25；执行前复核当前规则
https://yalwa.ph/		FALSE		聚合源标记免费；来源：大罗SEO/Local (L2)；类型：Local；链接：Unknown；导入日期 2026-08-25；执行前复核当前规则
https://yalwa.qa/		FALSE		聚合源标记免费；来源：大罗SEO/Local (L2)；类型：Local；链接：Unknown；导入日期 2026-08-25；执行前复核当前规则
https://yalwa.sg/		FALSE		聚合源标记免费；来源：大罗SEO/Local (L2)；类型：Local；链接：Unknown；导入日期 2026-08-25；执行前复核当前规则
https://yandex.com/		FALSE		聚合源标记免费；来源：大罗SEO/Search Engine；类型：Search Engine；链接：Unknown；导入日期 2026-08-25；执行前复核当前规则
https://yarabook.com/		FALSE		聚合源标记免费；来源：大罗SEO/High DA Profile / 大罗SEO/Social DALUOSEO.COM；类型：Profile link / Dofollow；链接：Dofollow / Y；聚合源标记可即时通过；导入日期 2026-08-25；执行前复核当前规则
https://ybookmarking.com/		FALSE		聚合源标记免费；来源：大罗SEO/Bookmarking；类型：Bookmarking；链接：Dofollow；聚合源标记可即时通过；导入日期 2026-08-25；执行前复核当前规则
https://yell.com/		FALSE		聚合源标记免费；来源：大罗SEO/Local (L2)；类型：Local；链接：Unknown；导入日期 2026-08-25；执行前复核当前规则
https://yellkey.com/		FALSE		聚合源标记免费；来源：大罗SEO/URL Shortener；类型：URL Shortener；链接：Dofollow；聚合源标记可即时通过；导入日期 2026-08-25；执行前复核当前规则
https://yellowbot.com/		FALSE		聚合源标记免费；来源：大罗SEO/Local (L2)；类型：Local；链接：Unknown；导入日期 2026-08-25；执行前复核当前规则
https://yellowpages.ca/		FALSE		聚合源标记免费；来源：大罗SEO/Local (L2)；类型：Local；链接：Unknown；导入日期 2026-08-25；执行前复核当前规则
https://yellowpages.com/		FALSE		聚合源标记免费；来源：大罗SEO/Local (L2)；类型：Local；链接：Unknown；导入日期 2026-08-25；执行前复核当前规则
https://yellowpages.com.au/		FALSE		聚合源标记免费；来源：大罗SEO/Local (L2)；类型：Local；链接：Unknown；导入日期 2026-08-25；执行前复核当前规则
https://yellowpages.my/		FALSE		聚合源标记免费；来源：大罗SEO/Local (L2)；类型：Local；链接：Unknown；导入日期 2026-08-25；执行前复核当前规则
https://yelp.com/		FALSE		聚合源标记免费；来源：大罗SEO/High DA Profile / 大罗SEO/Review Sites / 大罗SEO/Local (L2)；类型：Profile link / Review Sites / Local；链接：Nofollow；聚合源标记可即时通过；导入日期 2026-08-25；执行前复核当前规则
https://yemle.com/		FALSE		聚合源标记免费；来源：大罗SEO/Bookmarking；类型：Bookmarking；链接：Dofollow；聚合源标记可即时通过；导入日期 2026-08-25；执行前复核当前规则
https://yo.directory/		FALSE		聚合源标记免费；来源：GitHub/csv/04-launch-websites.csv+md/04-launch-websites.md；类型：submission；导入日期 2026-08-25；执行前复核当前规则
https://yola.com/		FALSE		聚合源标记免费；来源：大罗SEO/Website Builder L4；类型：Website Builder；链接：Nofollow；聚合源标记可即时通过；导入日期 2026-08-25；执行前复核当前规则
https://yomoblog.com/		FALSE		聚合源标记免费；来源：大罗SEO/Website Builder L4；类型：Website Builder；链接：Dofollow；聚合源标记可即时通过；导入日期 2026-08-25；执行前复核当前规则
https://yoomark.com/		FALSE		聚合源标记免费；来源：大罗SEO/Bookmarking；类型：Bookmarking；链接：Dofollow；聚合源标记可即时通过；导入日期 2026-08-25；执行前复核当前规则
https://youdontneedwp.com/		FALSE		聚合源标记免费；来源：大罗SEO/High DA Profile；类型：Profile link；链接：Dofollow；聚合源标记可即时通过；导入日期 2026-08-25；执行前复核当前规则
https://youlookfab.com/welookfab		FALSE		聚合源标记免费；来源：大罗SEO/High DA Profile / 大罗SEO/Forums (L4)；类型：Profile link / Forums；链接：Dofollow；聚合源标记可即时通过；导入日期 2026-08-25；执行前复核当前规则
https://youmagine.com/		FALSE		聚合源标记免费；来源：大罗SEO/High DA Profile；类型：Profile link；链接：Nofollow；聚合源标记可即时通过；导入日期 2026-08-25；执行前复核当前规则
https://youpic.com/		FALSE		聚合源标记免费；来源：大罗SEO/High DA Profile；类型：Profile link；链接：Nofollow；聚合源标记可即时通过；导入日期 2026-08-25；执行前复核当前规则
https://yourlisten.com/		FALSE		聚合源标记免费；来源：大罗SEO/High DA Profile；类型：Profile link；链接：Nofollow；聚合源标记可即时通过；导入日期 2026-08-25；执行前复核当前规则
https://yourstory.com/companies		FALSE		聚合源标记免费；来源：大罗SEO/Directory；类型：Directory；链接：Unknown；导入日期 2026-08-25；执行前复核当前规则
https://youtube.com/		FALSE		聚合源标记免费；来源：大罗SEO/Social DALUOSEO.COM；类型：Dofollow；导入日期 2026-08-25；执行前复核当前规则
https://yoys.it/		FALSE		聚合源标记免费；来源：大罗SEO/Directory；类型：Directory；链接：Unknown；导入日期 2026-08-25；执行前复核当前规则
https://yuuby.com/		FALSE		聚合源标记免费；来源：大罗SEO/High DA Profile；类型：Profile link；链接：Nofollow；聚合源标记可即时通过；导入日期 2026-08-25；执行前复核当前规则
https://za.gl/		FALSE		聚合源标记免费；来源：大罗SEO/URL Shortener；类型：URL Shortener；链接：Dofollow；聚合源标记可即时通过；导入日期 2026-08-25；执行前复核当前规则
https://zazzle.com/		FALSE		聚合源标记免费；来源：大罗SEO/High DA Profile；类型：Profile link；链接：Dofollow；聚合源标记可即时通过；导入日期 2026-08-25；执行前复核当前规则
https://zeef.com/		FALSE		聚合源标记免费；来源：大罗SEO/High DA Profile / 大罗SEO/Directory；类型：Profile link / Directory；链接：Dofollow；聚合源标记可即时通过；导入日期 2026-08-25；执行前复核当前规则
https://zeleur.com/		FALSE		聚合源标记免费；来源：大罗SEO/Directory；类型：Directory；链接：Unknown；导入日期 2026-08-25；执行前复核当前规则
https://zintro.com/		FALSE		聚合源标记免费；来源：大罗SEO/High DA Profile；类型：Profile link；链接：Dofollow；聚合源标记可即时通过；导入日期 2026-08-25；执行前复核当前规则
https://zipleaf.com/		FALSE		聚合源标记免费；来源：大罗SEO/Directory；类型：Directory；链接：Unknown；导入日期 2026-08-25；执行前复核当前规则
https://zippyshare.com/		FALSE		聚合源标记免费；来源：大罗SEO/High DA Profile；类型：Profile link；链接：Dofollow；聚合源标记可即时通过；导入日期 2026-08-25；执行前复核当前规则
https://ziprecruiter.co.uk/		FALSE		聚合源标记免费；来源：大罗SEO/Job Boards (L4)；类型：Job Boards；链接：Unknown；导入日期 2026-08-25；执行前复核当前规则
https://zoho.com/sites		FALSE		聚合源标记免费；来源：大罗SEO/Website Builder L4；类型：Website Builder；链接：Dofollow；聚合源标记可即时通过；导入日期 2026-08-25；执行前复核当前规则
https://zone-five.net/index.php		FALSE		聚合源标记免费；来源：大罗SEO/High DA Profile / 大罗SEO/Forums (L4)；类型：Profile link / Forums；链接：Nofollow；聚合源标记可即时通过；导入日期 2026-08-25；执行前复核当前规则
https://zoomgroups.com/		FALSE		聚合源标记免费；来源：大罗SEO/High DA Profile；类型：Profile link；链接：Dofollow；聚合源标记可即时通过；导入日期 2026-08-25；执行前复核当前规则
https://zoominfo.com/		FALSE		聚合源标记免费；来源：大罗SEO/Directory；类型：Directory；链接：Unknown；导入日期 2026-08-25；执行前复核当前规则
https://zotero.org/		FALSE		聚合源标记免费；来源：大罗SEO/High DA Profile / 大罗SEO/Forums (L4)；类型：Profile link / Forums；链接：Nofollow；聚合源标记可即时通过；导入日期 2026-08-25；执行前复核当前规则
https://ztndz.com/		FALSE		聚合源标记免费；来源：大罗SEO/High DA Profile；类型：Profile link；链接：Dofollow；聚合源标记可即时通过；导入日期 2026-08-25；执行前复核当前规则
https://zumvu.com/		FALSE		聚合源标记免费；来源：大罗SEO/High DA Profile；类型：Profile link；链接：Dofollow；聚合源标记可即时通过；导入日期 2026-08-25；执行前复核当前规则
https://zupyak.com/		FALSE		聚合源标记免费；来源：大罗SEO/High DA Profile；类型：Profile link；链接：Nofollow；聚合源标记可即时通过；导入日期 2026-08-25；执行前复核当前规则
https://zzb.bz/		FALSE		聚合源标记免费；来源：大罗SEO/URL Shortener；类型：URL Shortener；链接：Dofollow；聚合源标记可即时通过；导入日期 2026-08-25；执行前复核当前规则
